id,label,feature_1,feature_2,feature_3,feature_4,feature_5,feature_6,feature_7,feature_8,feature_9,feature_10,feature_11,feature_12,feature_13,feature_14,feature_15,feature_16,feature_17,feature_18,feature_19,feature_20,feature_21,feature_22,feature_23,feature_24,feature_25,categorical_feature_1,categorical_feature_2,categorical_feature_3
0,2,1.8344914455064252,-0.3711988572671,-0.30915853467193355,-0.016083543349577976,0.6060888237972886,2.332601220107343,1.5384816220239965,0.7658452593954256,4.100521749343476,-1.8492031476813267,0.30793855052342956,16.170709295217954,6.65689229584032,-0.44525954267130463,-0.32288744990923296,-2.2633360972354866,-0.219700711785982,0.0020958223282754227,0.15057928907427787,-0.08183141492107306,-1.1697464859378799,-0.2483175643382554,0.7872625666630478,-1.0008346087195783,0.26961908856989797,B,B,A
1,3,,0.3936431251060771,-0.012786009141353909,0.1927543579652686,0.21446356204245948,4.659628797811827,-0.21655435006534618,0.74940202021716,-1.6058644943771792,-24.5275677773979,-0.6475446497062145,3.075271143769189,-7.4174915536110655,0.559129877829535,-0.8023403840870312,-0.9142492297766288,-0.12525797841751568,,-0.2141753165275027,-0.3608475654537284,-1.9655881219341944,0.06802532453183421,-0.5062442215393995,2.1395656690748317,0.26284289934759325,A,B,D
2,2,5.991127127666814,0.5686364879880791,0.12858817646069368,-0.056320780455073445,0.7301532384369495,1.6286457804932035,0.4269159069977843,0.5128118669904846,-5.498064844456052,32.374697975001595,0.19955709861540458,6.3448625063854145,-7.925511333255351,0.8465821636164881,1.599580106156614,-0.3127709852931724,-0.4507074097097583,0.07571505461013786,-0.9693831374495808,-0.20040152934248626,-1.650081111515785,0.023206947345104586,0.010742896081906985,-4.10019460008251,1.395816923478362,C,A,C
3,3,-0.020312379800226245,0.12395708384969166,-0.33387488845927865,0.048680846392159076,0.07929178203768773,-0.6077125251254537,1.4429570547211634,-0.8154914808470719,-0.4720148560743701,-12.988362539149094,0.06477222161904596,1.6884850417071644,2.843173864722428,0.09411960752365772,0.27428554208797246,0.7395149916906569,0.06279306521462087,0.05916349805845157,0.14529098401014484,-0.3174510159089077,-0.29288584748649027,0.4207916113467815,0.6601008641003351,1.155975314337137,1.1266401295477324,B,D,
4,2,4.104250646469758,0.20279063271197137,-0.10839285535981422,-0.1930226594378876,0.08211358373828054,3.8915857679647696,0.3484190354864496,0.4424999284483432,0.8382219444651,17.802590927275,-0.03477727948465518,-11.294688424629001,-4.856651932279641,-0.47570340775155884,-0.5124642637676189,0.44512655242982796,-0.020767916049680608,0.0008916126516188001,-0.752399257772734,-0.1783953687449398,-2.2039884921502537,-0.06464502443479146,0.00731663497632477,3.103652189362328,1.0191316558811547,F,B,A
5,4,-0.3678525432173292,0.24432229151845244,0.2158368332796119,-0.10971661405531033,-0.6550935083282363,-0.9111019551880633,0.15301295927999772,0.2700472721820512,0.23675719280583268,-8.486998209191244,0.040885392231034934,3.135893991434726,2.545361475125168,0.8355472798983408,0.07698136423304268,0.7025251330605891,-0.268107008520543,-0.010945297619207569,0.4236905337143019,-0.08323921521957671,-0.8129531863842052,0.09787898298251775,0.6628673227175068,2.385217120443075,0.29630395171950225,C,A,A
6,4,-3.266113518311109,0.13407765523759357,-0.043360344206342334,-0.12661057394874287,-0.35262347631628954,-6.320219421833416,-0.04713574124107767,-1.0498508737489771,-2.453000729511342,-9.82901138398976,0.06445095319730591,4.138076904623056,-0.22136147572205117,-0.256494798538124,-1.8503915083606701,0.31714889175767114,0.24728460716356057,0.0338441985412817,0.027527582775444814,0.5390271753718188,-1.3217730831193164,-0.27259569941200984,0.535658439531604,,-0.14974081265580846,F,A,
7,4,-5.952946937377875,0.13158644422374088,0.3012733819494029,-0.028246396798234548,-0.39087470018519327,-1.4695189735306657,0.4159829191670022,-0.10334020816322849,-4.57340907123762,-4.419501436124171,0.10124466047511055,4.417821268385229,-1.5409598067744787,-0.40765971444699306,1.514132901713317,-0.956406597912229,0.2653068966339344,-0.14441454424522843,0.406738505710304,0.2611154261473532,-0.38233753765389955,-0.10461059170878415,0.8445130954181916,-0.6032614062752212,0.7399785651507667,E,B,C
8,3,-2.700067812086638,0.1689065773780106,0.30251280840388683,-0.0010812005858894976,-0.8152157382775278,1.176508170543325,-1.4267807611484757,0.05467882636161519,2.7466043260035438,-11.234594894592083,-0.14774733540277465,0.3824022181636174,-11.310167856534637,0.06908620189717729,0.7273781893948483,-1.7551254031844714,-0.4390184712970711,0.3405671756105904,-0.8012818692405963,-0.10397240194213976,2.3982743371620625,0.33588942464788724,-1.132469815578807,1.0491754419393498,-0.05120919004486519,F,B,A
9,2,-4.811203180404207,0.570501505734279,0.23893876368620934,0.08378631251515495,-0.8503064866806926,-11.896939924191491,-1.04985028967194,0.6863338312667288,1.6645306600368948,24.637894535323227,0.3050565587342324,-4.568796357443384,-0.23693916662872339,-0.22976378999185684,-1.2937569823050645,0.44222385424397753,0.3448231034154525,0.20333948808349347,0.2092428390379985,-0.004510779036502171,0.7101090439691381,0.2281930101715529,-0.31060252548817824,0.8364894932298074,0.16002790626396327,B,A,A
10,0,7.321627356843546,-0.0005422138433803864,0.21142581208315683,0.1075487192770246,-1.445033100582982,-5.713644809926795,-1.3140630367326245,-0.5535629509075204,1.8731823253266957,12.448917583940014,0.29988788129593247,0.09189364494956649,2.622209819519616,0.18571090231931875,-1.4492876112014075,-0.3580457108156242,0.010240967531055625,-0.044928502694752355,0.16240684662787416,-0.03160716106696218,0.6151366703455355,0.026246330395211424,0.6030531937332055,-1.5200930510246689,-0.5474953540975754,E,,C
11,2,1.934524404127947,-0.14259307899907636,0.31634313467439984,-0.10062474607272923,0.5425223863538315,2.177570455829602,2.9195268660797233,-0.5478591069677441,-0.21341514673557702,,-0.09370119957730329,0.14997485618690243,-4.759461270774121,0.39830900194563823,2.4353324078384,1.0438357186019052,-0.21764037600069705,0.2806907297973252,1.1485567592157138,0.012294701868656258,0.3098914058602334,0.17367329709253743,0.9938957603930322,-3.352989494623235,-1.0944161402811954,F,A,C
12,4,5.3121917023808,-0.3117977906993784,0.12780652668198828,-0.05549266647162047,-0.4328316982165405,-5.093069866794865,-0.452815429431254,1.4925785052807539,0.0941067837385901,-10.30001195902797,-0.040401511179249845,4.805877292623848,-2.507565892597011,0.3371707257523817,-2.6816433542341724,0.5299297571401951,-0.39033665491007025,-0.19870198866589173,0.20518359849653345,,1.764297747897705,-0.08150582389482282,0.060557013167478156,2.4959933782393535,-0.5873400644241557,C,D,E
13,2,5.733609862139181,-0.3425962557068613,0.248601966426089,0.03759727070780625,-0.3471015107432577,6.221256030720708,-0.1487518337394243,-2.541680925700416,6.122023481190701,-7.062353972729666,0.08917770677180968,-4.29724033142556,4.647692680190942,-0.8940580513307952,-0.11042714730970092,1.6690613224495803,-0.08135273949125604,0.12050551789912227,0.09968705242235994,0.6073089818312623,-1.7996339857781742,0.12669237355383245,0.5436935094952634,-1.3543484273364343,-0.39707523477978296,A,C,D
14,1,-8.309825795061586,0.3594449132787961,0.05611125673535871,0.05771195820991224,-1.1058585510643102,-2.096298159352966,-0.46918129910253825,-0.8950464824921048,6.515597856079952,-8.409349899698753,0.7837752440976474,-0.9639734136570565,5.816709618443496,-0.7262820361627955,1.0140760783352527,-1.550202744186954,-0.23079195517148768,-0.029062332919455192,0.030502046014072005,-0.14822690398780056,-1.925058960389928,-0.0467341953425983,0.09524262237829806,-6.021037376930189,-0.9639566300069103,B,C,
15,2,-1.9867969371858767,0.13685799942839716,0.2578205990415483,0.08228086342632919,1.8285887752319205,5.567258288758782,2.722415779744384,-0.9662711535238466,,0.9365771394719233,0.21614557383742647,1.154114972025344,18.37476109745823,0.16642859650297925,0.77858697226385,-1.8574086323538614,0.4529183412363937,-0.03774625378460284,0.8299413515580074,0.17280401993920336,-1.7783294389815019,-0.21521512355156966,0.775989188517513,-5.574678399095605,0.749661491045918,C,D,C
16,3,6.595138147980554,-0.044037086385866155,0.18729526299991,-0.010817264764463153,0.44011657467760734,0.30981375079512824,-1.2512778432424476,-1.0774850587192473,7.838103877398732,20.713489174322177,-0.32339485614041136,-1.7015410565896907,12.574673092392644,1.1800650170006093,2.002755782680575,-0.581266479199159,0.5208637222412273,-0.03217545150747402,1.3081886299013386,-0.016126300573549843,4.907151691252987,0.1485624116397893,1.3791293818833605,2.61603920211136,0.3833572614190023,F,A,A
17,4,3.2579514595263226,0.32354614085943334,-0.286710916385964,0.020956522710414777,-0.3771505188857514,-6.733251032567207,1.0205956967034815,0.8462505179305675,3.6257203162439184,-24.52814237838324,0.3622403250656398,-1.9172129167244132,2.8764703946319363,-0.463961696752142,-3.2256440515290787,1.7421298784241877,-0.5295620326306801,-0.11394116634702187,0.7669986321944335,-0.015384887515722078,2.8212987114031134,0.08423167380458536,-0.012810450843996334,2.7232338765002573,0.6783973119572023,E,D,C
18,3,4.92057289611133,0.09215063061436986,-0.19852538376255835,-0.04125046734281043,1.1257926881517757,-0.02836173684916263,0.11443452928118379,-0.2646474738095942,1.2553132767059343,8.891334294748841,-0.3389945296104654,6.333574858457476,6.144143619825193,0.4330915988322902,-0.08063575761878486,-2.6929914609104397,0.5991087892005428,0.03929794344248519,-0.3392060464329168,-0.12967452037548038,0.5877881035334136,-0.007825750810335716,0.5612496909069323,-2.270037277312564,-0.8951270133534869,D,D,E
19,3,4.5340452760938765,-0.07479110266517497,-0.6416459917027526,0.071403717415907,0.6533248223442859,-1.192458679055698,0.9387440996131768,-0.8691973809461516,0.6689642882270469,-18.09257255781233,0.12636815374634988,5.842576402815392,5.127969481048166,-0.37051047459349984,-0.47002107801187276,-0.04548907902572644,0.7200986901629657,0.08621191285389436,0.2215427510260103,0.22416948226823902,0.8228147844801952,0.17696493817353476,-0.3580618091138158,-0.5911370999911569,-0.7418282155526326,C,A,C
20,4,1.2765811254305242,0.01594582762253465,0.0881845288521892,-0.03341722549426951,0.04536495435292875,3.057332057007603,-0.7899589177146892,-0.4392827417251834,-1.7674548261863356,-3.733676668334071,0.12414377310051147,0.21266554027896672,6.149503966028356,0.36904004546465774,-3.0087066753113696,2.171716437183387,-0.1848533768252585,0.13417600563142598,0.5952226341142164,,-1.5965399709280932,0.014762833717678099,-0.23168082140947707,0.45511113811270393,0.11809393472071011,A,,
21,3,,0.1988293538594503,-0.18329031893226203,-0.07488830510163362,-1.327938832881625,-1.6031357469487073,-0.36504736888363787,0.08307234415876809,-0.5881982075464257,-7.881533182164676,0.2942607502356499,-0.7240492849383674,0.4359140071582334,0.2703126856668119,1.1647100866496034,,0.07214956172591985,0.028982556847569046,0.8291538250786203,0.027959544918442155,-1.3800881325535752,-0.034706782191928166,-0.40671331235146907,1.585678963196013,0.616426197870264,E,D,A
22,2,-2.538694038979528,0.1586373217604692,0.13794367834384758,0.02084440910251535,-1.468922836456998,0.1583396331581682,-0.7900232246954191,0.18733126685227985,-0.5101918547793339,16.715324824995186,-0.0718354375062778,0.14872638899914142,2.2245108325772476,0.7417545131451533,2.027166597749135,2.007998211357791,-0.16435692206605354,-0.040953053238772456,0.4964033918377576,-0.17688745655069416,-3.6808078966741,-0.04471420644450502,0.012322360630785078,1.783135076774493,-0.48991137765175463,E,A,C
23,2,-1.345290222104346,0.21349848201413466,-0.23972315072871492,0.031341579788126635,-1.3021988846225803,1.8373009815587953,0.45894094207167935,-2.095405353999953,-4.466634917489771,-7.18049669357333,0.19348692950566443,3.5811427028563956,-4.640457383260627,0.9882973484660564,-0.3813380642451736,0.5091525379297045,0.45489807084404765,-0.1531682851022625,-0.6029387463309333,-0.322935939717115,-1.5843510390900408,-0.19717733184891548,-0.9040776205312416,3.935452256746785,0.27262810933722537,C,,
24,0,0.3023171374049506,0.07494408894364277,0.29669213032742026,-0.1841246209385935,-0.759010841051298,-7.137163650106095,-0.29257728969051955,-1.1340875507965518,0.7493197719614392,-0.9701022993407554,-0.43631010532975767,-7.334790213607368,6.4808089850113575,0.6854490201550405,-0.7807271506584,1.912032466926504,-0.04816221903886633,0.040963305908827165,0.8488064086767588,0.1986891671795755,-1.0248032109267677,0.07348179827774451,0.38046948650509654,-5.620470626472724,-0.11351359358606113,B,D,C
25,3,-3.4148099046393434,0.2600777207637942,0.3089416837453037,0.05419835718966051,-0.292651302988636,6.029150263988757,-0.07587199726544716,1.1081730116229063,,28.219234113230783,0.08430340112760876,2.435521021884829,11.940260475923248,0.13694870451706637,1.3048424841690272,0.1594659562539424,0.13839711697852683,0.147886041469907,0.11596909649703448,0.4192307949287637,-1.272056582117533,-0.10741841526244518,0.05522762511867692,3.453149236296903,-1.5584830190552343,B,A,
26,0,,0.04663822424482971,-0.2941907159950719,-0.0400501755416433,1.2800071893975487,2.0399650147948574,2.0310904626596082,2.254292557365194,1.8046642280992964,-16.740405389256694,-0.27289939036489524,1.7490258440710615,-7.262242017425125,-0.9136389315798029,-1.5482896917819609,-0.056228449918489964,0.043272196373655675,-0.15131671512523806,-0.28989528086115507,-0.4396350396694649,-2.588359496877274,-0.09480961894031043,0.5094833062934513,6.322682394549802,-1.3592772974756115,A,A,A
27,2,-0.43670706380493335,0.6030864874458352,-0.16545404013401765,0.13439092200832028,-0.7754667529484529,6.1552659817211,-0.20783806422677573,0.4846929112270218,-8.128783857952927,26.440550935779047,-0.0720226506313647,0.2491124764458893,-3.730799201338261,0.05108521778986042,0.7512608109846721,-1.1782694284276178,-0.2170333326378153,-0.04097683327542895,-0.31646794855454186,,-1.386718900365321,0.1442994789041343,-1.356586120466252,,0.9091909228268734,C,B,E
28,0,2.798286206435129,0.1849114404288249,0.4565781448047771,0.01148298826932077,-2.1444239824690996,6.546916567022156,-0.00925973364206703,-2.213534753121724,-0.20154611146836166,,-0.3721174250857281,-5.181360361601754,12.970246567688141,1.881466165289356,-1.3248182307658947,-1.2115220910689617,0.18154181228518246,0.12078510427395821,-0.48344555712893295,0.3135447728083282,-2.518142054394599,0.23297239338864215,-0.4421357985711808,5.022109095492563,0.6764127850674699,E,A,E
29,1,3.073451904786316,-0.06336362041615844,-0.029718449847502007,-0.0631256563513297,1.449242365739504,-4.313048344846673,-1.1714488842403488,-0.4839591624463697,-0.2229384485581416,-12.197757584592066,-0.899288425384745,-5.9141394868261115,2.2214473983301963,-0.0334479093077108,0.5049764064250117,3.3081394619143816,-0.8958815949518514,-0.026528355445180108,-0.24774021930694237,0.07963521029940511,-3.8044279728209154,0.14028135608321365,0.5283497679431131,0.08887268121055923,-0.748364242088304,F,C,E
30,4,-5.052461672690035,0.10101401231253171,0.5460221418195532,0.04896512239454373,1.399777013445033,-4.605476297286914,0.9957185858359899,2.279521833237207,2.1225207306325684,,0.3012149942336825,0.9554541329293805,-6.306168118957455,-0.4898157577325022,0.48401159692413726,-0.5710513753242286,0.24602620593327587,0.06008917875015627,0.28647650197950597,-0.15719422893231472,1.9546840015323832,-0.14998351823787018,0.22465344627683229,0.5270425047410068,-0.654231179836941,D,D,C
31,1,-11.640960958512194,0.225295491252264,0.35854306485018406,-0.019220147541222487,-0.7178623433321838,-0.07627145290996594,0.009968719100373545,-1.0188110511674446,-0.770342429761136,14.694401912850987,0.21962026741713153,0.7737591456259959,-3.959454380858213,-0.47529948474425027,2.2326440571596033,2.256517806385629,-0.41551174956394216,-0.1555759090696792,0.39799617543313015,0.1761447802352635,-4.149411737118252,-0.03151698149345016,0.0229282433356153,2.733018991619848,-1.3754671746321159,B,A,D
32,4,-9.308209396855244,-0.1667423515619152,-0.1595041694434937,0.3740718856056327,-1.1089331893572272,-2.7968031993746134,0.7144357541711144,1.4437335262342268,-2.171059012013963,-3.059695105457399,-0.20364505609246897,-9.720398991954047,1.034271757250535,-0.4274727705810332,-1.0929205044721784,-0.4626153294766865,-0.4866424191754905,0.07539948948419023,1.205001381577701,0.04364682764793983,-0.02395037077618724,-0.010958038196727556,-0.7336988838154734,-2.164253313162515,-0.15636493476638855,E,B,E
33,0,3.3066686354719397,0.08296815505971065,0.18790613226678327,0.016949789036159225,-0.3200160157969955,-2.1581290230704386,0.7113520744260664,-0.818617115072525,5.365041520022399,-16.513158730881077,0.06690765297747142,-2.946731462340636,-2.453902202816826,-0.7759404475898286,-1.4750861389664005,1.7764035295,0.19970734337017532,0.2028074843929062,-0.5108861728179763,,1.13349714782783,-0.34368742909604555,0.7519383613158338,,-0.7373180679771523,C,B,B
34,1,-3.613473049041241,-0.42050308662288094,-0.3573746797248918,-0.22009068181786298,1.4426982396338583,-6.181180081073686,0.8569510337759972,0.660545756253551,-0.2988120214076376,14.123318271823845,0.5317036418953599,9.40981589939012,5.901510632448705,0.33647089740064734,-1.6855434215220588,-0.7389783142780355,-0.26804659723891333,0.24570225119401443,-0.24018965979206705,0.21404038019249474,2.3394833022182033,0.16376761821517719,-0.3141467473805759,0.42488001695986166,0.17370416699251637,D,C,D
35,3,-3.4343892401358547,-0.199723883864743,-0.03652933476665134,-0.012761590680712726,1.8951502841959882,2.0195900728087803,0.517318054260592,1.6121137882070609,0.5350221244702738,-11.38348533038867,-0.5109354750288126,10.503758843567002,2.9792771753675606,0.9184164981506833,0.07084315227328723,-0.3921138927238762,0.32293990286756397,0.03043143252632532,-0.09378932114912288,,0.3331953556749229,-0.051489128082663496,0.4903564112369354,0.22826535625452174,0.11611864383038495,D,B,
36,4,-0.2616232388295013,0.029757544669969594,0.10964899842809152,0.05551814662049317,-0.8614038304634682,-0.12423173405497298,1.2140631255252834,0.7836777642409144,1.8954863996352826,-1.037924340425787,-0.2063505993450789,2.7728029661663154,-3.3346429392761494,1.0180033203563394,1.4355864185259333,2.1772017441824145,0.00046149572186723295,0.1076772468479324,-0.41399493345965305,-0.10958312804361663,4.123416335067564,-0.0291182044785426,1.0428776454361839,1.966612387408049,1.237364429756312,E,B,C
37,0,-0.30918007059388314,-0.0944674363720452,0.38539388413811204,0.08284089569277055,0.02848140441110598,-4.099680433669227,-1.2800020826777276,-0.7901223298305508,2.7260318818785967,-9.235352280792092,0.6863438234858613,3.9799902046931512,-3.21597555977932,-0.7879746137421344,-1.601638364113126,-1.5705251816808343,0.42339309065372266,-0.07855762020927538,-0.03832768074913327,-0.0819765398402121,-2.222917915398595,0.28927568566385403,-0.24204802197691516,0.38025954161755166,-0.5499031948113765,B,A,A
38,3,2.27673116973818,0.07786813174955873,-0.26907217261582594,-0.12998410257696164,-0.21365682118685184,1.3843519477820745,-0.004431431387920219,-1.0463277082544558,-3.531264216932674,-0.6911683808579634,0.14478146829474406,2.336093435415918,-2.521210651043181,0.0796345840212665,-0.058356220874856105,-1.3468137387187855,0.05666251199801749,-0.07311738302644624,-0.1996047438912953,0.13108096862806054,2.4259914368270863,0.17902731607711558,-0.6838016821002435,3.9219071399694383,-0.27626723003675374,B,A,B
39,0,2.3272866788995015,0.15903097874955135,-0.1352443821531385,-0.0694017484444021,0.5916945656574464,-2.932422276422168,0.5040660345887362,-0.046502254873487976,-1.4894065080822585,22.574355030349725,0.1687386026322046,5.672722763930247,0.020854968860425344,0.7761030183462799,-2.6311683211741705,-1.1289824497753282,0.07603192906570856,-0.1546353100778772,0.027033854127324716,-0.12513572976357634,-2.485038397809517,-0.04219531573108733,0.25402697251130774,-1.3201623129903801,-0.8327697491124817,D,D,E
40,0,-9.271691191984772,0.3325600758233091,0.11392408581326031,-0.026222567878814683,-1.2729186473388485,-5.231278133559031,0.14999730869573685,2.5032757128085166,0.2113355178316119,31.101882086088754,0.2200157227211413,-1.8616795304949147,-0.18773916911818161,1.5092000149229103,-1.3691456707861833,-3.0552469806695486,0.5128444955866136,0.08551380415625368,-0.3976204540606416,-0.050877391023359975,-3.593226364595824,0.10824754350136533,-0.498913188872962,0.06009593159214844,0.3292176257384702,B,C,C
41,3,-2.562971822162829,0.1263663236099274,-0.023715044665329057,0.10641228227998165,0.7307260977470722,5.888928944691524,0.20222902287837868,0.23116903093389438,-0.9670058552516421,23.919797736126974,0.6405239463822949,4.506118065062502,2.72127552584347,0.3563026914233707,0.9300758482819855,-0.2910612552959738,-0.24275937536712008,-0.08114066635390994,0.35273798108059545,-0.047000779394383144,-0.5343428401638493,0.001621958364617956,1.1842216014325915,4.751052669419942,0.5121235508444164,A,B,E
42,2,-5.343541827794436,-0.08633964407297055,0.04830953220550263,-0.02659890544023158,0.4334567567172674,-6.682526803591692,0.14491761482768045,-0.05836934106457318,5.500176175303737,-4.430276982762207,-0.37579380487742575,2.2010663800100705,-4.680925766534387,0.0638210342836477,-1.4005042433896888,0.09278144092068163,-0.28801639658346534,0.10539104527268874,0.8986125839534354,0.014701250201640476,-4.031648315872165,-0.24814651730333082,-0.054422873734411764,-0.14805392604058637,-0.2599434749190054,C,A,C
43,4,-1.917069149383421,-0.05826748407254301,0.13298764190616635,-0.1673290144748519,-0.024825662414457585,-5.888739258651098,-1.983912384653949,1.329621627976832,3.451975374676112,5.217417198536089,-0.03825968690144052,-2.616632200839337,8.042506314644779,0.14523223532494703,1.4119782357294495,1.0394193148753463,-0.22667372587014115,-0.029193841664821432,0.20554452188359254,,-2.670835838613495,0.12989263228435174,0.021745476717396024,0.7883219056605004,-0.7244296077115151,C,B,D
44,1,4.652309776906908,0.30330628250538294,0.31596075527108075,0.12451112795705749,1.7045954159087573,-5.719441524971094,0.15751156246583636,-0.9114565223620246,,6.1262909465546365,0.3542791094485136,3.6615090349296486,-0.6439669240798274,-0.4393191808650322,0.5282425253407481,0.5352253103936709,0.6514488588713521,-0.12901760893241596,0.1027662940470473,,-3.9840301293271536,0.34261488399718176,0.4862343909958432,0.27316509948029877,0.03726090489810446,F,B,A
45,1,-3.1486178075668407,0.019900556306846555,-0.15986221526345243,-0.07352119590698163,0.022802154870584117,-3.7223626765303743,-0.5265029001474358,-0.3990416724292085,2.3407078463627258,10.001481629236608,0.5320410858128694,2.4445042429037236,4.133428608641688,0.27513152650216216,-0.6603139456103762,-0.3696966368624633,0.1509529615016978,-0.08849990272268601,0.34825606626601624,0.49052356589718066,0.5671252294937791,-0.3504959192814189,0.256445588942908,0.14730738537440122,0.012966152856744706,E,B,A
46,0,3.0884698011171396,0.15642630420506237,-0.26560660471556824,0.16961488309937559,-0.10975914688652787,-4.188077397910542,0.36605777213168633,0.6962251332266157,3.108264558265523,38.37383048442824,0.5321055553868789,1.6309664646334365,-7.779627966959484,0.6258764560696956,-0.47122708823229253,,0.5427510445961261,,-0.7908660708683308,-0.06273897134426344,-0.46483048276917943,0.05447100052177533,1.5086471733987008,-0.6849414112912298,-0.531776403778436,A,B,C
47,1,3.7359813856298496,-0.11108557835010782,0.0861153533918866,-0.12501682656475108,-1.0027278864698372,-13.139277756458094,-1.3204709894225877,-0.5196839193742054,-0.6319011269671654,0.7197324453452525,-0.11904729062199938,1.6853961096448122,0.15424684649076326,0.7602028684890884,1.5881517031789698,-0.5825195436977949,-0.5324428791337362,-0.042247512731093936,-0.040330605890100034,,1.4043543267643224,0.24226368893225111,-0.058063014264572256,0.47527184137806233,0.3393075490807314,D,B,B
48,0,1.2076036067384577,0.18498521540567078,-0.644379899978378,0.11119709022097614,1.038433089465326,9.072837714407015,1.7216734866734036,2.666762703124632,2.1921122155201003,-29.776408323693495,-0.23703788015558586,4.076312245804942,-6.259537052370647,-1.0253432497711186,0.026100093043522336,-0.5102818137217442,0.04101286615752533,0.10976207111528732,0.41799274233638606,-0.6604304573577237,-4.641929119765524,-0.2774768002183442,0.001361632037448564,-0.008912379102644896,-2.0758658549885447,A,B,C
49,0,2.874142555482485,-0.7761692961234972,0.2796569479525341,-0.006571710820233232,-0.09542488524886324,1.4760943596130363,-0.7130800774639942,0.3797055477975871,2.3063329561798778,-1.1343588486676577,-0.03722280437881171,-4.532530800377273,-8.776630333178886,-0.6810947828227062,-2.5075775771011597,1.7876362883694723,-0.5400886913475273,0.04114525558902126,-0.5686895849754152,-0.029037254574096647,2.8962674452965538,-0.06479957135735286,0.5612416354270716,-0.4542744696819078,-0.9305530987517545,E,D,D
50,4,0.5058849623023747,-0.01358225099105494,,0.05858173179049986,-1.1963417600633979,0.4710938261673401,-0.029442540136177628,0.27429333430359576,-1.4240412685775528,-6.5164098560141435,-0.04183198343677287,5.903307877975382,-5.365120931604794,0.20931125277832757,-0.3452791132437218,-0.836870085617668,0.35976243838822014,,-0.6564772011002469,0.10465756233137816,-1.9739714565862576,-0.06137800827650518,-0.7859761592030147,0.4495596776512177,0.6413661123794944,B,A,B
51,4,0.7861666811948841,0.057983475116263186,0.22666608777285774,0.0909852157016005,1.373430525847062,0.26625449071306573,-0.5755282711666831,-0.2620082745714043,4.078752480601522,-5.654961804548434,-0.39430988521814453,-4.983844362893647,-9.368384645304568,0.17726973067771953,0.43936463653783564,,0.33506648379319653,-0.16978988004681775,0.1968467426054737,-0.033853035380197176,0.09686050841171251,0.035828507021880736,0.24404006853289584,8.909597636078626,0.9545403083973104,F,,B
52,2,5.5602469240556465,0.020275808011264558,0.21757817615825764,-0.003046633074264678,0.8768454414663881,-1.1498877258391882,-0.8644496352057147,0.8588564811609228,3.8092473651305907,29.339855063922485,0.6319806678312517,-0.6011232645589071,6.673973889242588,-0.17027166839195992,1.877161569461785,-0.44725756898594193,0.7748259851905736,0.14335993731040064,-0.7410265388267073,0.0048255744700866085,0.24312347390636857,0.4757957763192881,-0.24414994196834747,-5.47090024281819,0.6242786566990313,C,A,B
53,0,2.1096458234312503,-0.16182446444168297,-0.30511850899331094,-0.015347220770444174,0.8315811385327121,-4.44338085938438,-1.3741973515970267,0.8721605741696125,1.39663037971819,15.847652452063581,-0.19913125317767444,5.947778071022889,0.9141481150495132,0.5913967858088781,0.6743599919130692,0.26520926373943793,0.17527986507679041,-0.03641633288284515,0.5109945040986125,0.051122082116814925,1.2462803220903722,-0.010123526892191648,0.6233749890249404,,-0.3163917682909471,C,A,E
54,2,1.0545794732421816,0.09998007434010761,-0.27982865777270804,-0.18393047178453387,0.4104223451890536,-3.3463623844699044,-1.0087395149461131,0.7482136008576665,3.655377304785604,12.006972987670148,0.03670552457501553,-0.5574844511791849,-1.506052357665635,-0.16394478151652994,0.24024774159806364,-1.9615015761257815,-0.26744627886563827,0.0362813737538804,0.3779425128927675,-0.11718837881677767,-1.8499378555141133,-0.12795169312823415,-0.27822332502717906,-4.4495363680598015,-0.1922780151753836,C,A,A
55,3,-0.6775430762815926,0.24103789480668172,-0.023125017028888268,-0.007164115067019595,2.035351168171618,2.7027604790470163,-0.6339192366429083,-0.6217459569762379,4.296042402526367,20.44816148469864,0.20243341729705872,5.894511782678646,-1.9611326927776662,-0.6970563006046708,0.7469863980579128,-3.892232786385215,0.754537537979078,-0.09994070487768161,-0.07895935102583847,0.20435594730308074,-0.3962637450565066,-0.31558788746382777,0.16206106651981148,-1.5096852504186191,-0.2378033499541998,C,A,
56,2,0.30096042390851774,0.23406511819599018,0.06939746186098544,0.0756481748824412,-0.12327204983864709,4.854674276341067,0.9658313188391419,0.8041050784889547,3.4196726295243094,10.067367168614139,-0.19624200725247465,-0.9601835033741318,-1.232004122518112,0.7543988301793555,-0.6939044079612958,-1.9839618149852076,-0.6569155104515013,0.08009192831008684,-0.6549700222745832,-0.6158441120937591,-2.492938719591486,-0.06614649857255905,0.5254159037188846,5.6928217753678325,0.5411113444479989,E,A,D
57,2,14.169079203415846,-0.1622314531849549,0.03898822632502285,-0.22453821851858463,0.5507000137274923,3.4782716600827093,0.3364413516285852,-1.1336730766800527,0.4553747371650676,-17.831623538361715,-0.13031208493774102,0.3605800622342117,0.24134836368720197,0.5115957331531373,-0.6420725392409843,0.13159888721658283,0.6072539888109209,-0.04169371719810733,0.33801432037469786,0.15769030315046306,1.12011175731866,-0.10482665222322184,0.7568223508507572,2.1323045559509133,0.3171197967983053,B,C,C
58,3,3.237836944412321,-0.279915829302806,-0.5339822542290348,0.25249184556702414,0.21365508367753885,2.575804974063614,-1.0793736611720852,-1.1372873808333106,-6.63383154623059,-18.0746821474376,0.9869576151082302,0.7468003411761783,6.681141830719961,0.9050920863483058,0.2731603252072509,3.6711531091450174,-0.044709007532124354,0.11254834261602543,0.24173431248064323,-0.17015240240521315,0.664144234479584,0.09442296046827747,0.3029455042432362,0.08604367848619143,-0.511978936925996,F,A,A
59,3,,-0.1605118782284787,-0.03742647226327206,-0.04323115382823294,2.4497785769495937,2.755502540999453,0.7540011324227853,-0.6238440524535274,2.825586724414299,-29.35611984320961,0.09837200710034537,-5.6676164936871904,3.1628204416063133,0.7927216892845418,0.20890640652659437,-0.4445599960372815,-0.4434241270201624,-0.18582675443668303,-0.5338953134318914,0.10184029573559258,0.4278251591799241,-0.1970849799038529,0.4721855035373087,,-0.056094354110732714,E,B,
60,2,-1.6507657447319084,0.6082861300337337,0.3250388314878604,-0.044344592094703233,1.1438013633711834,-1.976075754944505,-0.6080856552887774,0.25445596275373766,2.879094724938846,15.395550936623856,-0.3014023378616558,2.9275257142387656,-11.014732519313368,-0.5345324061903537,-3.155367023106056,-4.213173480921722,0.9659716517882448,0.12865077871890668,0.09940099686198899,0.3240916862660271,5.09421135955228,0.09425997097828337,-0.16905173847290397,1.3382739600198739,0.08216987192362682,A,D,C
61,3,5.099965718696892,0.3313198311186373,-0.15935756418189664,0.11586558591710659,-0.7755618844336057,0.7811129093089485,0.35259407491469374,-0.6360717453499746,,21.722989508878683,0.3010451635904048,3.232673432792464,5.990202656783213,-0.6913724574208223,0.8516484361606883,-0.3921649296540052,-0.35591153776143203,-0.026691603846493432,-0.19348965391429102,0.20133905282111342,2.7783660793886664,0.09559224098621563,-0.1553502582177455,6.857508176020608,-0.4557554249347103,C,A,D
62,2,3.960633699590109,0.206929638386697,0.15105050584002414,-0.0362565548621826,0.02989337844966811,3.107412918026898,1.0929116494265365,0.38260923886867565,-1.3719034646017363,6.823907180398963,-0.11396797011240158,-5.714194874664555,-1.7470136532318588,-1.2126851531037528,-0.796509672892246,1.0452804389524624,-0.5161382572065738,-0.2588460034319461,-0.017703438537204283,-0.21250504700793119,-0.6122993405126786,0.1081529483541893,-1.0280260013814968,1.7569940689848031,-0.10845857657634045,B,B,A
63,3,-1.6990516552433041,0.13051518865067044,-0.03047053670010323,-0.00498851272249891,0.650920628325448,4.899063318545852,-0.43268430915829553,1.896136227108599,-1.6913900537410116,-18.0344564672321,0.21738040942000839,-6.802214304745166,6.892501540991118,0.3111456785771943,0.8736865087253334,-2.3896139090548787,-0.05257710282826208,-0.07556001445342939,0.7545591732655694,0.17044834736364603,0.9383344749736645,0.20159316122413592,-0.9093266271076014,3.8685783160758462,0.20113601793025349,F,D,A
64,2,6.043954737209761,0.369185884789279,0.1032363639493643,0.06235553346466553,0.8647900981751431,4.563608934805188,0.4899211862940807,0.020016672356641608,-3.065718474785386,7.776695564442155,0.3361508008557619,-7.258509263575402,-0.8042733442867408,1.2193749994050087,0.3688892118921583,-1.6489462296456094,-0.11703901527452443,0.05733021666732764,-0.3845031651421717,-0.29432090295566476,-1.3262646837347605,0.28663373934341574,-0.412995304511696,2.6290201219333493,0.6319547255236667,A,A,E
65,4,-9.143792289048191,0.17830543335934151,0.38204770774797514,0.014498507624638945,1.042265997897428,-1.093853680016721,1.372795259393461,0.9286579515890154,-0.8139217582717351,-15.267182101699708,0.16252430237654586,-1.4864630408256778,-3.003377113398658,-0.5290535892162537,0.055359163727360786,-1.1541858985110762,0.5128100583188231,-0.08062659410263044,-0.01741952876134207,0.332392658210102,-1.2104571381188793,0.29753189853428214,-0.4946012299439574,-4.310186134049216,-0.50554875494969,D,B,C
66,4,-2.1927371792408,0.2336615374407897,-0.09455937574482431,-0.07843031334991699,0.8182660209406901,0.8496325062999459,2.259230307174772,0.3250804357114522,-1.3901629869914827,,0.08266955977603475,-2.003459148570187,-3.5505074701611092,0.3419530363763859,-0.2079458592277437,0.2558922007746479,0.05363714782662745,0.14519389891961199,-0.9489331110962819,0.04822807727744805,3.8279195173523246,-0.09902523676428898,0.38338366836693294,-0.3478847816962899,0.9502936721621456,E,D,E
67,2,-2.6918434299922347,0.18439230404190754,0.33677249199386006,0.08043059098858184,-1.1755705575100932,-6.511303820938473,0.48506961799376636,-0.6288168055831327,2.273631336000254,38.41587209839591,0.4764320871371173,1.6940001414620316,-9.634141790137356,0.15813461996562295,-0.07011338822333109,0.031076018134038413,-0.19778288933364851,-0.07287313231141182,0.7340603452314406,-0.11804839932136083,0.09360183927668668,-0.10386588192390228,-0.010689754617900045,-2.1409895884050614,-0.6870366094836143,E,,C
68,3,-7.239722675857772,0.23304401501201566,0.09024128325801203,-0.018579982777793415,1.4289747164994828,-1.7767150896672668,-1.6228489858461352,-1.1448989752543257,,-1.8440597247149073,0.38223501785114516,4.109825821423214,-3.686541363098642,-0.4356417356172206,-1.4740060168975295,-2.131432751694302,1.1098775533114584,-0.192716757047091,-0.2395438421462265,0.12465686376217157,-0.4219790324127337,-0.00733821601256596,-0.4695864346388317,-7.5085613544598395,0.5765492631532633,C,B,C
69,4,3.4495235186110382,-0.054945134621959296,0.10992910291200599,-0.010851783681543235,-0.4777489108750073,-8.041004234205948,-0.05463134613884665,-0.0543979561636792,5.0737079563459,-2.1680648779285097,0.02848291143362704,-0.9132502795500832,-4.248604150683473,-0.8120237243903345,-1.2970091290676864,0.670230698856051,-0.5265604827199977,-0.020620796552585877,0.028849156317739166,-0.19194017164642788,-3.6269293355970724,-0.008612426740909037,0.07390603457684797,-0.8861946062253659,-0.7373419766635847,D,B,E
70,0,4.067890926980539,-0.12508873704926818,,0.11697189738753122,0.5921699451390201,-1.071197790808418,-1.184698858006886,0.40959853106022837,1.5892833276962124,-9.10442668697383,0.6624379941697801,4.63362617966427,-7.752836313882621,0.1647627312265869,-1.6643123225761005,1.2549645282322828,-0.9533177253416508,-0.010735816966819568,-0.262423140184233,0.29989249819386044,4.720261477997255,-0.08962936090738698,1.0133943718973402,4.248463324988395,0.22522753790536748,B,A,
71,3,-10.662377718774806,0.07019556422131952,0.6061626711612192,0.007879939975026087,-0.4301714725642788,1.9662160833267335,1.0741329671781903,-0.07251633233502879,1.5330194074676846,-4.363854733876477,0.4271859448196796,5.368571893599787,2.2200757409370953,-0.24293654028137343,1.5409687152347404,-1.094135484408098,0.030964274938908833,-0.20932056898136722,0.6355611255296295,0.43421699130538016,0.07893406032235441,0.3127097327131182,-0.24275936996086828,-0.6049250323937502,-0.24966510407339476,C,D,A
72,1,-9.71037593862499,0.6014384665184968,0.31877752127648934,-0.09214711959324345,-0.22510231766659447,0.48369843018850095,0.06530027616765123,-1.3688708173714097,-1.2050352448355928,17.216538071358595,0.2900429168917487,-16.01627447781033,0.06048155335678541,-0.8516057193351875,1.3913988170132388,3.0884782978866685,0.15672396247641504,-0.011436203390510782,-0.1111330541594589,0.1409384518933731,-2.5113133380712287,-0.2019593480435822,0.46912700956364517,4.703214942319267,-1.6190739399659662,C,D,B
73,2,1.3374731994262465,0.18347080214128877,-0.027504379006408005,0.11758617363682909,-1.4461998212264517,5.538369088012845,0.5963109967089448,2.027182351387611,-4.425732826127714,5.141351219332916,-0.12220085418688247,7.012159358296852,4.113276175666491,0.3312080085147688,2.7219609023079063,0.5804814872061836,0.23566142868719905,,1.0344142463721944,-0.24780827965270155,-0.7202865869253028,0.21480569570956995,-0.15407037207219113,-3.065272233064498,-0.24625410039074982,F,A,C
74,1,,-0.12349473110970319,0.15117650028091512,0.004106937787934772,2.969439748357765,-3.7429072253646845,0.22541271311826258,2.316230696175128,-2.130722105810261,16.05056331885755,0.5318087518122442,3.9810664249456327,2.254580790159194,-0.26390552990958216,1.095353850241283,-2.7202000633840866,-0.5416209753318533,0.2711345734060718,0.25129963788046844,-0.2625691520457274,1.2596810391939268,-0.2574499601519428,-0.7766992082608494,5.0622806487433545,-1.1207188395491243,D,C,B
75,1,0.5848127571755151,-0.05152367389465931,0.23465644501342547,-0.0007043647084339003,-0.8699475334970805,-3.924364868484419,0.9675879059753691,0.4161521456683029,2.452240471071205,3.0457930348918194,-0.593217990719497,-3.442358840246088,11.764175509779529,0.32450380656608885,-0.9043205403664418,-1.8823696024017813,0.4875330773660593,0.09669488286619866,0.1569792986004868,0.2508508097555375,1.3603027928963567,-0.08808098796554222,0.2735987424999586,-1.8104892541464623,0.8460475627844255,E,B,B
76,1,6.142970473372376,0.11931764743251538,-0.18017014738005716,-0.15522598178808042,-1.362633309722223,-10.583381926472713,3.188879453572874,0.820030680970179,-0.6024616881482051,-2.809809074697873,0.46350158192433727,-3.4061986922144554,-4.842545618883409,0.04643640561864545,1.0334960367443242,-0.3596988876217016,-0.21720079413107704,0.03741316651470882,0.25353991123334635,-0.015337723854629235,2.400283319061943,0.1543775920859501,-0.01920425519580469,0.7990639102104887,-0.11396322974451656,D,A,
77,0,-1.6794726173487105,-0.1338979131339607,-0.4604091228712717,-0.056257149366763945,-0.6078855201919928,0.3957910713232923,-0.1749188552490768,0.5213969105187868,2.5693892708384776,4.623977612066075,-0.03387467253345991,-5.780091916574522,-3.4261646237162373,-0.24597890727941885,-0.9539042127572106,-0.4277385968002985,-0.35378722331176427,,-0.06348346196235301,-0.058631047226643876,0.679563855027834,0.31092607773944947,-0.02302539604445284,-5.5143489988551995,-0.36853953230772324,E,A,C
78,3,2.8951550201445375,0.3188166045897557,0.060416161009467804,-0.012904399735486618,1.1418609874386898,-7.732553603189182,-0.9056213170541574,0.7545332763637939,,17.439671154408085,0.4139782039121657,-0.8039984512724594,3.4269419001891976,-1.8218035068884415,-2.6584771985494404,-2.7138376427731967,0.041127855698811076,0.157605062503117,0.019468106504480057,-0.5175792014106615,0.6907630827487214,-0.17858612743418237,-0.19834690695664106,-0.3566042745841046,0.2624589106870177,E,D,B
79,3,4.370226927080434,0.15148949394514685,-0.2024367197124891,-0.07883331953272724,-0.6119100328882132,-2.7000393770959654,1.9593599551371372,1.2618205746511557,0.022423279717890234,,-0.026706431311263143,-2.106068093669776,7.449582394191155,-0.9313965439226598,-0.037434995926300806,-1.9321256749159945,0.32105594281722555,-0.0799850296982614,0.2991360459919532,-0.330429923840277,2.420747637322001,-0.003840988716411686,1.0103080373771605,4.392074742205014,0.1776024118150619,B,B,C
80,0,0.174896335761636,0.36307124427737425,0.48259571141123264,0.2279031587926771,-0.387861721274609,3.044897608701176,2.4286411917043957,-0.3336563568068642,,-0.45405450324272467,0.6701647041395679,-4.580515236752435,3.1434699108897624,0.29275563779201663,-2.039458896466799,-1.7897780223394508,-0.13122396379980494,0.14511980492647708,0.2326407660020642,-0.2361896817368773,-1.4352908024643898,0.2676254044580453,-0.7469471620310557,-3.3736027529713026,0.31975865134689446,C,A,A
81,2,3.0408222012338113,-0.0060523768734789905,0.17650242112580808,-0.30388712282864294,-1.3362888291687478,0.06003976494761598,-0.13319154488727558,0.5608009094363902,-2.148111269470928,44.09917425841991,0.15478155667491755,6.829327763710784,-4.829665135520614,-0.179930014025553,2.3470880113386485,-0.13816382077899605,0.21474727479645678,0.047754205743642905,0.5246606237564728,-0.36231808376204677,3.8652697257919324,-0.2180389825410009,-0.5077422702079339,-3.245069067033556,-0.39923622420128013,F,B,E
82,2,4.790446335214209,0.19908705371214355,-0.05852805794064058,-0.16426273873245398,-0.43812372139331346,6.930546453675459,1.7562179591881721,-1.0441820345773216,-5.736430885756405,-2.6384324666560164,-0.0004600217800357714,1.4893324507507724,3.6694444996866604,0.31021069900329923,1.0935456872299456,0.3414730008533793,0.18886105376443463,0.029453279228483436,0.3865674363060783,0.09610654504431616,0.5774377431793223,0.34128929094605065,-1.110834823853144,2.32939269605581,-0.3076057679662659,B,A,C
83,0,,0.08524582986129116,-0.19899609914951907,-0.04784618127170462,0.7884951367397804,4.775804394831815,0.026520881574217222,0.9325580760288884,4.456898964604876,,0.2634805701640375,2.1255723806954188,-5.9657780446713105,-0.5509120340430448,-1.4298855334117797,,0.11158056042656232,0.029509105315636008,0.2540326632360392,0.13781223448441238,0.0004530618349886294,0.06207092111779436,-0.22741510011203153,-2.8543081444738956,-0.6608029734995999,E,A,C
84,2,7.626010533911198,-0.01934091595929907,0.06689061932660006,0.059547976309710295,-1.4615901825920206,-0.48329306642748243,1.5155292919956838,1.4386654827038456,0.06515257176364163,-13.735398193332976,0.5707109289310558,-3.7449016660152794,-1.0419514156116692,0.44647190621163224,1.3056141353895079,3.3014174942634327,-0.3224312181199965,-0.062229702867517785,0.19455286843733252,0.18968982808797277,-4.384787327749548,0.25480257668089423,-0.18696959706046243,6.009983836412414,-1.327560902094002,E,D,B
85,0,6.399619644304816,-0.5397699441481129,-0.31597665646019546,0.09856574686611118,0.09496185121384816,4.237489908224358,-1.239158250645019,-0.1755750726871169,4.2345679479462985,-15.565515354794034,-0.5373478154549743,6.288878259025965,-2.263721822255633,-0.5609937080386374,-0.10408841638967777,0.6228575305681661,-0.41241807232051303,0.08638135930043266,0.4948274206870842,-0.23651351473179322,1.5736732727547929,-0.18560884242231496,-0.4640869609976716,-6.3885952103407,0.2915061194214569,F,A,A
86,4,3.1410918006338004,0.20431843986713238,0.3125633469390119,-0.04935392674112774,1.3635588145911777,-0.7954614792430734,1.2097225686101403,0.018483065499546456,0.45346246355514064,-3.5631794005704727,-0.1770105493275672,-0.4161860773415437,-7.492604321873816,-0.3724824164136362,0.44877052133063866,-1.0533445377535158,0.0767183180376881,-0.05961163400682587,0.40491425177751256,0.10047157832725313,0.8159490423491917,0.017565409836608786,-0.8124388480893209,-3.3462318524068557,0.5767953446330889,E,B,C
87,0,-0.9730478849986427,0.1631969818507633,0.12739705958860775,0.05664300926881159,0.2589470757664532,2.5175174117845325,0.025499206466977196,0.4101592519504298,-3.482326189126812,-14.804151331097046,0.4052094962267482,-4.439368266850405,9.40779068803271,1.2150555915173729,0.3330757386067015,0.8756445551861407,-0.19561368368495458,-0.22358113019777234,-0.021739055705559673,0.12360338928527663,-0.15308156663207256,0.21478217022354038,-0.07093094209831649,0.3754411054661673,0.30561889644782037,E,A,A
88,0,4.65312602953703,0.37629603264456213,-0.3379142093951328,0.027492408236769558,0.6277284295232957,-1.6618575604728414,0.8778593713454462,0.3672434847299819,-2.858992796090114,4.094312944872261,-0.5257599053084211,-7.504577194188444,8.83027614206768,0.10085613936684265,-1.5052812030316272,0.6384480023696241,-0.055613319351021026,-0.00882950160982286,0.13171593769839843,,-2.3783781946128406,0.037210403120401,-0.11985142114346636,-1.154730337598606,0.5219451204180743,F,D,C
89,4,-5.047237585308427,0.4783905839598349,-0.0040977617523393385,-0.13047191786630197,0.937795061356321,-4.225862458163294,-0.24856758163879764,-0.6617039665642265,5.334250897644677,-16.47891586476173,0.17438661385441617,-0.2277874963854409,4.609882418118836,0.8350066593876986,0.664600228185677,,-0.1616955487732692,-0.16038932130550593,0.26456651391675395,0.4938830322816182,-2.2594692860687413,0.3843200648309552,0.3065291971505588,-7.274371186706081,0.6928590267341647,B,A,A
90,1,-5.276682211485546,0.04875693217598052,0.12855746162562529,0.07424423871510284,-0.07101341186888481,5.223217397518125,0.4310825442671801,-0.2218052531208701,-1.8489954740555166,19.629321420769994,0.11218265556178157,11.718386105050541,-6.88819674387272,0.4830330129764029,2.210854878796811,-1.0258935416034942,0.05779820881123166,0.08426000002308941,-0.37395995650163477,0.48012648683380976,-0.7638362621625143,-0.07279054826251162,0.12019290228494017,4.215769608753855,-0.07957968655424161,F,A,E
91,0,7.261587107611268,-0.03270278298879595,-0.010795013487807493,0.04679829788804889,0.9097090030186551,0.6719987200790256,-0.29528884930326543,0.18757077875556966,1.4961743687327076,,0.41041085882706557,0.2800779580466148,10.271842203633042,0.8217614393038108,-1.1495144891506794,-1.0715916482192296,-0.029998178872388027,0.07918328346362927,0.1050877335969061,0.21997217660788446,-0.6413812706609983,0.42049979726653364,0.09582089239701118,-1.6972218348840067,1.0793697626979255,E,,
92,3,-0.43985110796531124,0.113475709540498,-0.007571912715548177,-0.060740797322662826,1.4062033344363163,-2.235734746810712,-0.04836775834455967,0.13696969438937323,0.13662860612249825,-9.704098907798436,0.41411113988834514,3.861270810092214,4.897606650583489,0.37570404258060885,0.010392768203293662,1.3018236594031778,0.013913856623725024,-0.07650162031797224,0.12287846530385274,-0.08408086381110716,5.481453711367278,0.0970950722406395,-1.103290043292611,3.635513639458842,0.4548741685424454,D,A,D
93,3,-3.559354286297753,-0.2501426800234156,-0.28127596269408883,0.15133227488851275,0.2514855970053328,-1.1197558239651355,0.3430902704515867,-0.9518901431552762,,3.7952177373624956,1.1509766032279216,3.3212480261299393,4.368378562073778,0.43740342656306647,1.2637962044973845,-0.2816187960278907,0.6537592558719495,-0.12291395135724753,0.49323313041651484,0.18786390562327246,-1.111504250870619,-0.24303177503256396,0.23773876615711922,2.637137547194045,-0.16565945225196224,F,A,C
94,4,-1.0796950023830243,0.06063451539510358,0.40488425625694546,-0.27913065428458467,0.518465608970167,-1.0827670729068115,1.6498439386747892,0.5109086178151643,0.1917796804895963,-5.03282718034842,-0.016835748487394452,-3.1506479083822803,5.114539673146455,-0.7024903335402185,1.3097373616224657,-1.8162469748908354,-0.16326383816903772,0.0817793214671959,-0.31140459811924043,0.032161301308695156,-3.1277440440115467,-0.015435968567115967,0.11962525340945819,-1.9603818639641917,1.3113737151383391,A,B,
95,4,-9.893065529492489,0.18181055094998927,0.06506309006269699,-0.01883918467627726,0.8532346027237029,-7.3848972088425855,-0.6954934262138608,1.099371887848245,-0.42989954922966933,-6.7942531245969455,0.3636265294259564,-8.54647757685364,0.5027615728889705,0.1588231970271081,2.497266445910176,-0.7987270805889369,0.4971820306077815,0.01017400462136673,0.2554254784679195,0.07245820616945874,0.10369843884745258,0.16163834729963222,1.4393723605471946,-4.8831918031252135,-0.021752215463431118,E,A,C
96,0,-3.62973188391035,-0.14164418949627838,-0.27095930408501795,0.10686900631814204,1.0905468909438627,12.433967295756528,-0.748976629371211,0.3189855720719259,0.15551965670267145,3.2472313591338824,-0.1737153076651973,-3.3194576749557947,-2.185362934855862,0.15048405599085113,-0.3958441918115373,-3.6646720960010963,-0.2763209242343208,-0.17929139729484567,0.3794647461124065,-0.462833089359967,-1.6242291600564156,-0.34311433812142483,-0.8802902198916183,-6.041627658859503,0.4769076127323402,B,A,A
97,3,-4.302086476538437,0.25507185457504955,0.2285071708715993,-0.08082948536905783,0.17627636384947099,4.774152531677101,0.3120244417862592,0.8057978407578232,-0.4997559170698659,-2.7720001108611005,0.00898252767736276,-4.316578750439988,-9.175374143217896,0.429103848339549,-0.05212961544895269,-1.4431449221858432,-0.02420437695377406,-0.053027372763724115,-0.21149991642732047,0.33174044300857547,-0.48537673034892964,-0.025578396383735696,-0.24821271273971257,0.6468229829479385,-0.29012832834745217,F,A,C
98,0,-1.2109245501763353,0.5964036021099368,-0.269578214433808,-0.044056900976578973,0.1777294127430283,6.626126385181894,-1.0193392204201843,0.8491936226133018,,-16.94046854427516,0.2778432454060777,3.739291820070774,3.239193222404022,1.0188921636210053,1.0478755813214293,0.2489112557234538,-0.13639224653752302,,-0.3827467520104937,0.012851774016700882,-0.8284040727038917,0.07192838690956609,-0.5514153524913984,0.4692558902814364,-0.17054298394325004,F,D,B
99,1,-1.312708930406755,-0.07144956753278651,-0.0253975043423055,0.2096911871965577,-0.6193854817539122,-5.987766265983444,1.1996946762339913,1.283106405148155,3.6008521808388756,2.0169467531796204,-0.3799155743681066,-1.7475589205973934,3.1409897580536383,-0.5242146330377516,2.757206652488076,-2.19507895924891,0.6025794395521153,0.09478468999976641,1.0777623862798456,0.2232539916997172,0.8103040110601923,-0.06647088040800618,0.5119485252612992,1.191500903977704,-0.7117058119404646,C,A,C
100,1,-5.745501662063949,0.4618858668856422,-0.02619097558674008,0.20533494491514837,0.9027315822838268,-4.14101425220325,1.8185429974686225,-0.4840018462834002,-5.37293121085369,18.981327374008362,0.06692417576448134,4.230911200213561,-13.578276897575504,-1.1101704851614085,1.1799128898542148,2.768967176729193,0.11783070479975806,0.10348705541006796,0.5930443338849142,0.22734791492836007,-1.3049926298434302,0.0926816087984072,0.6675749893248181,1.2732257774193478,-0.8469123211059673,B,B,C
101,1,1.4026800635022187,0.15825148814398957,-0.24058799411463025,0.15259259666546027,0.934300716112048,-0.5304946935560443,0.5345990579158892,0.41737420626092303,-0.7541688458816629,-5.677517520512657,0.11622577892642191,2.6040219054212326,0.2935838182762062,-0.09166307617992298,-0.7715459048184006,1.8309504732066968,0.8390108565605947,-0.12552489091467103,-0.2393582730418116,0.0398615917124322,-0.5889934283183907,0.3885306383305099,1.0694411556795016,2.32142600571832,0.49779773041155284,C,B,
102,3,1.87876208898558,0.18044891267727264,0.4367807067919328,0.06237810491100274,0.4298036501888923,-3.026663648163927,0.5420175243998785,-1.082628698222382,6.76102750117141,23.970305622401376,0.01940280817851153,5.576522418293714,8.782081755395822,-0.001091529141435447,-0.902534989227684,-1.1450156499358555,0.06866132188603638,-0.15341482320967884,0.4637802235211866,-0.10992033602886682,5.34733394280116,0.204779790306273,-0.3972164012024943,-3.978973869935051,0.42919718184026934,F,A,A
103,4,7.7930081147952786,-0.19141703533237253,-0.005959792310425799,0.04775557149703332,0.42815602639802175,-7.233497289519067,2.0083425794121026,0.1574404038076348,0.2759792006488469,9.865144491145603,0.26482956964983617,8.191381473703455,-13.565211641739845,-0.37193409519626086,-0.7635938290343797,-1.6253745449682204,0.25992622126333814,0.28786646012600886,0.010959293438978546,,-0.11844637525779055,-0.16751858889404958,0.5670448982012005,-3.9258705915812695,0.5098176198524673,C,D,A
104,4,8.251439049865004,-0.13875521461524548,0.05571884199516511,-0.2460697260315394,0.7129231543148689,-8.375233693404317,0.3542921510817842,1.7784287219656179,6.230991430169087,5.072108405399431,0.004620627589678335,-9.897122195969358,-12.475953011391276,-0.5577429927598067,1.1139473974171412,,0.34945375982665194,-0.03415574885297258,1.3712058876779536,-0.4236292512272812,-2.953117975150904,-0.11768581649019318,-0.05962572488879187,-7.922204147152005,0.4480163706267826,A,B,C
105,0,1.1088290013773432,-0.5586348170032849,-0.5695094580489998,-0.02380906315331352,1.0024374485698901,0.3882254991711144,0.9630197222176834,0.897347624199148,5.791936830155862,17.857906787519653,-0.11898843153445213,3.9315105457962862,-12.42128257993837,-0.4180817498631775,-0.8237670329336534,-4.077398791201901,-0.0805076946853201,0.09429785630614622,-0.6110046085157332,0.17660932263304874,-0.4516316992815721,0.019916475857341645,1.2541555098002868,-6.167514973256978,-0.3798386499669197,B,B,C
106,1,-6.852459798138731,0.5364765179436525,-0.21097804430244613,0.10637204956070721,-0.24298491878675177,-1.8939332099963173,1.5121803086613328,1.0602730412163854,4.849108934557518,8.476133353775971,0.46685897105215535,-4.100319702927663,5.240560364675261,-0.1676688764854262,2.6142486849867903,0.3879438031568958,-0.09704848531602916,-0.03144120638575031,-0.6021204777444702,0.32726018131866613,-0.9598190027643135,0.08108493032851574,0.07858851711497616,0.6598324564261026,-1.3596351213109688,E,A,E
107,1,8.534372978733117,0.032751054483133105,0.343228900638116,0.020275872329511963,1.0264526492984636,-2.6465295494216896,0.9655573346270481,-1.3828411195870198,-3.1711550252311045,-6.9452921370648575,0.04546791525176903,-0.6696899362186931,4.3019644976983855,-0.7780261010398045,-3.273524461600245,2.4578347477706757,-0.49640141104545465,-0.12267852080257138,-0.5889074218748519,-0.11496514270764596,-1.1956653772659869,0.260386528086619,-0.011124728686280583,-6.085044626799517,0.6753196009139109,D,A,A
108,3,0.6336260212397643,0.2306635871298172,0.163637211741571,0.005531200595182234,0.74329447125885,-2.9498445898011565,-2.22004638675328,-0.021853623599290217,-7.473197333467784,-12.572034424077765,0.010878761676262099,-0.9238574632423666,-7.864706385813007,-0.007493693254080187,-1.6054122088236815,-1.9074636896345416,0.017294788560729236,0.02903167455349986,0.47514148593663025,0.38818154501909335,0.035752753430875514,0.007170284648182188,0.08300255966385171,-1.3138808991649644,0.2711090381462041,B,A,B
109,4,-2.1569618706113824,0.12049740634735479,0.04283276770631766,0.010554744702848106,1.1986762274088425,-1.1477008805461086,-0.8997451688450167,0.2552685262775587,-0.39255823348792523,-10.671842882977709,0.20806969025600472,-3.056030485096273,-4.374081160037497,0.15145453920828195,-1.3139762089301967,-0.18114382433716245,-0.0002710352168252634,-0.180828680124327,0.30904081739606953,,1.7838355197444744,-0.03199130766534791,-0.23890777378215622,,0.8601470671083833,B,B,
110,0,5.98355834798837,-0.3262405031682424,-0.1933007779677011,0.054058264369442346,0.3546441499452816,0.24672089504082104,0.312785881447981,0.760104143925106,-2.1201714304281944,26.4969677265805,0.32026403687079646,0.7742760311122627,6.489467823952638,0.8982674828395057,-1.6652680971799525,,-0.20913013464160213,-0.03847737592621861,-0.3517211617431276,-0.07394662019863128,-1.0407852211492412,0.12273536961763408,0.4281454820575301,-1.6682880239750448,0.22864237228413684,F,B,
111,2,2.320916932089362,0.20346638349022778,0.14418314353635678,-0.15040531788649755,0.1282996714417895,0.4275495129471572,-0.19752506918978435,-0.10090168506188837,-3.8518070681362233,18.070033862103802,-0.15126221556353797,2.2866128281054867,-0.4802983937285254,0.3037699827079953,1.0985213594696537,1.452258574672122,-0.546584506143206,0.038182031077867634,-1.1412299808870354,0.06903830432892832,-1.445771612521443,-0.39445291318595976,-1.0083276320692143,-2.7317728380689164,0.24487362791119438,B,C,C
112,3,-0.762136908039268,0.3296778691704237,0.6359176268683439,-0.07348525914136264,-2.3958451937811005,3.929538279753322,-1.4631544776827,-0.9036709145488084,,-24.495519755999844,0.38873875213929404,-6.995756725576526,-8.650505421714735,-0.20244342941592894,2.976254082131758,-1.3525306546279552,0.09559440483931872,0.1470192654541789,0.909323177471395,-0.09114342223323538,-1.1374322569476736,0.12566220461526342,-0.3814428624046381,2.950902459211117,-0.7641233615046327,F,D,E
113,1,-2.173855089389495,-0.014653900330679218,-0.3976860829126342,0.0785686723330543,0.8579006257413049,-10.467259915143025,0.5906434854266146,1.7922800297537504,3.1257166427408447,1.9984163800972155,0.044369402201798316,-5.551693784532072,4.2747219066462305,-0.18819465017109896,-1.4306311937225058,-0.42235827227836437,0.6155969657653535,-0.11333433734343873,1.5522092116381614,0.3675037084327331,-2.0084091316399295,-0.4621038589158576,-0.6995211828269928,-1.509467941286223,-0.976423971370644,C,A,A
114,2,-1.9863157400565308,0.032486007424769286,-0.04801984525106365,0.11323560039701287,-1.4700267611665834,0.7510683010653332,-0.625165938370247,-0.7604371815173346,0.18010413662780278,13.502263951449402,-0.22408110321620497,0.6061207048621605,-10.758272261598254,0.5697809994195008,1.0420688348224734,2.0504437029542437,-0.02562345995586862,0.17568162243383728,0.16273367680533365,-0.20740807119700141,-2.1875343740947875,0.14598727018671542,0.8306631607192912,-0.4433802294965573,-0.0915775385816381,B,A,E
115,1,0.6135533062927531,-0.15580606764755273,-0.007077695139114229,0.13603782473682752,1.9737631826586088,8.755691265319857,0.429360655272669,1.5780655192551285,-1.7970656346858127,-6.307028300091835,-0.21389582391867867,2.9999302295476946,1.6442929484360778,0.5327993302572561,-0.7323933430024876,0.7924004336207261,-0.2014521328136748,0.3543237455296042,-0.6987323441667342,0.17615190729527308,-0.6671407949502471,-0.046403855881044564,-0.2955776798656452,5.190251666916385,-0.10493045141218536,D,A,
116,4,,0.04289103946075882,0.06083117370352266,-0.14649355419282598,-0.8099319900550004,-1.9412811928346008,-1.552782772630324,-0.3398067621228064,-3.564168281658334,-1.4410349216749798,-0.0776900347526517,5.7711761670821815,-3.6975261983406695,-0.3087891080590513,-2.5413431134747335,1.2696229145354918,0.16785411746075224,0.16671877597882537,-0.45461393129240135,0.007666841846904281,-0.4088581091286451,-0.12257600249913102,-0.04639640624265277,-0.2815565299143322,-0.4605883039952948,C,A,C
117,4,-5.762390742321963,0.42694921631978544,-0.34823367568937036,0.006618413245417641,-0.5857531562785068,3.156730660823195,-0.11360512436219794,-0.17223613101113414,-4.280436511715658,-5.0435812603866745,-0.35759747029854194,1.5317421201754748,5.3712759174262485,1.6174218557960878,-0.6303418731762976,3.2867086093020874,-0.6279593701025183,0.009793889171844473,0.46745689065117474,-0.11758059100961145,0.6742433690065421,-0.1655566090206377,0.1797238992849323,0.6949393798343171,-0.6883073246812201,E,B,E
118,3,-2.262386944464733,-0.20618076664070664,0.5888052960280569,0.11373355474710203,0.4840123734939096,3.157461107914092,0.00864258853329591,0.04066475698261325,3.0624266783212137,-15.009768888228852,-0.009003491369183513,-5.218198795688993,0.43419933102707825,0.7938609895586122,0.7146943383420021,-0.5021971118001636,-0.19415731334512057,-0.1329523780420744,-0.38031263895351075,0.20420947216894897,1.1304803466543445,0.05316177800483768,0.315855527289813,,-0.11482647671516999,D,B,C
119,3,9.515413164435229,0.12215884506474818,-1.1520313861259623,0.04664331917256222,0.3025375452579874,1.0366333085171708,-2.193963239054796,-0.6029623452812493,-5.00381692017456,-19.393239740810145,0.09649083014932049,-1.0166389023852853,15.12773570022568,0.37496097062905487,0.12394366780189879,-1.3072225608137207,0.11321358116168362,0.04300302454178224,-0.07670915681293691,,-2.1105711330129306,0.06501619399757523,-0.574159877108707,1.6412165728523487,-0.6090217787443198,A,B,B
120,4,-7.2649311903744085,0.00862183674255955,0.276625624749347,-0.013469755002613179,-0.8380612565917732,-0.13605732550545568,0.31567714010424824,-1.4889137668259624,-7.958109097360641,-6.432241467359659,-0.10069084862954292,2.9020615215667007,1.8001258894241101,-1.001448613379561,-2.1681119224984737,-0.6196033228887177,0.22837621872352443,-0.032259492747884685,-0.7644340123481648,0.2730132511934583,-0.6074352134597341,-0.24844097084080444,-0.31438423674496363,0.9307385056770244,-0.5793529824616879,F,C,E
121,0,2.068358066634542,-0.169960777968741,0.31643257558331234,0.19445117132107964,0.13676650285408673,-1.315756043950687,1.9521439786219799,-0.5710273795861472,-0.03425856264987598,3.864970463127733,0.0276474028688103,-0.8166803682386923,5.366368515984282,0.14165430176913607,1.9086877663891448,-2.0499227680983347,-0.10648571837162091,-0.037998831319355685,-0.4008316278507236,0.2888668091358739,1.870696347494893,0.13534461420725177,0.00241884469356876,,0.16192308729420354,D,D,C
122,3,-2.1599534159780758,-0.3134242717181547,-0.19771375616760659,0.04895144723410083,0.6540932766740484,5.127909536036706,-0.1693303985396065,-0.3469523449127072,0.5746506666908358,-7.605822106901511,0.6491287678745318,-0.2626071546451586,-2.4218269988322563,0.23522006799715645,2.065983004766105,2.7451081221935065,-0.11166697604141405,-0.12975124725344464,-0.2525592735289707,-0.03919632494145883,-1.7485232843502088,0.03994633960547267,0.8726368809303223,2.8326211405054678,0.4069076812001179,C,D,C
123,2,-1.8570669462239384,0.22729270876100185,0.14154155511810373,0.009499647965724724,0.7165854511352208,-4.876416018461307,1.1972876240820098,-0.09386449643543636,-0.9896967322979148,5.059105989339315,-0.3188585272044218,1.8579835606130854,3.2765873655077593,0.49221249782468535,0.17342850555793354,-0.9758029972601672,0.527481002764306,-0.10294459910825178,-0.7842885375586511,-0.11652377551649938,-1.0460963096445488,0.10861190320464105,0.6173636502329096,-3.549072749501133,0.2530377520346384,C,A,D
124,2,-0.4644729573450129,0.3193369884749817,-0.047011161003600685,0.06302469540761181,-1.0756970047623358,-1.0464772358364849,-0.644051852461023,-1.3027595141109298,-3.383671731954336,21.241720552331234,-0.5866742510432724,3.1118077774557413,-10.742105377907386,0.2174125645777212,0.3849741601032261,-0.2599129747359209,-0.286965415619572,-0.06757301952196985,0.4270452769113706,-0.20118575485493187,-3.6407961881534523,0.2474009771069549,-0.47809670225937095,-1.3675567267714175,0.25426182357660415,B,A,A
125,3,4.239670035572236,-0.12092193031062395,-0.19486120200232254,-0.02713771549152715,0.5690073548124764,-1.2736666449289442,1.0251656413856034,0.3411516625702158,7.126241117406664,-12.085552781643429,0.4274702729593381,-1.925687354604228,0.04678438825997368,0.03265892952986745,1.7473466206477264,-0.5658803428928316,-0.27070015097016625,-0.021137215123975345,0.5070814005891421,-0.1847251786959296,2.1387498387103494,-0.18282092290758425,-0.10521461798314798,1.9812965108345155,0.25365692693342257,C,A,A
126,2,1.9453008254388635,0.0825615126528792,-0.30189285748070727,-0.09145871065393346,0.8710972112258654,6.375410294955506,0.22722986071450085,-1.4933420558787427,-2.498176710704066,26.95486818772613,-0.19329537773693428,2.323111396943049,-3.675983840462156,0.47403879440500307,-0.022643371292038514,-0.9438779463737809,-0.5959467372145882,0.1058391739337564,-0.30193769451620467,-0.1821587812000677,-0.17852004719814818,-0.3880924024631057,-0.6701734068703115,-2.99205587672684,0.8046214016502427,C,C,A
127,1,0.3419358319808072,-0.023394943577458336,-0.26130947333139537,0.008425479518685488,0.09365074260610985,4.098478122259114,1.1056728454540656,-0.4067406754873489,-2.6486905436176067,2.656619529642266,-0.29733735532551075,0.786388455600598,-6.989943844508291,0.6434149882028285,0.821858437189676,1.9146623796198465,-1.0309289973887457,-0.10539447170142902,0.37400330920440383,-0.09112871273892875,1.7405462041531874,0.23393550955673767,0.26804340446919406,1.6721079375012975,0.29505983848427403,B,B,C
128,3,4.455322671923975,-0.033906925065095656,-0.16628849956116198,0.03257402574797612,0.4781322439356269,0.029025255193210326,0.5806371392274896,-1.2551449184879993,2.971173116704126,5.186941961088799,0.04946328236192052,-6.82764599197653,16.318704170573717,0.20608598451046778,0.6489741555438717,,0.5529774586438074,0.0998758296675982,-0.04257816255475404,-0.16927433676614345,3.862251998725382,-0.2388413919618215,0.5156833837839033,-4.48635191223199,-1.3175432485880654,E,C,
129,1,-2.8021208606405295,-0.7085348298909548,-0.44578746249505863,0.1796018567090722,-2.35714737840561,-0.9138159901948498,-0.7239261078186363,-1.6445760806206855,3.8208119333324446,-22.550751829290295,-0.02948437769218729,-0.46326572505453734,4.5948209619433005,1.3960697796399957,0.7232686716132194,-1.2762552589284009,0.18880093180604854,0.020486629692553555,0.7023358278443428,0.37409946479432726,0.7473416706101714,0.11770041635326277,-0.19023755714734658,8.740098899397417,-0.25618972359739717,E,A,C
130,3,3.818056982766173,0.2234200246184955,-0.2494821597637919,0.003743450470297444,0.45533131212326206,2.246822659817073,2.326352457270113,-0.8390723844653277,,8.298425079876427,-0.22295798142234013,1.6285880229044818,-1.0352735261440502,0.5056034811289007,1.0468586248106382,-2.6353899012073816,0.11782256384079494,-0.10256341199528865,-0.18983260140369754,0.1424329833290268,1.1267517687785071,0.21220240387328024,-0.07227485320839588,4.366145431356041,0.20296781690096177,D,C,C
131,4,-0.9341617060139268,-0.13729188657310276,0.3611299453920519,-0.2594796938025623,-0.03453845130941442,-7.5454869069257935,0.5156641757842215,1.081054756944154,0.21459307328593305,-18.11381139683051,0.5160284008909066,0.9874972233683834,-8.040549325191146,-0.8638771042670089,-0.9092268782139059,0.900950744515323,0.05234727858019498,-0.3002267875099489,-0.08840273983274372,-0.43330885392889107,1.0817586946066617,-0.018216033055764403,0.41999121471223533,2.0495460712062,0.35894195713135824,A,B,A
132,1,-1.56974048410793,-0.322452541830658,-0.2473770357690335,0.09064411631717609,1.6125788996830648,-8.3880701309391,-0.12663306003419333,0.7408490315017405,0.4256037675998427,,0.12114320502513937,-3.3916739961492217,-4.322019033770138,-0.5109786915560455,-3.79535441880138,-1.028118066026656,0.4909601812289297,-0.07873443545741507,-0.32597985630458143,-0.3844953744209947,1.1804557362304728,-0.21628118091844906,0.9999000592222435,-0.24825401558875074,0.23002546108127056,F,B,A
133,4,4.489538734601308,-0.11104484310837748,-0.383160039320099,-0.007735181321672311,0.8959972414234955,-1.812725108956643,0.9878438820512253,0.7355698473460932,-0.700149118088405,-4.775561080834589,-0.26986109464770924,0.7081129836537464,-12.767634677285502,-0.4571984088251137,-0.999069772332554,-1.0162724002374444,-0.0518784906730291,0.12488798069120745,-0.723695067474935,-0.3111935056341692,1.7093461709050566,-0.13508231924185538,-0.20125157082596842,2.4870212818933095,-0.8049603211770797,C,A,
134,0,,-0.28202061429281333,0.21746863528777527,-0.014275067068354654,0.5463980818322909,5.60212588952479,-0.7699670198210735,-0.2497218339364689,2.1889453071071943,-19.68155286238424,0.20292644574109997,-6.326556039581744,0.4226546921832833,-0.09954372438021399,-3.357692209299056,1.1973069950592876,0.18105537355718812,0.07180257969656763,0.4403946521458754,0.005626799539575884,-1.0810225520836927,0.14364645318246833,0.1270195283636096,5.253744759601521,-0.1624766787679407,C,,D
135,2,1.3079067401895939,0.30216505035311947,-0.020606458953403524,-0.04001116650262009,0.7505660557176961,-0.29644384173435084,-0.11908600002597085,0.655127695702043,0.08728724749166138,19.38161858354903,-0.019162277023727376,-3.140694066338657,-3.7941977436041117,-0.36406763369583045,1.0547653856380643,0.08043624397545811,-0.6748638688493066,0.14668333236730344,-1.0154712770657932,-0.25823207261605224,-2.2848383246990362,-0.24625698483152528,-1.0419606516047875,-2.126726044580258,0.44808901379947114,B,B,E
136,2,8.837159948383578,0.7527075924443797,0.23972392154731773,0.05153816854880394,-0.5952943168168817,0.9597875424820952,0.5805670919144964,-0.5299610466477259,5.470248330184731,2.7726771636227903,0.027584586786774692,6.9265555979159155,5.645839715921615,0.0030334458617801282,0.9271656238359229,3.6483430192577115,0.11097288357108887,0.16989827208764863,0.26412830860330255,,-2.0571001570632115,0.07453797539314973,-0.34212522276311425,2.665957495147557,-0.222389215045102,B,A,A
137,3,-6.1148050041786695,0.17268068617652083,0.7180737668852617,-0.08946567194997543,-1.464793684865726,-3.034458550106853,-0.1647185700343758,0.15121808987028618,2.825681849589981,-17.379356690921973,-0.07717625019599547,7.96705952332748,-4.013421669281306,-0.07309679726206934,2.9377128786154385,0.4209214536393628,0.5823000109923435,0.058656814356899505,0.7717888109521271,-0.23247476519460583,3.1360630239223397,-0.11557720876774606,-0.38092115819885775,4.079477210524052,-0.25282411953867295,F,A,C
138,0,0.8942662055495173,0.16058529332212595,-0.6527696230868707,-0.15874442659117616,0.01773540683075028,9.895219055520162,-0.8349218817126477,1.9697780436550436,-1.1069887415941706,1.0788253610589214,-0.04803887233855001,5.469175732496041,5.6341805630541195,-0.06529529772561285,3.441783996624939,-2.7321622446225624,0.08087560603956857,0.08480902079568324,0.15741337552559362,-0.4143165864990203,-4.5708813689738115,0.011727004709466003,-1.6852570593969458,-4.877563786120857,-3.1842034459584223,C,B,
139,3,2.6717125413746516,-0.13784164445311067,-0.17100989007701786,0.07331341391607384,0.3340281688600391,-2.2754284409457646,-0.590339065531346,0.5023974897246893,5.2909727319920385,-6.495166455049357,0.4843554698021383,9.65796381498806,10.47175845504789,-0.4485437672826466,0.6482859660887176,-0.4177326454362567,0.3157720198805321,-0.12857266459765992,0.5711540202900883,-0.42840850337858516,1.6103771237421929,0.3648603142416238,0.47684404946400144,-3.109877045024137,-0.12685453015164982,B,B,C
140,4,2.2984332175065187,-0.3726006244212688,0.18508555505302435,0.0034326255674598303,-0.4145155724126319,-1.4291613641933643,-0.08920962994691367,-0.09321099551384499,-2.006055965330057,-10.427763211084873,-0.7848524934805778,-1.6302613216938362,-7.594109763947584,0.18323183001603377,-0.46551766884340295,0.9424907457457293,-0.038895610740986825,0.05608696049323917,0.45748727464173056,-0.17734484698703518,0.5597897267193134,-0.2684152166859273,-0.5827012505054182,-1.2076226212675423,0.47431598553231435,E,B,E
141,1,-13.422446543371771,0.5001874794946791,-0.015444050659893288,-0.013435744954550145,-0.3948129800377423,-2.3433994842952184,-0.7508336838369755,-0.061629949553629645,-1.8571722061460072,20.1645793446018,0.11040538755270056,0.821989654125972,-4.031398648263378,-0.41886218215569593,0.6862197151799859,1.3552569314044571,0.3242564162960073,-0.028502582764858134,-0.03268923867311249,0.1664292923506916,-2.057580331391788,0.03313435177015589,0.6168181457789481,2.303382794011957,-0.4786173823750219,C,A,C
142,4,-2.966792341467082,0.13026786094173984,0.28992219219981674,0.03617736802795487,0.4957554633562874,-2.573815685674984,-0.855997846322418,0.09187841317099639,-0.2554632751466198,5.612019286062187,-0.20773339222767875,0.99002425356371,-1.3642327041165072,0.10489019093160738,-0.24560462650401776,0.7866458681386943,0.03832395268918041,-0.26435910181467903,-0.37117097317683434,,0.05757005629533772,-0.1368043257610443,0.22303487415049336,2.8928277810493084,-0.1667993754541452,F,D,C
143,2,-1.3799004020540173,0.03876329181523062,,-0.055260500558637154,-2.2798237546095326,3.390545247936699,0.7224440414675017,-1.8257881795973776,-3.684011706856423,23.804652322254093,-0.06941792426676746,2.1299933710777115,-5.489369098449362,-0.5418835705138114,1.6577438271369656,2.0262875634018913,-0.6795206566724106,0.02868482355439355,-0.4864226810621591,-0.031913992701684164,0.2861860130692355,0.15111601421855161,-0.779616887229419,-4.308692727900738,-0.010526098738943723,E,A,
144,3,4.191494706934893,-0.038113527771219576,,-0.01879461888282366,-0.19773013364708272,-7.6310776779760845,-0.7700518029088906,-0.2743401866810613,3.392293336246479,-11.674794750945582,0.15200448989077175,-0.2807898022825063,3.9091975758033954,0.4794869163340484,-1.99894266720856,-0.4062522645981223,0.7780808870021139,0.15056008351779213,0.2564074769367106,,3.305079697777175,0.11209967401023295,0.4430407939691788,2.502197666324565,0.4703221860024492,F,D,E
145,2,-1.3011027028082287,-0.124411815219132,0.23516607284073265,0.058392950916157586,-0.172320751153299,3.3828146193547988,-0.8197137351999793,-1.310245620607959,-1.8135711289648626,1.9830153375262138,-0.5229232767921399,-1.6184149758505724,1.6919521437928604,0.21429255576032885,1.9028258209734226,-0.6596035733754035,-0.3769524881150827,,-0.04006258793839155,-0.11727917992781346,0.2917599145225173,0.30915179604468707,0.38893287078142086,2.018980905785703,-0.8736704949994705,B,,C
146,0,7.000342211186611,-0.06393111353666307,0.08164988614828123,0.1376353999464931,0.9631339074790608,3.7654449072662004,-0.2694601958157042,-1.0216718026344507,-2.8302327034242447,,0.23550291941716806,-0.04039427716309627,9.25227672520748,0.7327151896104304,-0.5022715726632838,-0.11624217036467532,-0.11608523149755207,-0.010628829486254831,0.06444629385400903,0.23493125765478368,-0.5580742258455156,0.31115353476573065,-0.623475913405046,-2.552268745304331,0.17949509368127087,E,C,D
147,3,5.853074841258075,0.22051085158363348,0.1407364881718146,0.1539079256188683,0.20990565933818578,-1.9454127596214081,1.4716545858185948,-1.1413568191779506,7.772516366302714,,-0.08971274703110653,4.848783316141709,0.39253645351758704,-0.40278897798230845,0.41453242280238983,-0.35963874020262165,0.35996069216054855,-0.2656388435567552,0.5332701064663362,0.49781345547476213,0.9281423925747123,0.2652904241813417,0.05744119342449386,2.6322808885797873,0.9493986703885703,E,D,C
148,3,-0.7677342086566762,0.2912616082831109,-0.14652052587167846,-0.09236172693882085,0.3434627676315968,-5.223346545853298,-2.112261024011326,-0.7077500515458686,-2.3457776444691176,-3.140244070988403,0.25715272973969794,4.651618773116316,-8.220469806187245,0.231365795261359,-0.7404894340639743,-0.0181551612534514,0.24016046306727112,0.2705173073442135,0.0015434341291486308,0.06159881242091241,1.2989487568644316,0.04143370127842298,-0.6029558779127528,-0.1004167171550383,0.4594648489816828,E,A,E
149,3,15.319909928461398,0.2038259564823084,-0.19768685026294142,-0.09939928386038409,-0.8472072536215279,-6.014632808877219,-0.30345104011214347,0.6010257181075148,-1.946888509646803,17.06486068980521,0.23680032419824054,-11.059746747914373,13.155428624663095,0.49804578188598186,-1.6811035008080866,-3.2395238847048082,-0.2497200687364624,0.04070278616974758,-0.8713600151345262,-0.28615094504550853,2.768711047893945,-0.0300755042869907,-0.3887992661940769,2.408988441839673,-1.1245585708059145,F,A,C
150,3,-3.877374708712046,0.11378900643087038,0.41533260718911297,-0.01369789053480043,0.7277113021205244,8.33484337749107,0.5547644250306701,0.5384258445758461,2.1145884141293645,-36.9315658071735,-0.2592027152901959,2.5353691587001226,-11.532206660558481,1.1157741182909107,-0.03849438614580349,,0.21577182779523876,-0.036225871225950425,0.7726566880449142,-0.06996668825663317,-5.336941435863083,-0.5298400009374076,0.18829563173593644,,-0.9964904340542351,A,D,
151,0,5.369010028222293,-0.18269379023024232,-0.15556296068107367,-0.22222027621279827,0.6564715691389779,-4.970439145084678,-0.3313066233054987,-0.18982832942919303,5.295759946773417,19.98618658140154,0.17219059491664315,6.514058110047755,-8.419998133002341,-0.7183589283283413,0.17910324542901035,-0.863279516814263,0.15865652388695234,-0.03665010628735533,0.42002526704346577,-0.3255271734473641,-0.35382975411590695,0.3836973310861957,0.5376620067311115,-6.099744064348485,-0.37141719944605145,F,A,
152,2,-0.7938446746787117,-0.38340960628345205,-0.19306984770680316,0.3065214831457821,-1.6498432556923373,-4.678597070707032,0.7361527331326441,0.7968161225163236,-0.6701927637380272,1.1255860591598967,-0.020214356038586227,2.319826469004772,-1.3972074004078086,0.1571553160519083,-0.9851741211435985,0.4301844719906016,0.0369341240108232,-0.1461809802742728,-0.15123089796060324,0.4416945360280787,1.0973906356211753,-0.17779848488658326,-0.06503665543311664,3.1810256912659822,-1.2933420105944324,F,B,C
153,2,-0.6506691536010585,-0.47524262517429117,0.04802145340251826,-0.06377146012578923,-0.4493666554804237,-3.8168988540956774,-1.476360943739585,0.866977026570574,-0.8174880030351067,0.24039080471569407,-0.42856061445479304,-0.6984613417762163,-1.8911187680671913,-0.5369806804787781,-0.9706869187446886,0.051357388199641,0.22704544295029078,0.04794259766145969,1.1347060136449123,0.35049027534993665,0.7032881850565453,-0.14470755297398608,0.4768021268033445,3.2369924892306003,-1.0907156992275617,F,C,E
154,1,-7.047798554177096,-0.10343583406184503,0.17174838953351168,0.18442811754591545,0.4259868106559209,-4.53543064055141,0.6862869345481747,-0.29779733843954176,1.6193266993748838,-13.422027830853185,0.5811751981780365,-3.7005608075114504,1.5748463085108915,-0.042000091830795075,-0.5391797487179812,-0.7854596012137683,0.05838245692389055,-0.05303667506372361,0.5971065396475436,0.22076399982506154,-0.9188579419242761,0.13919850248723672,0.4960070866239001,0.4042877657133141,-1.1234908584046428,D,C,C
155,0,-2.537899235900743,-0.28400427542588136,-0.04149534735622162,-0.14014592917364277,0.09976952565507129,-8.027126419580256,-0.06106512930726659,1.4075206153952247,-1.575667914985753,13.534946739299809,-0.33668112702159964,-0.5174180048154171,1.1281427400253834,-0.0909230910376854,-2.350271633966339,-0.06021726974920427,0.7356633244364437,0.12119455131812899,0.0144268868620853,0.01442849590364895,-3.03647164467179,0.10683549481101982,0.0065767058929534945,1.6159369611985428,-0.37908623363915867,E,D,C
156,2,8.724727332116712,0.5847134356155582,-0.1701169069389817,-0.13530056988702124,-0.32162452429212385,5.846611860314217,-0.5054566072845778,0.6675872125873189,-3.1622463526232236,16.759045997227744,-0.04166431254965434,-1.8857316845421335,-1.6587773284359073,0.3161206214508393,1.4916047903914225,-1.548062406387399,-0.3364687135453776,,0.43921894902036634,-0.16478163897155973,0.7913210898697816,0.38736977695681885,-1.2079143413601712,1.8972369751359597,1.0127958369255654,F,D,C
157,2,-0.3229205552204758,0.9156644719351829,0.23225653897838364,-0.012446428605084553,0.19476241832726884,-0.4166893282726797,-0.9532385958542323,2.073245256683999,-0.10925070007590222,5.054962937750832,-0.8415700966813013,-3.152913951745075,8.828217894721918,2.0739746246498627,1.271803002087234,-6.353252671714851,-0.23713441439614813,0.09564007568355107,-0.6839325112321846,-0.6584409847294846,-4.059159581337163,0.016949109763545123,0.05555580295652154,7.728390709469117,-0.035998988474384284,E,A,B
158,1,1.4505042640893766,-0.25009632459140013,0.28493108849532467,-0.005458068358486231,-0.45714858798232055,3.6450960520475864,-1.9869900216803174,0.034056050970146336,3.9724177963747023,,0.5680040581754969,4.452935108527983,6.102424258801755,-0.06992287144737713,-1.6990875142195574,0.02970129533243064,-0.4728489764406506,0.09143164557272015,-1.463268683845533,0.2001171961207383,-0.2926007383821381,0.13563117873641048,-0.1951753540598513,-1.8155469339437675,0.25947765153293806,A,A,A
159,3,4.826409777856816,-0.13406103505610964,0.38212975872786364,-0.0579207767474478,-0.11730302810980803,-7.341244412536844,-2.0471516661323643,-0.9853796958252224,2.7081634630569464,16.74149735454441,0.027752595638746668,5.952573380173791,12.111815420112348,1.2399986570270958,-0.5078534112932814,4.0015247272348375,-0.03139584594988322,-0.16150196575759695,-0.24699319934373884,-0.2924234713084073,5.727764698596915,0.1870017006541622,0.3488756006072748,1.4896082399451942,0.627585179721952,E,B,
160,3,2.5331910840909764,-0.019410256084446832,-0.4805512851411246,-0.0007272149320209024,0.29363979563459314,0.2329868672159413,-1.021433310172816,-0.6923738432559217,1.8177701362150713,-18.47153814636782,-0.23347464499852583,5.618429519756792,7.332621850923974,-0.12722414387949746,-0.4378689259514605,-0.5994904351253303,0.019703420867867666,-0.07095874916195932,0.10343521282005674,-0.43998275641473367,1.1240404824374692,0.14221565078289328,-1.2708055068139033,0.1599755689678605,0.6009116250098745,F,,
161,3,-2.126176996465907,0.20952419389893528,0.07644323219083349,0.020639390499797287,0.5764288160386215,3.1881180472121793,-1.030020257996466,0.33423230000317206,,3.585308309586363,-0.46027504296101807,1.6279624732269724,-10.682932856833268,0.09262384792159799,-1.1036440766920752,-0.37679731778287845,-0.9670318401568486,-0.21823465332234293,-0.2984893378115581,0.10493976094616876,0.639429140403426,0.13340501717188627,-0.3154635080999743,-4.383390575704332,0.10378753212042294,E,B,A
162,4,-8.819152239050865,-0.06133816380766695,0.02154147151002077,-0.09000639558285252,1.2920879003871752,0.2386620809292232,0.4605244040581552,-1.875752614990805,-2.739383615274301,-17.985318593240336,-0.09947231424850575,2.140461223026584,3.5165895676963825,-0.36344390361454526,0.564047133825045,0.6958597369673458,-0.6359854962741968,0.15457855078189017,0.4901541925722634,0.27607311220708447,-0.9749324957995158,-0.21941530182253519,-0.6916496087638034,,0.9838574342746796,E,B,B
163,2,-2.4672730216628715,-0.09609706041651772,0.13337902695765178,0.056413674777814136,-0.8461330814757962,-1.4542495140928557,-0.002338118775905621,-0.6068016841037707,,-22.86520065832823,-0.04771393368315187,-2.146399895681712,-1.9156765198361183,0.46008892231004306,1.9977542141589564,2.5158234990393815,0.21186334100729245,0.062381279994030224,-0.5340653596513074,-0.0772164260805091,3.1119608596769273,0.06075034511837675,-0.6101796929852363,6.06133532766364,-0.0709860281261233,B,A,A
164,0,3.06742322180511,0.39004482644233446,-0.11485732240825683,-0.0023057636643629754,0.41906727000185867,1.1748715568868517,-0.5051308344024582,-1.770055237277918,-1.520155266654066,9.125521881612155,0.4237816452011248,3.9668245311943067,19.01802879223729,1.4521605462211802,0.5884639089136333,-0.49165021699264644,-0.4410983814967797,0.1876268859242731,-0.05752264389297098,0.4412739845660499,0.3264359098113575,-0.19152173421826243,-0.6605280836631268,2.5077034367836815,-0.33204046823629696,E,D,B
165,2,6.09799923892424,0.4024548885562292,0.11046983493521448,0.015094560572463138,1.0043986355266172,0.24083419025806585,1.1786818810795099,0.670278432759983,3.6056499289164807,,-0.3217126475915505,0.607910035134114,1.7799986105230745,0.5644520701115024,-1.2816304059458563,-3.998136511245187,-0.872346814975066,0.08273721865271907,0.7458935419821123,-0.3775395895791689,-2.9907316773852926,-0.23453221126060195,0.005063239180482204,2.284138234854903,-0.4660055023811817,E,C,E
166,3,6.481147751127643,0.15921247895371812,0.2122583919853446,-0.10592049524991282,0.4692137905889816,0.17896814876352543,0.4187075731603325,-1.8292681595775808,5.59726112789118,6.695637789991684,-0.3508344985089576,-4.25328008526481,2.1414422953828853,0.6016604451672756,0.49489223768898394,-3.0279779056766865,0.650661503874951,-0.0459608796268185,0.20316466020041565,0.02765777151964842,3.641613665988501,0.0558973333311588,0.3462021173426991,-0.5373963304680786,0.9420085812120458,A,D,A
167,3,1.3253095142650262,0.12675372513377084,-0.08791030886027931,0.105623836548522,0.11972197291128768,4.2288577454965806,-0.09465773954221769,-0.48671093777497937,,10.963905176938047,-0.10972706245689902,6.932847145122301,-4.317030511932659,0.11099640103721693,-0.23031412092615047,-0.6454308357987409,-0.2787811329997451,-0.13012986362359039,-1.037441956973326,0.16704039230425188,-0.5823908857895315,0.16160943369193717,0.593185571628441,5.589937985423701,0.19949778742783894,E,A,E
168,3,-4.983235917848109,0.13863017058130994,,-0.0594692147665599,0.2909715270212053,-4.850279383123471,-1.2579284828145103,-0.49946344138647947,-1.0551330930430975,-11.052275527164356,-0.12143426562318822,0.23902311885306166,-3.248356059237665,-0.33317929551518355,1.1854615765105583,1.3582505303495254,-0.06302144112383057,-0.032448216283165326,0.2612153530019191,0.15399915703270556,1.563698437863488,0.27005731644839726,-0.09157219143465943,,-0.32003395460943823,C,B,A
169,2,-6.5876238434829615,0.04632108670009926,-0.47235787966883597,0.13969547504541013,-0.6133293864140813,-2.5419178127432978,-0.5440422973557245,-0.714201007783404,5.3573637972696675,-3.953370707671337,1.0709480669121705,1.193347866478502,-2.9070897700448732,-0.1983772117863007,-1.1215587140392742,-2.530321781764374,0.10957384736381734,-0.048291911912076886,-0.2696309539919866,-0.27517012081539394,2.578583080219736,-0.3387568536149868,-0.917621276620235,1.1345009281060399,0.16116168104314005,A,C,E
170,0,4.0541512166771705,-0.2506168421598044,-0.45579292609380045,0.13937785165876138,1.3254115202958205,5.188392396494571,-0.8354604015549205,1.3178512147462695,4.414455489472502,15.876443530201325,0.2494385011839236,-1.1059086956669606,-7.439467789115871,0.5305314897760487,0.5115694500654673,-2.8135210106125417,0.16471799933845183,-0.08572972925012161,0.18057908323018285,-0.33701202345765435,-0.23003384055223794,-0.009826964959077523,0.48076281501981905,-5.927711097138102,0.1986719431677523,F,B,A
171,0,7.0184648255294455,-0.07197100996895356,,0.02890792969405538,1.4971828736588986,-3.7214356092507055,0.32192822943079086,-0.5703994300343865,0.6593499428045514,-2.926930494583604,-0.12602724377235622,3.167711823339677,6.184344676944967,0.11788202974615353,-2.4187999744230155,-0.7879010117471383,0.3929232074097149,-0.12440662220215619,0.07929913156115699,0.08931712082411421,-3.517070779922284,0.07239806605605036,-0.20352473467454768,1.3758880859101488,-0.35474663666628375,C,A,
172,4,1.9906439423338098,0.17614414483978233,-0.10723209100971143,0.15390283805853722,0.17034186941940496,2.592004235649729,-0.9913023130817743,0.832045139267974,-1.9843292786851003,-11.1496961564013,0.031131640694117536,3.45360201530738,7.498533198138949,0.7311747573190839,-1.3062757120951254,2.621891729600798,-0.7866472792535609,0.02034004042602932,-0.8505746760816182,0.20834333163336105,3.7883670692855422,-0.1797976195046368,0.4163014788255446,0.7123393823275244,0.14533790062041752,D,B,E
173,1,-1.0896832358325594,-0.09017010424330002,-0.0670796248369348,0.18567510582777855,-2.2591298036245027,1.6175592683589834,-1.2450530232286727,-0.4908883481046266,5.218753390173533,-6.571486086077892,-0.6235037309742151,0.11383284724203961,-2.4818814303324346,0.646098952401714,-0.4557226274028973,0.37780983759678627,0.6414051804170129,0.059291740876597714,0.4925454820575205,0.6718187150293988,1.4101987780380516,0.1370472113949196,0.48725336297814714,-0.3048359669298447,-0.35080395666090164,C,C,E
174,0,0.38216575441688694,0.06485299877571692,-0.11008647645279032,0.03717153210706782,0.8520750294313755,1.4406646674362344,-1.880501763513591,1.1934620649559995,-2.4035622757609367,13.25395770786801,0.27499208081545706,-8.19442343334103,2.9676592220061173,0.4051037706982557,0.6529510674471087,-1.3154553617292393,0.0010231304045752133,0.06827413203190605,0.3265363071577161,0.3163014958853603,-1.3681490943978765,0.03431434454433025,-0.6180469716762377,0.8718617693887821,0.10241206137267922,C,D,B
175,0,-2.7025142540348734,0.4801123026062655,-0.23084272402748027,-0.08504996799239511,2.902439279753284,-1.7837059286452128,0.24112101178179127,2.2679267010606594,1.8686724772533514,,0.14475043333273668,-0.31485102727401076,-1.6707370721992452,0.2998256079672519,1.2847610852259832,2.2398978709185253,0.213133635373899,-0.24800173660805166,-0.37208029591511654,0.23523895023712663,-3.5207741735725255,-0.021313448142624106,0.28996203901032414,-2.6370587169044186,-0.06005654000793447,F,,
176,2,,0.1035747410088475,-0.479131493920797,-0.0193220412301665,-0.37690270752119953,5.478927774035218,-0.19048368572305663,-0.45452291500271025,-3.2939644841777995,11.158082298478224,0.2534464211220305,1.5693991116295336,1.558182131386215,0.7953550727549599,1.7994186807322579,-2.3822082932436017,-0.3056124497555231,0.2889475338650946,-0.07958130407246843,0.19037550128600683,0.930680884920666,0.16880534257332708,-0.8342909066458026,-2.4831344228775114,0.24464400099041297,D,C,C
177,1,-7.561470404914173,0.016075049863561973,-0.3377640770440727,-0.04010985882176715,0.2321239108040031,-6.075349362290539,-0.23085892482698092,0.6558752424836021,-0.8144084036079383,-6.80987633346053,0.18144758017379778,2.318908138096019,-2.5165775205448617,-0.39348337350498713,0.5930134476424883,0.7872044218573155,0.10257270122598532,0.03373294122506452,-0.3966268441440022,,-2.1672591311022367,0.22759289144107037,1.0265354946665348,-0.7335064791526714,0.1115140127708559,B,A,C
178,4,-5.002657142276524,0.6634646767606386,-0.10354704114430296,-0.1053323208979895,0.1527137543191372,-1.7251347145880465,-0.006330912331408809,-1.8583591071642782,1.0901733045513222,7.1909410586693845,0.199506381372449,0.9414086753206826,11.745585860672254,-0.12042183146327591,-0.7536904529721452,1.6904015634711205,-1.1414873229143119,0.021545088824481032,-0.08482605346697931,0.012783101639649233,-0.5121240293136501,0.08656428280987763,0.2668063447697411,,-0.3592796867079557,C,A,E
179,2,-1.7750207758562464,-0.1438694423612313,0.11531766999368241,0.012931417379448949,-0.17984310705122286,1.0613296926120428,0.754076513795791,-0.9845203061038227,,1.3331685467793402,-0.3392234739594338,1.8684499305703792,2.3848474865977094,0.9132242138384027,0.050609883301958355,0.21398718268008007,-0.9291448406532958,-0.16433070309708778,-0.4702559846960227,-0.34161024071919427,-3.313660138235448,0.5181129818407656,0.22257763000768646,1.4652211186603803,-1.2970184829834595,E,A,A
180,3,5.679635166433422,-0.21336232064831875,0.09039946899370312,0.22746521953423604,2.89157732242973,7.849549058867921,-0.5432748974486661,-0.7090795001924199,1.6498565707351185,-33.5104572999265,0.47312575626561076,4.515659138764107,-3.9217599006702955,0.3085473409790876,-5.329264840113338,-1.8560954813308128,-0.03687479826991361,,0.5739360946840663,0.22328965993097208,-2.3557497380370904,0.271891591350057,0.09797823925999107,-5.070065483314346,0.04488664459350817,B,B,
181,4,-1.4373525094155504,0.32058846393155066,-0.17295523582059885,0.06747485731169695,-0.2995407676827467,-1.4302000653719944,0.3695863443907736,-0.8451082967795468,-1.5821905531128648,-11.286493667961613,0.18766608275274121,12.11084041349423,6.30622093883794,1.3894657442470575,-0.23216857362164478,0.8092833312574487,-0.06253196318705494,0.16410315971346448,-1.0800161672598234,-0.006159714345308757,2.307292361055352,0.24321043777971357,0.14711645359448386,9.8884891499463,-0.50640627233607,B,D,E
182,2,4.3614289641975565,-0.13543996108903675,-0.05660278777066456,0.12494672932791921,-0.10693737471062896,1.92517581105761,-0.6721555202732212,-1.5102138270963736,1.5188846764325212,-4.478446020295189,-0.3810799674829479,-1.0768599786617712,0.3167370200756522,1.5282998548920868,1.8862712866857678,1.1613525900374724,0.43799041362508734,-0.008129176574550739,-0.024644181620289255,-0.30151972928229237,-1.0458896485620395,-0.019653414670788766,0.3482654316034111,3.0262051323751904,-0.13040429341774143,B,A,C
183,2,10.504125283387307,0.08782180674394836,-0.00028437090687614735,0.10728031267732642,-1.509192388190869,3.4428906991531196,-0.7540579952636873,0.11921263725349401,-3.63175953171585,-9.450921428125396,-0.16037591432286766,5.618792189897821,3.8163335110806766,-0.5681669910135911,2.747296272967122,2.825325360960749,-0.37198471367306,0.10131422495319,0.23263066067577914,-0.012876502295308099,-0.9515126745951232,-0.04753664203326075,-0.38843338336320304,3.403831089886925,-0.9527226545120622,F,B,D
184,1,-6.298199359747177,-0.3176995763007323,0.1677434711642556,0.04475515827268928,-2.4340498023392536,-1.5851075795513316,0.359216009933835,2.093282526978425,,12.07746321751081,-0.23207926352132277,0.15087545771124078,6.637381721054812,0.06208727358647974,2.7294323502169333,-1.7814203244953197,-0.21348266054872667,0.03942535729579607,0.21610704185206517,0.12145844887566926,2.841907375479099,0.1930178891160187,-0.3137549445140535,-1.3015050355480198,-1.052229219951902,F,B,A
185,1,,-0.4007492843175409,-0.28128365979150327,0.04579760358104301,0.6359432666733443,-5.635865736099912,-0.7568269811175544,1.251780638974811,1.265153554563336,-12.74688933083799,0.08324167931577464,-0.12484961232192628,6.19575973535627,-0.14692111236158462,-0.6553631767743738,-0.13638545756640305,0.11682487261814226,0.0006809695180267166,-0.247519381734221,-0.18306556394884801,-0.36806048369816335,-0.15829707883098465,-0.46674496466135235,,-0.5447215837961985,B,A,C
186,0,14.466141424564295,-0.848345524330228,-0.31501789488925636,-0.12062236436028625,1.4886979525293058,-4.14992209562838,0.09503477261033975,0.0311870827418033,0.05657857177138417,21.784598940797125,-0.2655758256612308,-2.422568637950567,6.69776446188977,-0.5123048807473966,0.18789244319759452,-2.852706285591328,-0.024618666576970708,0.046386301078312694,0.5146323958098288,-0.13978800937539607,-2.0972651753503686,-0.1690840052175736,-0.22770265752435173,-1.8940289884865698,0.6154226276669493,A,D,A
187,0,-2.131019643888687,0.2156260743820483,-0.6097233030797485,-0.11301065780276777,0.2527462337914014,1.5186344415015012,0.6296318664938471,1.9227547686038573,1.283510334200118,22.072912889122502,0.3020127529969593,3.0928489052064143,4.5072240265394,2.0273930947209013,-0.9044085968818052,-1.96398214698727,-0.37761769466431455,,0.006532627251348284,0.36303501045067593,0.5229604986448795,0.0023433513708381133,0.9236911380452358,-1.5458200058109546,0.07933264697650849,B,,C
188,1,0.0030612254776960614,-0.7324080080563219,-0.09409358485891996,0.06357692551183665,-1.2203577266032952,0.7882504927306228,-0.8904754879294009,0.6750462802555386,0.06720236960496076,-29.406618676818166,0.5128998850450323,5.110394980304905,3.2570963452835966,0.4677161363786155,-0.4757178641438262,1.1385692575608966,-0.05428124985348418,0.2857829324742816,-0.2217786443439319,0.05798889257856276,-0.010644652485830233,0.16406025109974207,-0.6562304155663385,-0.595595540618802,-0.23894008124782526,D,D,C
189,2,2.9536324442384556,-0.20444420607867417,0.45593056572445695,0.0713907692560944,0.03519168557214962,-2.375100535690784,-1.1751796381116135,0.673104914949859,-0.3194483133485534,-0.3202163224027712,-0.15774816278038112,2.8529510020122486,-3.1332910431249403,-0.7462904041875116,-0.7964648355782884,0.0991683249790861,-0.0646007340381831,0.08317608025297714,0.0876045384882552,-0.2786398390629805,-3.0053620961856735,-0.0152901051058399,-0.44314412798271996,-1.319613713426273,-0.19222654531850975,B,B,A
190,3,-0.5245497133632495,0.43900293418363984,0.040606183154241006,0.06514125304809865,-0.34310775052685016,-3.7617817872643253,0.016835720987071506,0.04601193724950772,3.0384155991032737,,0.5221965448975366,7.757238326202515,-0.725787562190822,-0.7546036398331241,0.026095454613736656,-0.772501600389771,0.34928355642121367,0.2005437630295565,-0.1056173822650593,-0.10676204637009688,-1.284845806713388,0.02911478708701816,0.49393151917396555,-0.9348889413197985,0.7729865098577592,E,B,A
191,1,1.9341113661503093,-0.02430620041069117,0.16678114590457516,0.14419043877346857,0.4043651795912463,8.811380899424071,0.10606426549494818,1.9345407601951026,1.8755655672549996,,-0.687719839443424,10.031784211408434,-2.2128637798762494,-0.29321438701542846,-0.7210736036934018,,-0.060005278917649674,0.4804405360072929,-0.1788477920371726,,2.5846225822762556,0.08414894414711536,-0.6574280199175594,1.8294799966361754,-0.7006340424541779,B,A,E
192,3,-7.357204977153482,0.23049940252228396,-0.005431117844497919,0.12511067617805197,0.8131381369381055,5.003753236442705,0.9620140136310954,0.6064954294276304,-3.020991556771161,-27.476649755579196,0.17395619385041441,5.15785307851921,-4.447777803928336,0.15721581082849723,0.891471350598408,-0.46401021861603736,-0.03059216264543667,-0.1550764791476695,0.21790247971497564,0.11288691327688065,-1.6861229231136616,0.08637165217975186,-0.45929128633028893,5.304323534813067,-0.30323910841634333,D,A,
193,2,1.8006497651236089,0.5381100601322429,0.2500469526507806,0.008611907221173333,-0.9564903719804826,-7.7585888205472475,0.485672171985461,-0.6459955732345364,-2.0454784435595936,0.8671806074555729,-0.3976905347768972,-6.9209310783483495,4.246697231582082,-0.34738637181311227,-1.0550117886650987,2.463729179440033,0.5826421856444146,0.14055993585156576,0.3441922300688104,-0.12470872311658329,-0.8580287943935788,0.05467493539371984,0.34258673907661613,4.2102387114487545,0.7368126267391488,E,D,B
194,4,-1.7532757061610889,-0.5797388794797397,0.30049648897045605,0.12499719313282759,-1.549166710881892,-3.4142646035591064,0.5307980049258961,0.8943452161843102,-1.1866667483492528,2.63458313782905,0.04954377234745162,6.288990536681224,0.051787077533684674,0.06903570488898608,-0.9125123235624748,0.2780034165730412,-0.8900493890139288,,0.17487313880178929,-0.39573056928355116,-3.673685555183889,-0.06666633623002163,-0.4618161194546742,-6.557016271514274,-0.106877758001691,E,A,
195,3,4.0783418396880515,-0.2731082444530887,0.1371215089304011,-0.0970087130417829,1.8221889087637557,-2.051295426229871,2.426453185156324,-1.756327500059636,,-52.54954940233675,-0.3627125419457819,7.481497821370256,1.8373318178089013,0.4774506054579998,-1.4483241705650078,-1.5678430424388123,0.520580958854305,-0.12713022083174638,0.22836359521505248,-0.022272912013977363,2.850098519428107,-0.09398203359175274,-0.08114182242148013,1.429699627169006,1.1180105642964981,C,A,C
196,2,-5.897415478430167,0.23571958619986288,0.3456245987525723,-0.11299858469551999,0.26180578501610186,-10.372973078765591,-0.5472059717251071,-1.636263870893906,2.793493720732188,21.218467869392292,-0.0884060174789939,7.71197195703389,-7.058047770664964,-0.08300661524472296,-1.3602939952153699,-0.4003296406260097,0.20536517234263624,0.00464655730444643,0.03241807287367509,-0.05404267331155441,-0.4383167145964755,-0.11719756819575576,0.003489483164789557,-2.111637590904259,0.35479292987762706,E,A,C
197,3,-7.795654960319161,0.026543144235444054,0.23168570197986357,0.05915816928008129,0.6920007489996349,4.573560981824085,0.7150873757907357,1.4539871512902256,-1.878650449108218,2.4837544592346035,0.25344143120231244,-1.4553496956941823,1.8161071913951112,0.053248068280597666,-0.3212144655355515,-0.6193795590174263,-0.2087859648932159,-0.2655805364136051,-0.3712161398495437,,3.277683209944827,-0.17861523598683804,-0.7578833687324759,3.792087950045642,-0.45606960872601654,C,D,A
198,2,2.456567274557826,-0.15583259520288573,0.2314820155746768,0.07241344822951537,-0.0948142821226898,0.887365087068756,-0.4078916161602625,-0.8310388662999991,-1.587291406789698,22.539791202199222,0.04295262509443724,-2.041898101739523,7.297376461611522,-0.6890567168784085,1.7587233580624024,1.3871475012077312,-0.08108842814125494,0.05684750140358038,0.3956295367013492,0.2823636872594877,-2.064051128835706,-0.3717475128829815,1.2148390577867247,-8.700227813791768,-0.33536976592545026,D,C,
199,3,-1.9391693845436462,-0.0015790465885758918,0.09427864041827973,-0.0637527625106027,1.1900616891474731,-0.224540775859419,0.9207069727788589,0.9422242602502602,0.6550593528251488,-18.876972646912638,-0.22935173703636644,-4.1151684481789665,-8.770611541673969,0.3139515576240534,-0.3878361461849994,-0.4735723011600823,0.20917970595907753,0.13179557812823198,-0.5409709175469938,-0.059991930899766246,0.881474453525766,0.005098944179883842,0.5465468553654192,1.9077776216236748,0.37565978319636834,D,A,C
200,4,-6.497657887689485,0.30660899731349633,0.21470271051234038,0.013926342585150436,-0.03458406265713305,3.35820137161617,0.2110735811734519,0.6941135753100781,-3.0050778486328973,-8.283574295682747,0.18761464648419712,6.219667971073069,6.4622252199657435,0.03565898491473725,1.2967143437323565,-1.1939590409171867,0.8197232382209408,-0.16017447813459282,-0.026254625498770424,0.15349383673429176,-0.8512519284727614,-0.18993348969238055,0.962035237715894,2.0738967480592057,0.8683413408789531,F,D,A
201,3,-3.136146569785194,0.3448613561335716,0.37513642494254573,-0.027950880855609015,-1.1589361517020265,-5.818484015231257,-1.3884222778603805,-0.7418697264669161,-3.4153060711144416,8.389941897233296,0.07044092224004381,0.7548539597062109,6.541241139541992,0.4870005562006715,1.6748632430985804,0.20810930764528737,-0.025871870518731577,-0.1523295274197026,0.43589369200601535,-0.17736204741946737,1.7701582202805082,-0.13515417794630005,1.094792884455793,-0.826479326850758,0.8208464724441992,D,D,C
202,3,9.59578726783028,0.24247230356932606,-0.12994023422748838,-0.09431223218818223,0.7540499462001434,1.6259734152375682,2.0048135469772475,-1.2348609986564296,6.670611736743619,18.625499719759304,-0.03125745835009229,8.219517830461353,9.603673534713463,-0.4951106671250048,2.3970878231241497,-2.5254600830572236,0.23137357020899751,,0.39113434142075015,0.22037172906578326,2.5497203639544526,0.15164946528889378,0.500630289120713,4.353576351639712,0.7954173896058258,E,A,B
203,2,7.5954406860704164,0.06270731468659081,0.13720118901017667,-0.08205176571144712,1.3538359332838776,0.6809769334222026,-0.46690303794364474,-0.9588816152107446,-1.4838159927412757,-5.512011804251819,-0.3940030605009603,1.7347029910238787,-6.883041895764143,0.6728959885652701,0.44874139489760334,-0.4324518614276036,0.03786888593909059,0.20736948554576484,0.6087733491911217,0.1888590739810571,2.890037307700947,0.2617599222278525,-0.5182521026761668,3.3659035950368645,0.686382050986116,B,,C
204,0,-1.0228569757772383,0.09133997061561595,-0.3279979491755024,-0.0029164544612505314,1.0445899334889168,10.075828861464464,0.07739247892764442,1.1639792962104232,1.899544878865982,-17.593132182329043,-0.13328565808616213,8.004795445044834,2.227336731189519,0.07590665265292085,-1.3094502801732366,0.12687349416056729,0.010146118785705392,0.037664443338349174,-0.05007871665342747,-0.39717761585002576,-2.128755386766784,0.3337679253425595,-0.23737231363317074,5.705142235217943,-1.3001356327763993,A,D,B
205,4,-2.836435412948328,-0.2861601980036753,0.37136885341753634,-0.05445123830564948,-0.794528346262002,-7.743100220643628,0.5163553508410543,-0.29481611514644185,3.522999718598791,-8.952696774988803,0.08286098920895195,11.39801786829931,-5.439959703924896,-0.6058819388993181,2.6462633027554237,0.33313443464495524,-0.446866900822821,0.09147806830034586,-1.3521189043369386,-0.37733853756718233,-5.528680679064162,0.06510799598229366,0.8444373068489601,-4.295483388804999,-0.14493300642291546,B,C,C
206,2,11.88573391670982,-0.10111662222307438,0.14429834405083422,-0.17051504938871187,0.6432533388256526,-0.8684112431477754,-0.12549336505354064,-0.02122082093091628,0.5927841345119683,9.060406282335734,-0.3224738691268603,0.576836727340424,-1.0599600366741981,0.7146892562271658,-0.5970296928904691,-0.4854940035226014,0.3480121137619139,0.11630582951662242,0.23477483002981941,0.17112448740274203,-0.2742580173024541,-0.14331068690650117,1.4108487869716366,-0.4432511726045426,0.8507325547311971,C,D,A
207,1,-7.087469992319304,-0.0913842313432932,-0.05167587959921692,-0.014128950782123319,2.484283910472303,-2.968301675941694,-0.9786823244654556,0.52185453758525,-2.955189125713995,5.493970990186732,0.14464495883168516,3.3689135569911377,9.31814069334002,0.6813355848284842,-1.2838510496148063,,-0.6719656668025696,,0.5956212589541835,-0.009271069180622992,2.278143726094441,-0.03985246987407474,0.22240392051077318,1.5541615417555799,-0.4798659509097934,D,A,A
208,3,,0.3925246961216505,0.1743913720235398,-0.0604364674898671,-0.6910301544931858,-2.556682393825516,-1.6484212182927047,-0.8737345318715791,-1.8158537453881356,20.521091610959964,0.695997162961475,-7.633097256483339,-2.4477519280237736,0.37652666074942803,2.0342221198770134,0.10120406398778592,-0.6321953085477221,0.17219326864681248,-0.012513460664042485,0.2669163710726967,2.468104661327721,0.08968200298776687,-0.31730280618649953,-0.7890746822690504,-0.4545147194119528,E,A,B
209,1,-0.4346491002645174,-0.00913423087516665,0.1626490900285246,0.0508473056084017,-0.5428961127248693,-0.13672839987684482,1.6644694637191715,-0.43865106072418486,-2.37809061803521,3.913312297831866,0.159433211119005,1.6963355289835909,-2.6154937078684832,0.8217794863418938,0.28984243812741217,-0.8839254267049834,-0.2489216103055048,-0.30747967792876724,0.14423963493559663,-0.028770742570551844,-2.637815519735839,0.2098667657798154,-0.22970412982866228,1.3856488778439355,0.6853346908375239,A,A,A
210,2,0.3293251026812462,0.025927794346747433,-0.2032541481507176,-0.015884384606197215,-0.3459270598801685,-3.8077438133859665,0.9832019279093669,-0.044221975391407604,0.7102461028311674,4.5137212301790415,0.19889780920834949,-1.5321432605901408,-6.045941979489242,0.24590225841786964,1.1953217591965681,-0.20853442561473415,0.08429815513465162,0.07110999511710552,0.23509271892604236,0.044633756893230174,-1.0424661846023369,-0.24672194565184555,0.5314681477023493,-2.9889978420399617,0.3908494605999189,B,A,C
211,3,7.517139525753783,0.13012895233315402,-0.20279094471308443,-0.17818237374236676,-0.5125783845044111,1.2626498320290527,1.0399561684918694,0.2577858644917464,1.8432912365061376,11.939238947811868,-0.11940849283995503,-6.415782283120359,0.8474645364838108,0.6548558383356684,-0.9244665731336147,-3.1456106301524382,0.04182863996157457,-0.05269497401107816,0.0552838954639035,0.30007280828545135,0.1442739102634616,0.11409259248339651,0.514188759776375,8.42954023579407,-0.14029367686402858,E,,C
212,0,1.1833543416927899,-0.06787546037768499,-0.20262229874355167,0.04452823102399369,2.709485179120906,3.083821636671815,-0.4153187425842519,0.7622733368791431,,2.419074171167457,-0.2575627319449544,-0.890318313699279,3.683553697702295,0.31544868679701477,-1.2719179505907665,-0.43088539103797685,-0.11437084291077956,-0.04869961581183074,-0.2303155370399966,0.21066862252615265,1.248583640150647,-0.05916969287529779,-1.1567832808158163,2.232576983092372,-0.8378670604916033,A,D,C
213,2,-7.277557865752273,0.038801332564415966,-0.37058442858879576,-0.09315562014135848,-1.4901594323890237,6.083226924888357,0.26536498690504984,-1.533673050268089,-8.069903437498427,-4.674915185384284,0.4611858257792176,2.9333299514483127,5.967969133001408,0.7796983009223988,2.3316596889536423,,0.14008584098187216,0.03697853693872346,0.40881501341750737,-0.031153176577081516,-1.150779912276185,0.029121779410469707,-1.798099710583343,2.037486475482167,0.6254481647924388,E,A,A
214,2,1.4493684092297343,-0.13320516013300832,-0.17131138348071923,-0.11941289609985394,0.22307481733918313,1.39275474821435,0.5360545368258142,-0.6092617742134941,7.8220829495610555,-3.193547941443766,0.44103143339096385,-3.132040908634322,-2.6364034596348342,-0.20698647913907708,1.0012681609210208,,-0.1510104292436371,0.2047229702386297,-0.6560299644027964,0.3509912213877954,-4.050538932532264,0.04909581218891963,-0.4378076935937108,-6.538400646076242,-0.48610751877919656,B,D,A
215,1,0.455860532455913,-0.30080028703252354,0.1250569910283573,0.15169855826734635,-1.0458161084313289,-3.5154155854265667,0.4681401423479458,-1.1020673732413815,0.4225712063245297,-12.347137555240081,0.12238542486448892,5.2786621468108725,-2.422711038542698,-1.172082966099989,2.9891712964311847,-1.2160931426977912,0.06599740642729972,-0.08769450502178737,-0.5641225472096812,0.19093680049035527,0.5969482688903965,-0.07470058652975073,0.6920354424351117,6.235922751799253,-1.077388744676106,C,C,D
216,2,-0.7117120550364964,-0.01889926209931246,0.23176654121480897,0.015182735643802667,-0.7328530491189786,4.067048461818112,0.30757992771685844,-0.9963857999004129,5.863483130177302,17.92638641683836,-0.6926163887256865,4.878366485918418,5.765594721320208,-0.45467435444140786,1.403083468355729,-1.5443402443282008,0.048465182533521854,0.2660985340049297,0.7528384376565322,0.3685280582681714,-0.6565684299536552,0.2445654684375038,0.14600836580225057,,-0.5162688720824969,E,A,C
217,2,8.814864289193043,-0.2208354541020409,-0.032601666566973136,0.08651890500449708,0.7748395441901715,3.7014194813444354,-0.08317227269171365,-0.46101501350363455,-0.010548048967996148,-20.553936559563766,0.09601952839624613,4.130979293976804,3.6315766594694607,0.83839488479641,0.7566129385897399,-1.6324248861861237,0.29689718941007615,,0.37362868989983344,0.26364156564208907,0.7287130831705307,0.1908784071530972,-0.0860620601395527,1.9762645274792066,-0.4146520214233938,E,A,C
218,3,-1.2227112582597766,0.24653798053199438,-0.020374901160719876,0.03479941213589143,0.22529512814894284,1.8383702812420701,0.6063950217121276,0.3437575317482689,,-17.422626347633173,-0.29842444000440504,0.021734292115907532,-2.4882233138969845,0.554320631375155,-0.9043889630307572,-2.716900106853549,-0.19866156398704005,0.2193757940744182,0.4870756843806968,0.1544182850873064,0.3312681836622194,-0.15885691939591798,-0.1935722144746757,2.1228118923120958,1.1138691164320056,C,B,A
219,2,0.8416528461862914,0.14067989943573578,-0.3668010142023315,-0.06200360678979671,-0.10612310222601991,-1.0174275099578114,0.9220137127267939,-0.11822212030968592,-1.21755437097672,23.547814600299382,-0.0813077769099006,6.004814914793432,-7.592970255627607,-0.08056308049204869,1.2167069682582397,-0.919351904093576,-0.023562333064378174,-0.36499993090054017,-0.16781895493016658,,-2.1062365984793403,-0.25428493653653333,-0.2286882901841877,-3.1111323767213754,1.3219069604868892,C,D,C
220,4,-3.86141544510027,-0.3676482092149096,0.16943368741320153,-0.06827878060649273,-0.06319797879211234,-2.097718493157182,-1.4480061720225885,0.24752008303966136,-0.046313038914787975,0.05597274401174058,0.08572592455394239,2.0647741207154846,-3.808815736800412,-0.05858357335587429,0.09215248104112507,0.23990770014001725,-0.7672111700467803,0.07639192355854653,0.004758134384394304,-0.17029481886746134,-1.7253675589855162,0.023127204069418594,0.016402768893032015,-4.387488866606683,-0.09994609937570242,C,A,C
221,3,4.379131131061654,0.16109426955758757,-0.17648310648444449,-0.1835351290251569,1.2395076687763358,-7.108210299891509,1.4111536256443462,-0.6324616121673133,-1.0261897625402614,3.5844742933662563,-0.29887228868558774,3.453744646194504,0.4715628495249183,-0.9628140242614552,-1.6194763854951848,-1.0495810483899213,0.28359378935415763,0.021721029330763936,0.3379481270733212,,-0.3231110582904649,-0.22623783822773003,-0.5300294443309764,,-0.23679267493450087,E,C,E
222,1,-1.104228323320609,0.0164784974634923,-0.25302770929811225,0.0028247947696643854,0.28558387688523346,0.031489000999255896,1.0676756478327452,0.05672795349604552,2.921338704955101,-25.154730880046845,0.23410633064392936,-7.143213626988273,7.680231898112839,0.41904636027888265,1.3079878564997687,1.5672149441577476,0.7862304396706745,0.08570478195024958,1.6061122206086387,0.22259764307877472,2.299017169045861,-0.0820405755914278,0.4466096812618376,3.223420901045326,-0.3756247767681027,C,C,
223,3,3.864699357638378,0.10254459945033083,0.2404987926776982,0.0771663441869766,-0.5632007047197919,-1.518329270027313,-0.5657748503051108,0.31095534139545755,4.792911358811895,-24.51916537122693,-0.34554879243026526,3.2378448494450613,2.8523615254868497,0.3545834814241576,5.669104451426417,0.68800883480026,-0.36086207337032306,-0.18446891538891655,0.5566608568609924,-0.052547920324923225,5.04222815026155,-0.02209074958053221,-0.4760720822629072,7.526848544058654,-0.07339680601458737,F,A,E
224,3,1.8217832418367748,0.09145939395259432,,-0.06351156929963425,1.030923742893153,1.240880809197955,0.6387883966473685,-0.14683714143348475,3.4668446988665327,-25.710336130791422,-0.543214344124891,-1.7060808234503655,1.9617194802839482,0.18957472153288862,0.7895648409899011,0.571061253036289,0.07983761169542665,-0.09376932509376834,0.5931933025437822,-0.10675511205724149,-3.341433712807594,0.20743748773562273,-0.3297744961897947,5.044257592595233,-0.6743981167501358,E,A,A
225,0,-6.283413072109226,0.021765674112370275,-0.21448470268650857,-0.17577221294949855,0.014293099159706776,6.505256209364951,-0.5286267284457882,0.8653735845107922,-0.0437313565842951,-0.7442611340396712,-0.1136503663352814,9.41157414021234,-3.7346565677643087,0.5259590746679792,-0.15883380070272146,-0.4292258062148952,0.39021915853542033,0.1254530984551171,0.7336353750426068,0.023936605743298336,-0.31209497093783034,0.008405975324970226,0.08920714195905918,3.4191101779565223,-0.7095946282806788,F,D,C
226,0,2.2132945402838518,-0.007560107616423797,-0.013223025661875158,0.11025467598768733,-0.795450157763114,2.260628203353172,0.24735121649973527,-0.8524784169167013,2.3650124176949228,-6.18858591213347,-0.5060135689711548,3.6658198686243324,1.8692795541197138,-0.30744923591462625,-1.552018482537786,0.5327834168919248,0.593460813736075,-0.1332454269061755,-0.13248770817410435,0.04173929095849941,-0.5918331499509157,-0.23993428386199928,1.0574867212792793,5.380348650050093,-0.824836327102927,B,D,A
227,4,-5.150107142732884,0.19449195719172563,,-0.02954786844037664,0.4921454138026903,-0.7193880412256686,-1.7248580690534274,0.829499847595318,-3.1805378932956674,-24.025170942194496,0.3502989047799285,-5.551161279815041,-8.96977724050574,-0.2496821492565875,1.5326493652462445,-2.7377654099294806,0.6509293231514174,0.047797278324293146,0.4377007955924293,0.13939325565515684,0.9288541271325559,-0.049536711309884116,0.7855806387774937,-0.7914365795461532,0.39747526101040836,B,A,D
228,3,-7.337386246677368,-0.06795157022133869,0.1679517782295311,-0.01071560907144426,0.38570957281293844,3.3119155351172673,0.4670358452600951,0.3584619802563662,,11.46849576686786,-0.04333620056335595,-0.7405124799464178,-4.101421889780835,-0.31224149896993175,-1.7719485633396552,-0.8708026128206416,0.1322054684658157,-0.10222061123913972,1.4397493729660782,0.21373598003019958,-0.518172657091165,0.22140635915889365,-0.19201192239505396,-2.7820646010466334,-0.46275717675506056,E,A,A
229,2,9.254570605495948,0.10009551748161351,0.2591454757081579,0.04263496598306976,0.5577560671896689,-0.07981791266995927,-0.2629811888501439,-0.15600564436365136,0.7151722187297638,,0.06803998467680529,-1.8126302383639397,-0.938411200818557,0.5543702276905206,-1.346771793856802,0.8505983548220472,-0.07812144328536205,0.04962760646411202,0.03985173571111979,0.10231462387556839,-2.953251150054322,0.3203056612471556,-0.22906359774555407,2.0905443713716907,-0.5859660706487699,D,C,B
230,3,6.49194061239573,0.5743134677277794,0.07003857274788346,0.26112782664566836,0.8831778049379772,11.430246893443018,-0.6774765327927867,0.32952517177356033,-0.6380341875751602,3.6601646977905684,0.19109824464042283,-9.616226713558389,-4.850102737154227,1.6754444023334103,1.2528256415182069,-2.4178802392434977,0.13462148788222467,,-0.32188802258356314,0.6545224435515619,0.6255957100105827,0.1111266720260184,0.6728774866404781,2.2188080091364863,-1.174005093103396,F,A,
231,4,-0.025876169236148692,-0.04747361668326609,-0.15342393860702028,-0.06793069663702113,-1.6507727820229112,-7.541585498647306,0.019757568170524393,0.45244001799381944,,-10.986985112890924,-0.046453786638648284,7.477836143808222,-1.8125586899975217,0.3375447278360005,-0.07185966935743071,-0.49073958880186214,-0.2036776981184119,,-0.697280465983214,-0.009050957361136109,-2.4641425581315053,0.19845698078617435,0.05677421317689322,-1.0083563874551644,-0.3124041174704122,B,D,A
232,0,1.9938939936727935,0.23749975727541964,0.10338040740805006,-0.04506196089318757,1.2386766887240006,-4.420810250374104,0.7171145757312019,0.24093059430335073,-3.00918249447428,5.5066757728657665,0.20988788011576398,3.719346415615392,4.161478738058418,0.837593519591035,-0.5373832950669063,1.5876732257151893,-0.01865488446267683,0.22022136156607475,-0.3932801871985819,0.26365211186646026,-0.9954842304777378,-0.05698526979121142,-0.39267969359270777,-6.146878713477464,-0.25158079815075546,D,A,C
233,0,8.432637144112475,-0.22012188339418529,0.15499509874264436,0.0996678584814773,3.0030483125641707,-8.891008975026688,-0.3902460494064283,0.9221341037312495,,7.383055185170334,0.030592391062120104,-5.935644101188379,0.038243488232337204,-0.09435624626110271,0.9990615655270507,-1.5261535608173418,0.6412153351671596,0.09532996517549695,-0.13167332728138584,-0.1613451113888649,-2.8861010887434437,0.24297395487526313,-0.7627963865377557,-2.9360725263197254,0.055626274567824235,D,D,B
234,1,-1.225099629622266,0.4507609330203499,-0.0698027817210572,-0.1586540701217031,1.2337767519523792,-5.176096879628888,-0.6325349831314337,0.05688888514457911,-5.221921489421429,2.9718894660723234,-0.1058512925871904,-2.046152196786805,-5.8194449033679545,-0.8191210321536936,-0.5930724407153928,0.7946803729801919,0.8044379140368333,-0.11526383444068544,0.8708628667221717,0.23604120617191013,-2.8396649900282305,-0.09753799131861658,0.7595549165875869,,0.27526012179093035,E,D,A
235,3,1.421999285203368,0.3867607387273421,,-0.22559048431756465,0.791901723431249,-1.7573656916626652,0.387961798407583,-1.2993963122503585,2.8910101983581167,19.440230698337015,0.11958335155843483,4.313406931358496,-5.637917102178519,-0.2368885228451411,-0.804360288507046,-1.3997883799601518,-0.11503590303015972,-0.09062272504578844,-0.6785843396919212,-0.02491246263367895,-0.027128113394184167,0.11754310342704145,0.16918999697169512,-0.8794427919350207,1.5924966014846167,A,D,
236,3,,-0.10881495522254439,-0.0017220658811102705,0.21806818996285146,-0.8705909404575175,0.1345211530030299,1.3470161612386828,-0.02963450004835972,-0.811257333795823,12.196371277797912,-0.15641200301409586,-2.343992822399953,5.333963076607196,0.8396318978783446,0.07536049419260457,-1.6095438362736478,-0.04922491240865207,-0.10376640848689342,0.5322808995529872,-0.02791230633060739,4.551456115357242,-0.18403796086334837,-0.022000783173611167,,-0.9206245425358603,A,A,E
237,2,4.504810852680177,0.07544497782728467,-0.2885179851731945,-0.047152224572362816,-0.5240155664091121,-4.302451284142295,0.2722283532030048,1.8580304056062251,,-4.561222688980396,0.6239648933257884,-5.603688498871569,3.9516816621306767,-0.38441142148418594,-0.3225862305005611,,0.30583099226160904,-0.03159175021077778,-0.12670670473577852,-0.07920202274188505,-2.202727771008126,0.01459761245308765,0.1374614995441262,0.9433561811836022,0.07861497735516024,D,C,C
238,4,-3.5364965502092534,0.17358003959348506,-0.4110347305042461,0.12668059873579654,-1.1276423222013479,2.290431811306625,-0.3269921485288432,0.581712219760983,,5.123595319601275,0.2400254448696639,1.0143587946928054,-5.479746189064802,0.38162397965004524,-0.47919188280682984,0.5617393420956057,0.002316066622324798,0.11042068982253098,-0.5186179684544331,0.14278897029679288,0.376153029975376,-0.04747777354723362,0.5278885066975135,-2.006113616674839,1.3482747242373012,C,A,A
239,3,5.600067706687328,-0.26250152711016433,0.4040652642505733,0.1541243022389128,0.8969412168975476,3.257484658671249,-1.7736406009883796,-0.8624823835298635,3.8384525475498976,27.205407170457075,0.367056287747378,13.751303138914997,4.4504823822036395,0.6520629323147459,-0.5980471972878234,-1.4707876968447116,0.10346263838129023,0.015581687911776007,0.8600996318614312,,4.838690784106961,0.40290663515848424,0.6738478862545674,6.990904170072248,0.857488275294143,C,A,A
240,3,-4.697986264334442,0.15451664003874502,0.45436999781581816,-0.04771828594518057,0.060274511434209616,3.5677895583095296,1.0647847380210447,0.8864402509416771,-0.9287928059789516,-10.027626316863202,-0.27867246204708207,1.5528602461634113,-6.3082705847675244,0.5977777507789169,0.564445901593706,-2.329524874978545,-0.3265102415584732,,0.1085811641539889,0.2697013326795559,-1.2324863202960608,-0.32894775129606635,0.16235322880253591,0.8860984801892962,-0.12313711582224102,E,B,
241,0,13.75833936503337,-0.23473037479970288,0.45944280259913095,-0.08289292488780514,0.7246750666203778,-4.807827245881439,-0.05774846207809083,0.8698240631958548,3.2618928457094327,8.62086582875818,0.13045872782129156,1.0488764842331493,9.694573807476885,0.1057996718968332,0.6629485536176689,-1.7957967297907995,0.1426775767066536,0.19309235722745602,-1.449235082434753,-0.3499232304104315,0.5521848767352937,-0.3035276389899096,-0.09575382112413725,-2.969100547128941,0.7452578519744245,E,A,E
242,2,0.1039692212978581,-0.032583899046448,0.08282166416741946,-0.05580155372433265,-1.3350627747850703,-1.8878766474807347,0.37843654262636256,-0.6753073876278707,-5.0550940931877,0.6520418629828759,0.3185363159031557,-2.0965866544476306,3.32727968092276,0.4563195219483033,0.4692377450382435,1.8775509107238069,0.34075668843155044,-0.03106972138565015,-0.5395789398675328,0.09384108910936266,-0.393565764941844,0.1350524494597022,-0.42496265072098305,2.246982753938524,0.6712697422421292,B,D,C
243,3,2.760324372957264,0.3352541303536389,-0.6021304047167769,0.018261157302955914,-0.3724213102934844,-2.814499352418471,-0.5409497906841728,0.4655861762675046,-5.425847395300597,-15.356732561183513,0.18162619925074133,12.19470700730593,5.142958265228253,-0.07552481669428923,0.8998447520218764,,-0.24681269672218836,-0.041754234484781654,-0.20348409424534827,-0.651177564595389,-3.231404143222486,-0.10329952001786946,1.25610638908085,1.9387100482887512,1.1281179806307957,B,D,E
244,1,-2.019983609205175,-0.2314139529664937,0.09631784312267046,-0.06648556887179476,-0.009065048406248642,0.4835126146789065,-0.21552273681724157,1.2043536210702013,5.1508180524813145,-2.7453051490415654,-0.2456882196317878,-7.381936276159733,0.529612456820404,0.18650150443003888,-0.45621393169072283,,0.03700201072104583,-0.19131364496134715,1.1090375809495203,0.07293519401287725,2.1270196644374817,-0.16743602247197065,-0.03799824844796277,,-0.5055784403250048,C,A,D
245,3,,-0.36832900794142565,0.3647023834911319,-0.01936815951838682,0.3455340431482106,-0.7465893622490684,-0.26857088727118583,0.5962650996879928,,19.999190227334775,0.12063177245585337,-2.8300668604581563,-6.778457875031244,0.05550787028976958,1.2641703000897826,0.8997161095702573,-1.6533096507748162,0.11871632747200389,0.30853943010628315,0.23887870748976575,0.2997313739050918,-0.03202404025931146,0.4025929346551185,-6.254672071279485,0.11258831725801381,D,A,A
246,3,5.152451409536331,0.651137010247931,-0.32109467722953716,0.1030830406035841,-2.3008246690847387,-2.0034353774642137,-0.10645034535266687,0.953251991163405,,-1.4948443923761847,0.20133548756218222,-0.7273597187169634,0.09434020243647256,-1.0200829743962612,-0.5129525356263984,-3.692832053896132,-0.22322019359803813,-0.03861814538447774,-0.8882388225537914,-0.1556424183638414,-1.0691535224956081,-0.07910956251258171,0.14884729668295177,5.4268166348193265,-0.00831562654817897,E,B,D
247,4,3.227494463005389,0.43553356159666123,0.17882701214832786,0.20286794031205554,0.6262857221450635,-2.516772008014989,-1.0864848231850688,-0.6707775051248809,,-7.079509358433638,0.16635022123792595,2.97213503024978,1.194856593135678,0.5538156262688706,-1.660131243908577,-0.4481350319305834,0.022197090450663218,-0.036254504404281615,-0.26159780783664155,-0.058595095143175575,4.2432178349658844,0.20000772864893826,0.819415193095806,7.136906218558297,0.6012274759777595,B,B,E
248,2,-0.4005580394806742,-0.11119824677085303,-0.05655873387246411,0.03229025956924505,-1.687628091121994,4.245711957884964,0.09935780547171968,-1.9222204043432936,-0.24087596684456147,13.637836482098914,-0.16461945543582363,1.3403432525591932,1.8243004322591607,-1.414075414129812,0.9009723829390526,-0.5070634802566334,-0.00988278895273656,,0.7467459476333413,-0.12537966477788365,2.052674413134373,0.48715642337168863,0.7416365288898271,-3.905683348416687,-0.06429222237126803,F,A,A
249,4,-8.562416283883861,-0.12450042390628584,-0.011434298712553873,-0.07904537563488244,-0.38296681759398543,-4.185124248972603,0.02675057307403481,-0.07976040922025553,-2.5010164734699893,9.997526459567446,0.3064988848889619,1.4645826080772524,-1.3781207938728446,-0.15433996904247338,-0.2812419554278589,-2.002571946738197,-0.7111770891843799,0.43809990658637205,0.45588590764312864,-0.3350056915259048,-0.09819424992590149,-0.013844929904401402,0.35368990049490834,-1.106328421321441,-0.9729845179522031,D,A,E
250,3,-0.4053035475938298,0.04911515797929488,0.16520069286483297,-0.0865555465414524,1.30345447127713,4.430963370445342,1.644843285379748,-2.367151260306194,13.739222004820098,,-0.38308334713362724,7.052011910206307,7.685844103383056,-0.7622852778758636,1.7889588293047496,-1.1674328318343843,0.3453741602831113,-0.17778209845462567,0.7677092738766264,0.5503638167667816,4.93997657965507,-0.06735095327363126,-0.3081432134406159,3.3570131812082997,1.5274195986497807,E,C,D
251,0,2.598948950802833,0.2637027561868296,-0.19642123435292838,-0.0987424638161116,0.8687837335617847,-0.9418504842531044,-1.2977850711897203,0.8309832569475321,2.3531480149771915,-5.956990387487856,-0.5752373490885233,4.4476036231467155,2.71159044649165,0.13303683861379348,2.3103059293762156,0.43827279488229287,-0.15076775714996887,,0.13766361163497606,0.37576953539768804,-0.49108393587364574,0.22178757014722073,0.22517187032840397,-1.951804713902945,0.4582849178806642,D,A,C
252,4,-0.5617937278293516,-0.10538948374887469,0.13888930657783863,-0.3402264937224871,2.4575554272351607,-5.24810875479984,2.303028369899138,0.33710365111620677,2.9448847523753936,-23.111414664018135,-0.4712350307736414,4.268211701218704,0.8640857127844483,-0.8383817294565419,1.5574013272311862,-1.7928434111317606,0.318319008787698,0.01821337860370966,-0.35306819311864834,-0.2672756383301482,-1.2692687306309078,0.040222647891980746,-0.2120432490309365,-2.9692002427935056,-0.5902659194390311,D,B,
253,2,7.52929749073634,0.1356843885959241,0.03984582045674061,-0.1692890365144226,-0.3786828325561879,2.6137348117874146,-0.4097319929021776,0.7395944265677212,4.812734494525124,-19.905616974810176,0.1206879118145149,6.552941733483765,1.6039172260506642,1.229414638130034,1.0030490462931714,4.1608036049980806,0.2646828231607428,-0.2339669738602002,0.16634917938949872,0.4670329484431452,-2.8073390871279407,0.6120724614216404,0.20016163246349553,,-1.3192145992047208,C,B,D
254,1,0.3472787673346166,-0.1662419186352405,-0.06492167992244653,-0.13206935384629823,-0.5197563060989407,1.3507801417934968,-0.8942354187052395,0.35737239275022636,1.8969334596607241,-15.351271960106445,-0.2868358306608535,1.5096697431270172,1.7595476114555075,-0.08423219859091555,-1.5297226517098685,0.27256416213642987,0.3877320327887287,-0.07507283079643978,-0.09305350760585343,0.12351129597986253,0.03963725812159974,0.12005624640518675,0.06574108903659658,-0.012014612650542508,-0.7462472376503122,C,D,
255,3,0.4290333728012557,-0.18633812874766428,-0.22955039554764187,0.1501308367178186,-0.08580500328231759,2.6726618952703918,0.43004002194084845,0.19172508971449484,1.842643087516753,-18.791905166217525,-0.525311733874253,-2.715940161015021,8.85168475239398,0.5603585056984814,-0.8132545225320875,-0.41794613691029425,0.34227481634743767,-0.11233351431250457,-0.033319143273810775,,2.3388564449580995,0.26186095737368303,0.6618794882000142,-1.7654475256918236,-0.4851413650766291,A,A,A
256,0,3.2184091929459147,0.3785396193332216,-0.5682359365213799,0.06446579687452844,0.720538889341779,-5.013970237586355,-0.24964655824559284,1.529943982575434,-7.087380995836693,17.1594982923494,0.15712074489560504,-4.802041698977164,14.61653870045194,0.6533187057992452,-1.501666635575875,-2.1217364594382695,-0.6153568891335559,0.301498417365931,-0.1243856926889554,0.2701591926149858,0.7399417233163765,-0.16587790060377183,-1.4747828847999107,3.981503456295752,-1.716703123131578,C,B,E
257,2,0.2540084000373456,-0.23217732441611552,,-0.09489563202105485,0.4704723698475681,3.505502422338923,-0.8387608282699632,-1.1737351254554969,5.609390725554149,15.759952887740582,0.29491644097876346,-2.593654676388813,-4.5226742690532244,0.5027033589526294,0.6792511561801106,,-0.652590440553048,0.25295738971626575,-1.496548813864619,-0.38267469533571147,0.3925228353745405,0.28779608130833517,0.8635312136762028,-3.033830775661357,-0.658504075246208,D,A,A
258,4,5.2378938590263875,-0.0061246555120016075,0.2517594794262774,0.06716299519210894,-0.7606352815595844,-4.736738263549628,-0.1871702279488997,1.4827940993860373,0.7519300659541209,-10.75556132794859,0.3492428775842869,9.03074467805289,0.9521703527615751,-0.3789147699835835,-3.0105887158552704,-1.5613095886229948,0.12063962587108608,-0.11065997375835518,0.49951891988271796,0.2677343663569958,-0.18119369744684058,-0.2598778130253952,-0.30858216614718764,-3.6625933203347643,0.9221458052864512,A,B,A
259,4,10.940095527486815,-0.2201851632197941,0.02553564678676087,-0.09217313882171993,-0.9531991595110858,0.11859596972374388,-0.43424866064721496,0.5723386368590045,-4.80678394567846,-19.812538093604815,-0.18890093511684697,7.729963698613905,-8.818785169303874,1.2766010692353504,-1.8285453714922406,1.1202870665540239,0.39715427849474144,0.09772474422913863,0.04042789938496864,-0.11635815914739593,2.068656099238648,0.016362109063274566,-0.019646082853575338,-2.1857547410521367,0.27177988594783864,D,B,E
260,2,3.4388937049432196,0.1915670181859358,0.3066989368651638,-0.01846967224803671,0.8837273144208491,-1.4430719410594177,0.2508485332809525,-0.7496793160771533,1.2518563115368193,0.889077165849377,0.5935116174050793,-6.3100178970265715,5.896195547377271,-0.25013018707285967,0.6818770316246507,1.2710355831638607,0.6226665495323521,-0.017876024339710105,0.3319494599724252,0.28707820888821856,-0.444477714268312,0.1957407190848148,1.33492556826337,-3.2811458947507663,0.1452712521073426,B,A,C
261,0,12.668842161738272,-0.5358034477208417,-0.30914843542683523,-0.014798064066568533,0.18448653211108806,1.6095465334169852,-0.5341076270334971,1.04310847002949,1.8565552404975199,-17.23209511526119,0.29580683359028725,-6.00541581809294,10.101135090829022,0.2586104029996147,0.8908698231719779,2.06302820937716,0.169089109445778,0.04757287290145075,0.43924228785295655,-0.09578664355816191,2.8715132061467243,0.15204454030333864,0.6332654902025084,2.2409817027429346,-0.529546092278301,E,A,D
262,4,8.415799643994953,0.28161435596234147,0.018311929608273887,-0.04351838651777905,-0.023026776303396022,-1.654609707809372,0.26969998216112145,0.3585282078275845,1.461937358824459,-20.346246697377403,-0.30685551564127755,-1.0418891719891672,-1.4789420372015913,-0.3001237852359504,-0.40719341490131256,-1.0651441247338298,0.4374491438860769,0.11945441888823653,-0.020700161641445555,,-1.3086812102071896,0.17358438381681154,0.17027500087484448,0.16433024132720325,0.94962259637864,A,A,E
263,3,-1.9154246733206077,0.23278737469577404,-0.11245206116946634,-0.012306879601661484,-0.5207632274483937,-2.0412962101148846,-0.7056194186950585,1.2419206718029916,0.2537933200330392,-9.287958010082443,0.27019134928756117,3.9110638664048807,6.539369016728501,-0.19545466457098953,3.5492681714213243,0.23636393941576084,-0.06678348669494141,,-0.7358704278404928,-0.09151001047023288,0.16932165279672193,0.019736891813381445,-1.1532162775836907,9.470321420614132,-0.621054371257988,C,B,D
264,0,5.617543028673882,0.21757096232975062,0.16194523280718195,-0.0936869603786381,0.3003304159388166,1.256120887457502,1.274751991201038,0.47063190555446205,,-2.272512921545701,-0.16295621775725522,8.065469843772544,1.0139309663735825,0.8644820669410097,-2.1313475684976657,,0.2528650309861229,-0.0651607913875274,0.39678687429202547,-0.23998687917135134,-1.711362204166583,0.2773127343614984,-0.07996854748321187,-1.4055563374209354,-0.6172780894221143,D,A,A
265,3,-4.454211148563295,-0.02499576926743518,0.5714196704603776,-0.028056351116427878,-1.0376380647330363,-1.009368785688903,0.3103504494646522,-1.1481276751442784,6.569157870475416,-19.77637090014485,0.28897677584520076,2.7412044058528986,-5.467682013149388,0.47464416236490603,1.7129397094127834,,0.19285828691302703,-0.19180139523800413,0.19625741358503118,-0.025374758780722373,-0.36573010333806394,-0.04257608583491428,-0.01911752606577798,2.9348558426642932,0.11731989570971799,D,,E
266,3,8.51781314879363,0.09038801777933929,0.02652283173973667,0.08872690934924077,0.0023517165193869005,-6.095572634773463,-0.11298940163472322,0.9688743730480627,-5.746847413311115,-0.2452382036008253,0.010900154629770674,8.175762147923338,-4.047790190967608,-0.9155387000363642,-0.774146445704106,-1.7972808131201603,0.24572556047397706,0.11021148033547373,0.10875785190099772,-0.3251954443316613,2.0193023226780613,0.23734652795304695,-0.09454866556436105,1.6789801653939596,0.02097871455663196,D,A,E
267,2,6.2594416158877015,0.42011278366497523,0.1222196802244991,-0.012915263543082625,-0.2572002305384788,-5.3934239909279444,-0.19640089152453008,0.17234859791164736,3.0048633908734557,-32.9036750517653,0.05160138606518487,2.082180138541446,-0.5791022554319277,-0.2189871130414049,-0.14979453649786476,2.973721883549257,0.2858936135259131,-0.01087197808611463,0.08919118420545503,0.18083273420861923,-5.825604114182294,-0.1717101862971882,0.28525403491959234,4.186724573004255,0.0004651532024630398,A,D,C
268,0,2.4120662396828405,-0.32749242227531616,0.5220657917796881,0.013453791079837931,-0.8576241764114285,1.3209350325929978,0.41553305212878805,-0.7196597011198598,,-11.547874650154256,0.06675004759371123,9.743558414298683,2.980242455300297,0.5040375046891384,-0.30495819337611646,2.0002964480772403,-0.15923079906596083,-0.13417247049341358,-0.4992183864204324,0.044098582989641553,0.13713809320995646,0.012022225475760574,0.5758396244679103,-3.6607702981978676,-0.2069485378124906,F,A,C
269,3,1.0777768471413842,-0.27336671709948973,-0.3244780958590001,-0.009364436275641838,1.6631152352085008,-14.200410982070387,-0.1741771893237032,-1.1620698763352009,0.5798493871729722,-4.422437039665685,-0.1866900920792857,0.014678796692235214,11.273390941793808,-1.6107232211545766,-0.18433855656343967,2.2620023355790093,-0.2651574354681809,0.15553771903417166,0.49189864658219834,-0.05892342014215593,5.981804393287088,0.15571895607413816,-1.5609038277559486,-0.77981009673981,0.7670452721335217,C,A,B
270,3,6.506647316405279,0.2249999627723983,-0.18611258942695025,0.07898491796871918,0.18722798108302086,4.387697721548996,-0.9559444296795094,0.05917212154736825,-0.4997935506389543,7.999710418159573,0.059252918069841565,-0.0129608245106038,8.939820562225902,0.2389637449651103,-0.18366255922134106,-2.009673273006168,-0.08356566489782237,0.0970222529111299,0.5361283128876511,-0.04673261344485853,-2.331637634782264,0.09810209958467556,-0.1015522466082141,-3.628199295363082,-0.43359454762510174,F,A,C
271,2,2.35593206151128,0.5724079851554716,-0.19559140106020798,0.0687696890008765,0.35771459606793865,1.369509685793987,0.7808943470247197,0.32839890594625304,-2.6246579527264045,12.175523710205564,0.03805885695268173,-1.1248883914423937,-1.0971995676602977,2.008024623735826,0.25861135100753313,-5.625518208114655,0.08519911635742553,-0.07652975112808165,0.9503847185065649,,-1.5631199473328303,0.14303514827846012,-0.054069029636537626,2.2163396724064803,1.1454968826068248,B,A,A
272,3,-5.618981799089151,-0.02627850408338119,0.046186864608166234,0.12150301334470616,0.6115640806096393,8.083672613855878,1.274090141358493,0.7333285885452158,4.96140338955074,-23.255007030794356,-0.06137359448867996,4.734735650505243,-5.963232496254719,0.75114891112599,2.114912261319092,-1.1651528833771214,0.37977532309918116,-0.031238883529487338,0.07719719417750356,0.025155452520735398,3.118900479270572,0.3037912556432489,-0.6439041827094004,5.144558569873735,-0.2573723296876061,C,,A
273,0,6.217460525218059,0.32946138981903955,-0.31194786162210375,0.10445263390349456,-0.4330053358113176,-0.08814274966089167,0.3983653638376535,1.6096335294340482,-3.7989803302430443,2.556834867651046,0.40537331336482846,6.158737513759268,-1.5211216481797911,-0.4335233611813543,1.2664495180731163,1.4113313759254174,0.30409074746951076,-0.10288400049060017,0.25763126704253253,-0.010948240835599176,-2.575280093514242,-0.07375814390230993,-0.6747623389921424,-7.367603844843222,0.11382515420027114,F,A,A
274,3,2.103915687929521,-0.005205297367833052,-0.23690717181841545,0.03512504897041596,-0.2479354697216572,-4.323485751023659,1.6414415695259434,0.5487462887078269,4.845019293044155,-7.570095607779008,0.22516757259216413,9.33744437886218,10.726103713186676,-0.18953297298191565,-1.0151248057980489,0.9271031522284935,0.12319556593610428,-0.1871625232104333,0.9474522605089325,,0.1549795519125878,0.10780252756455093,0.5912419129038382,-0.40871234058335887,0.18804743100418103,E,,E
275,3,1.0170236660282261,0.03526107871603834,-0.2540206046421125,0.059010518319972914,2.141130719527539,-4.082797771401385,1.1098113464652672,-0.24869146776455897,-2.2587587503499806,-4.7614898244233705,0.044756092036948955,7.102997521196752,7.659391448087111,-0.14340215965827588,-0.7254461564003861,-0.039624808144732813,-0.45326248491001164,0.11725112043017491,-0.3421623360785924,0.2095155558559865,2.7894399670643653,0.1330804086335089,-0.6706147011237412,0.20804764704370013,0.39200737439667444,C,B,C
276,1,,0.03200470640400627,0.2543532186666925,-0.1213434573584616,0.5399804599097217,-5.287129715812503,1.2788324867048741,-0.4320847205213741,-0.38288777971138227,-1.602474977562836,0.18911759621685492,13.405214784596076,7.131301280282297,-1.0336729929315256,0.29633915779684333,-1.8127834543971129,0.33953586771385,-0.07552932533520428,0.22634685044713146,0.1819990413039801,2.6042191935207075,-0.09122203566707014,0.18636410690556882,-3.9754285568873935,-0.16956904290842023,F,A,E
277,0,0.6381940719885382,0.1305527873762258,0.1312593945812994,-0.07847161569364602,-0.3357944307963952,-3.0568305643291924,0.6465385666434648,1.2380982089899246,0.2921439456581539,25.752693445871223,0.0602675102836776,-0.8474393815300664,-0.43180272341470827,0.502885489873661,-0.6991776050821293,-3.2484272059174226,0.46672579736351993,0.26307620189840586,0.9485832376706094,-0.32401742401450373,-3.759479185065756,-0.04611733728980866,-0.3515862319571069,-2.6025351547833777,-0.23265888323144973,C,C,E
278,1,,-0.06303958148917828,0.08526007357429247,-0.19019395911751635,1.0946924762937253,7.184293348744528,1.1350056447106807,-0.03898781509658426,-2.4568983115882825,1.632263950640878,0.6230765794784598,4.397772213468391,-2.4819835725252046,-0.32093689952418475,-0.408928350917379,-1.831015379251154,0.17811874089067076,0.2433741247363466,0.4223879572743689,-0.3037145010458882,2.0319852630836994,0.28443686836560955,0.6115416724639242,,0.11404141507845436,B,A,A
279,2,3.223869972449573,0.17909417940316888,0.014806818689161545,-0.05752611038302628,-0.833225397755848,2.011185578884534,-1.0283388851155009,0.23517935006389903,-1.2003948698085425,5.233956061450425,-0.24877751158829925,-5.00882336113934,-3.9462527741343143,-0.1580612689694659,-1.2840660778619897,-2.2878038516741155,-0.44720290347474967,0.10010512208229838,-0.24322884177901577,0.38908903612700046,0.5235862111372082,0.018030018375953888,-0.07210113687295622,1.522091005012134,-0.18630388571485496,E,A,
280,4,-1.2054323136356568,0.11871448742503322,0.3465938146754361,-0.08659304891410224,0.9108281827146224,0.7095151734645374,-0.27300730087305497,1.501171335611338,1.1053778532622467,28.83699577911022,-0.3270848803202217,12.88310148125783,-3.7798939343855613,-0.7097325924582084,-0.3268889039497982,,0.01177291585440902,0.049697874243517466,-0.09549775325604595,0.23701419147992245,0.8117462285722054,-0.09499314947864586,-0.31693588985675525,3.411076531838862,0.15473737179771688,C,D,
281,1,4.6911354213638425,-0.28125995972320045,-0.06034143812357392,-0.1041578466463837,0.5367290245375058,-1.7268501447768159,1.6445903031080826,0.6511088420202763,-3.366009059790244,-4.387867039029632,0.49661756421855674,9.77764148798464,2.1710031049038396,0.8383862327966781,0.8330833904975791,0.08841052505796006,-0.4057555075327201,,1.1399169890885896,0.03229566201185866,-1.6442242987817253,-0.012960327839994564,0.044048437386978674,-1.0026363772978883,1.0560818222440878,C,D,B
282,3,2.5397048763283094,0.1033103122969827,-0.2587858137954039,0.007024472267520397,1.8926764409492625,-2.274673220475483,-0.39404531699826106,1.2484334815511342,-1.9474363191766542,-9.280696795278127,0.8445074430226597,5.073111530667353,5.077020749744192,-0.3206467019378662,-1.5439579722280279,0.3656809329317285,-0.46761081559941814,-0.0006282801050837037,-0.4042836413622835,-0.12688926485390634,1.339472701845395,0.04473532698177132,-0.4619255734210444,-0.2099530852860395,0.5092179928515469,E,B,
283,0,-0.42203474805896635,-0.1500401849631385,0.15879535785194504,-0.0015538118340666914,-0.1323720882988701,-2.2035782255430822,0.6814765244445538,-1.1677315364385963,,14.138244484288172,-0.09231057852806444,8.320742982391742,-1.4566929163529503,-0.26828898355061137,0.6705016577253232,-0.7600823588594731,0.26982760655746846,,-0.09089810312453521,0.2595888185236646,-0.6210235844519099,-0.279897658712997,-0.19533683357942236,1.96200404200429,0.40616461489677286,C,B,
284,2,,-0.1755612025903026,-0.037672392523161756,0.0454768529950872,-0.25194076980774127,10.798669251684933,0.8943262753767728,-0.6540504907856208,1.0918935763700763,-15.113275898559186,0.33548581425033946,7.976721179901273,7.31107479410405,-0.28318618932482464,2.0992295168556465,2.660776077539629,-0.08311357862607036,-0.03229823615990013,-0.03983636483487165,-0.03461882363280851,-3.5798151871329957,0.020056397750610494,0.30713412172090315,-0.7185031990667922,0.10939816477419738,B,C,C
285,4,-4.668181433717244,-0.10033554490475179,0.4875784532210112,0.004711205669665457,2.9723422543769127,-0.362890398548218,-0.7463032426441131,-0.2275599828446573,,-4.763282751389854,0.054987177928322514,-4.716694301451553,11.24342451804732,-0.651498487372993,-0.4497655732897083,-1.2843203923579423,0.5726077572847138,0.035601451771364034,0.5241714633083849,0.22082058624261974,-0.2847570825079741,0.04118034667945896,-0.15166315362943247,3.2976093768075136,-1.6455819438134673,D,A,C
286,4,8.509353446608753,-0.03929783916894245,0.16458297971049823,-0.013728465553243795,-1.3202938959553754,-7.586766270931938,-1.5138668619334195,1.2488010833249992,,,0.0818755636854248,3.6784933824945028,1.286368128761919,-0.6260394502313998,-4.355241094066422,,-0.12024441586062522,0.11709574815196534,-0.4168387784389261,0.0061481155921564055,-1.3814399001898297,-0.17824507675552576,-0.7183226814662144,-3.384018022655766,-0.5012269388327363,E,,C
287,1,,-0.0652366707282668,,-0.17044530905997854,-1.1757111497741937,-5.12741995850262,0.46000925843884566,-1.0374852674960493,2.034980236354979,-25.989901652953,0.3835888912930953,8.794432962400874,4.657736916456802,0.9965244414911286,2.1280694792741097,-0.5415728412402617,0.3043744602185211,0.0045515739487072375,-0.3931345099922963,0.45435712233635595,-0.5035855629055048,0.3648985313388179,0.34514843480429147,4.433540905181445,-1.075017988319906,D,A,E
288,1,-3.756358285515309,-0.06498923239168121,0.1374312573036249,0.029323691394071077,0.8865148745262352,7.704628881764092,-0.16234361082782242,1.3030391569524005,-0.5539395443487456,22.543786594102265,0.0011882028716356896,-1.9925151217789199,0.22164493032615798,0.1659307022960894,0.10722049136155457,1.531913858464747,0.07533970852847613,0.03646332219769335,-0.10896540642225135,0.0647404315422532,-0.7308505299427992,-0.1486833612495236,0.33786404841053624,0.1837389835203833,0.15410313058456535,F,A,A
289,4,-14.803284702055427,0.558751842359187,,0.05082925842452632,-1.7052256084650128,3.5660770901927745,1.499402835623241,-1.1672045764823955,-5.603545412674395,-19.34646617876696,0.22302217596859444,2.939956692647996,4.207649401166046,-0.40309018247618267,1.1418636899648433,-0.05051731081020969,0.6044614707247896,0.0602022158454282,0.19982019882641358,0.2987165814400703,-0.8030954448018456,0.20387119355932426,-0.12515446032615443,-2.619763320483883,0.8196928985742042,E,B,E
290,1,-2.74738146978472,0.11296109170990527,,0.057608375111579055,-1.3808779202353023,-0.018208338493010578,-0.6011396862515187,-2.9568780273861215,0.8715823121505913,-4.549935924099026,0.395086196458254,2.2014059294880104,2.8745856969153674,-0.6771802114804437,1.3375619223324484,-0.5574104560312677,-0.34628152126215633,-0.1651276395104914,0.23003571904492165,-0.05684688729114903,-3.2067208637197715,-0.014985911963650468,-0.3648985632808591,3.1520487880267893,-0.9432335568795943,C,C,C
291,2,9.455855460910614,-0.42312520817115895,-0.03741312316849172,-0.017071426205944353,1.4442587811441614,-2.3184056555972297,-1.642377457960238,-0.5697499657513634,-0.1401889605780154,-6.08519180957463,-0.3855501621979109,-3.743370721664375,7.033528542043423,-0.7730490653761748,1.3928548398368166,2.2026641005415577,0.13770326430025653,-0.06688619288101921,1.003441990681816,0.5024253222446964,-0.9574945607325257,0.046828593990419616,0.7980413653898851,-1.144773579103567,-0.3348702180883401,F,D,A
292,1,3.496628492116515,-0.060375189673394274,-0.28725334404375735,-0.1259389785922569,-0.26225336218806655,4.141106405128804,0.28080499040180995,-0.9505093076089803,3.47688877136481,-13.443771017308956,-0.16366533629073002,-5.8486910289461065,-0.7305447864811546,-0.17060698359381996,-0.033632169167181834,0.014127358969333424,0.7101613043698679,0.08398249759717644,0.17554090064612013,-0.04034917831324051,1.7423561656729873,-0.04736949188678408,1.2435747970980846,2.289591207580613,0.2321538039692837,E,B,C
293,0,4.864133075851032,0.018513344581272042,,-0.18806165678230596,0.9781537876324471,-2.8175309897463463,1.9568414140616446,0.3264010983217636,-2.5239213921118218,-5.782731945971736,0.48495033305235774,9.958816760255317,6.236331688504724,0.47788628467597133,0.4296332594316058,-3.119799092572204,-0.7178587761564144,-0.3053888010911461,0.37721760291118306,0.05090867208058909,-1.4107315450979128,0.11351372929734607,0.13552733197617323,0.02372532516213209,-1.4586049363572593,F,,C
294,2,-2.6015881722584955,0.07477520714922407,-0.08565393661443722,-0.05492350994361252,0.0647988476831189,-2.9276799304931505,1.052998349407007,0.1703223705470812,,9.415649943689958,-0.07928356125815511,0.8588534604687619,2.022981570946574,-0.7166302490558792,0.3369178996439719,-0.113078675267479,0.06690781774362062,0.1301917584233945,0.3893350189412229,0.2768463760576517,-0.1371844667702907,0.12361825928575959,-0.32305290884586924,-4.886889322291387,0.10733862525569714,B,B,D
295,3,2.259616454409034,-0.16834621484907267,-0.2614524635703435,0.10060772845033839,1.3110290647808427,-4.016407287802099,0.5276202397657347,0.039345584819105536,5.442604029980217,,0.31990006624267586,-8.957490866565346,8.399448380758068,0.6145156802489572,-0.4496496511611498,2.2573465656171647,-0.034400622797988036,0.41913193451714453,-0.24760593924236,-0.1748929215901634,-2.1788396308843545,0.05167588697876692,0.5697926957700131,-1.4277909435340548,-0.3231610663506293,E,A,C
296,3,-0.5335732378714168,-0.13969585131099982,-0.06642311308701403,-0.0586151265771886,0.06821800054101274,7.062727271735132,1.0191722556301441,1.5665836832899118,-3.594656221975278,14.793117250933747,-0.335395390667078,6.410054540097044,-1.9524228116723374,0.2901330526843785,0.16852624780047928,-2.610371706763017,0.04232214516457719,0.040872477726199556,0.006509031432260253,0.012261515135951027,-0.42241481641672307,0.13964088170898475,0.2885154357608159,5.697563796845293,-0.7938068403349698,B,A,C
297,2,-13.888017456571042,0.07290600086830985,0.3196113982596347,-0.083791099066937,1.4577474016184386,-3.451679564386103,-1.5073727253127964,-1.9569730996137142,2.3215649938231215,,0.03835875899052218,5.415648749184651,3.659774109512918,0.43951975873934346,-1.2103462024397025,-1.7706130050393862,-0.6582019176066036,-0.12450939064839296,0.3971362845007232,-0.06954589193554195,-2.7907982305080954,-0.1536622943727164,1.3005888093999043,-0.6983291410215446,-0.16753671393591954,D,C,A
298,2,1.4594559801515146,0.20216458012446023,0.20119669921513275,0.005172462519250544,-0.9409063889729548,-0.7895760152212127,0.7101202140028354,-0.6270661932157182,-1.2366509243576087,3.964858498228781,-0.189779095831361,-1.0266148325104094,-1.51565711427855,1.096357011725055,2.635910131992401,-0.7263056698068063,0.02126009556947035,-0.08875586177901137,0.23147983628755064,-0.26400444425503533,0.5957636669894715,-0.3134802609238951,-0.2676085257305629,5.838814883439647,0.08071486467075778,B,B,
299,0,,0.09198161023710275,-0.05165004669634806,0.10082301707802788,0.6799551103704078,7.221375925370136,-1.284015879918659,1.143277351222148,,,-0.046104021521511766,7.639617003571923,-0.1145920488150333,0.05257308259033307,-0.5991231648194786,,0.3216868604383821,0.01959823789905003,0.2103563161971844,-0.5683376454308918,-2.2590214159552393,0.1355894487637799,-0.7812466951494272,-4.2685014896185836,0.27930478957452803,D,B,A
300,0,3.8202457759042803,0.16613591457209548,-0.30342239910760244,-0.012287770598395455,-1.249694043915383,10.167394313248804,-0.3062079632954688,2.9369880142756415,5.294895272799877,5.315311444456695,0.3552670062091982,-6.508695333374235,3.7259723868357617,0.2278587743236929,2.1169794052899427,-1.2394428404363134,0.6849042037690318,0.31800789970140575,-0.26050698671244316,-0.12941413921390846,-1.395584617058867,0.048316940588443144,-1.137380723638868,6.223944358860328,-1.0448978382415677,B,D,E
301,2,6.091085443139514,0.323920559100443,0.4657721934596747,0.0013110722411240848,-1.1321441686983673,-6.099137381933353,-0.3216218182268208,-0.7246930459555703,1.6718614239610958,-0.5978053691345885,-0.13052570513683745,-1.4399509100608694,-0.5624626954547336,0.1468726018842846,0.6949891678990876,0.6419444279005219,-0.38650514132492503,0.08760104276429716,1.2070357232593054,-0.08416111451489315,-4.495180488912238,0.25715250150823854,-0.3399129907089089,,-0.6728787840479499,A,A,C
302,1,8.614947257425422,0.39652496729667575,-0.23502473926495232,0.09534365028175504,0.7211612276275232,9.963038340043372,-0.287665236747647,1.9735723379103618,1.3330481444210083,13.48337473893539,-0.13050421509326807,4.923800310633292,-0.9481365884939327,-1.0958907670412028,1.883164166625282,1.0992831145672337,0.778828410609162,-0.11504007773158205,0.2676682768881997,-0.02370026068500087,0.4974820902420394,0.021528153504192644,-0.2647345503875704,3.0344138144524355,-0.6811953982424281,C,C,C
303,3,0.15410141832326946,0.46490376507349823,-0.46231483359881065,0.08172933959965523,0.5857358594891986,-9.796001253274214,1.2855483985038934,0.36343897026695693,-0.36759110659839916,-1.051463181843517,0.4951442995614821,-3.213161634487493,10.3014160821156,-0.3557731286661553,-2.5918501118594772,0.7973583046709785,0.5358829167564658,0.0876800927770548,-0.3160439581166381,-0.3035811892498847,-2.846962177313694,-0.030671122519830646,0.03497238861962183,-5.510410563895789,-0.5606391757650517,A,D,C
304,0,-2.3044305048893112,0.01272934927408976,-0.21088055069800493,0.2829540286246808,-0.2908454350157886,-1.1244023508560332,1.424482829798514,0.22601361998545622,3.4974676695978304,,-0.08988830439299063,-8.072939316792374,-6.130040449517382,0.284884245750716,-0.030299446829905593,3.084565455690209,0.14382527876824477,0.19259985873452323,0.3285059660404246,-0.14486501547911723,0.9827497111071555,0.08201192764955605,-0.4096412521903334,0.7673597482490757,-0.8105081039009285,C,A,E
305,3,6.847634480491104,0.09638796798389014,-0.6004148449144988,0.1341819894553106,1.5462110568269545,-12.329647017058383,-0.2924543040610137,-0.27025494305520464,-5.686153929848376,-18.469349582019934,-0.08023126833354077,-7.844707226671025,9.663234049521847,-0.05492798448438979,-1.4696830568748196,,-0.3249803335347375,0.2856721064919314,0.11837656004928486,-0.07532380616448076,-2.4194264638665084,0.3510467293327256,-0.39674802107111884,1.122149873315272,1.5121788503470392,B,D,B
306,4,-0.8604495838077536,0.33911171038340676,0.16712813321807182,0.05206520687517807,-0.5869539875224197,1.765233486813935,1.0408244103930704,1.4513092786644797,0.8651318744439945,-2.90654868682293,-0.15668989793174495,-1.7208155245014292,6.256979006493028,0.7750437697378817,-0.46805118670864093,,-0.22673751099795003,0.03291772324161304,-0.3218792423056669,0.4181234121333667,1.4032800188392396,0.14315867804486246,0.33745423839800076,-0.9352010866623046,1.47386869425052,B,B,A
307,3,-2.263695631539904,0.0392643763596672,0.21356873057068565,-0.09078262892158555,1.212057493139461,1.8473142442703467,-0.32197602905974865,0.41652311149299787,,-21.29097443562439,0.36733032160501417,-2.387058231038255,-3.5357019821632307,0.12179493642362345,-1.4249164000745245,-1.3529318843963622,0.30586081217681316,0.26037248700059673,0.3628666489336796,-0.16127668610647256,2.2073102633412645,-0.10250755747013619,-0.18411670251810067,0.589441535152991,0.2777094987917585,E,A,C
308,4,0.21667437495065983,-0.1219272435122728,0.44599840419441344,0.19194794236489446,0.9978896395620762,-5.550778534331831,-0.09129536351796108,0.11291391829647811,2.3474782186700294,-31.197364069314233,-0.637479716050776,-0.9569800912270792,5.214360940156827,-0.9381885696591543,0.41293142165300406,-1.3309048003993633,0.17558587360564376,-0.03188906600271789,-0.8740662736028787,0.22147713946746161,-6.2685363562513965,-0.06822439981744087,0.22216101110650824,-2.4488420890747333,-0.20902721184351217,E,B,C
309,2,1.8710455811492603,0.24813494677925307,0.1044233978099946,0.13831294451431744,-0.15869760608061068,2.4375932302942163,-2.1089372070060364,-0.9314547464423483,,-16.59795923009724,0.22960131127126934,-2.4239908474864182,7.15563313064527,-0.3793404074765194,0.6243365174251869,0.7412448987633343,0.2138938330956131,-0.034904706724500745,-0.18851988977355136,0.25768367606676806,-1.6668106937645037,-0.02945774929551315,0.17211235013200857,-0.7083814120855639,0.013271722602032047,E,,C
310,3,2.499383783376311,-0.02599463061136578,-0.026392117307445975,-0.1293754320973305,1.5711645895193995,-2.1476909536981936,1.1948604948886592,-0.907148594280974,0.9854357312047137,3.6234721883034755,0.0974089484766638,-4.502025205633937,3.0729574979712297,0.4492302260680522,-1.8139667809785218,-0.2859481444587503,0.10626181603558797,-0.0027744495870048414,0.7461890761852881,-0.40336893184128797,-0.19249253459001264,-0.14676555685498383,0.5923506016108981,-1.038056267441759,0.6790242962217216,B,A,
311,1,4.617332240290099,0.4933292094912022,0.009906247309348469,0.032428375162226755,-0.305077119748952,-3.370660466780743,-1.448544174604544,-1.3526092200653816,-4.9126438484333255,-3.168550332398875,-0.2577532444857779,-4.399433557857014,-2.0422718022430413,-1.2055756733349694,-0.19924071953995842,-0.17317683756629512,0.1576210955818994,-0.047320198459700535,1.1348270539142538,,1.3939646976991549,-0.354482039000938,-0.04753661050028493,-0.0721649990324166,0.16617400861739898,B,B,B
312,4,-0.19995770879045263,-0.25770958910522074,-0.1446824683427813,-0.17943987072247752,-0.4029315305783658,-5.782827674609863,-0.48885205331449116,1.427011311765266,,-2.710593943202729,0.2666302282354823,-2.416927252630873,3.4198874501485697,-0.06171136608772004,2.174610198509764,-1.6303405445526036,0.03513508063445925,-0.15372724991588155,-0.1995192507353622,0.28410570323799195,1.7019935651152764,0.3455983490817919,0.5806011122272865,-2.351041553816765,-0.3299110430208813,D,A,B
313,1,-3.088489083995318,0.38310417507092887,0.4249112277790362,0.06865170515177337,-0.4538215262290015,0.6285041477811507,-0.22514217435215908,-1.0391229491837863,-2.803747995958739,,0.4850587189255903,-1.4441706936524905,-5.164651559252241,-1.179111132376595,-0.6734849993107399,2.8144731287241385,0.10112899802174827,0.14452198893016516,0.024106848478263106,0.28389704163415613,-2.154943623980904,0.08753232187793968,0.01479134065747207,6.233145385808429,-1.0636647263119903,F,B,
314,2,,-0.015166535639786977,-0.13942949210426908,-0.11997733619997066,0.7400322971542507,-1.0031647252682314,-2.549713213605565,-0.43006816670789294,6.228343224532984,5.564091990814241,-0.15969257821331082,-4.757876714132681,-2.92861873541064,0.5890796853868437,0.11059502692371558,0.9668144253767406,-0.192098408310352,0.12472752070778255,0.3289104196005171,0.2332500851735076,-1.3832582358837442,0.11822331657369478,0.22103571940058986,-3.344122719436208,-0.8761136230471814,E,B,D
315,2,2.921688857640135,0.165974625346055,0.05046893142895657,0.2261626932495093,1.3942884838875906,0.48001794427470135,0.47654900513895293,-0.5778778104467771,2.7526560856679043,29.035321355376464,-0.4758311989344465,2.3579094196373167,1.2337831401231085,0.5436038273175299,1.0411899846586152,,0.4559634819292697,0.12304991263304035,-0.4728525815046272,0.08623390620267776,0.45986914751864766,-0.16035268786211962,0.48992217430555457,-7.774540009153855,0.14676309004491095,E,A,E
316,4,-6.653891440700791,0.143626385119587,0.05805320937893738,-0.1424574790785562,-1.8047723797919122,1.259568129987592,-0.33141505027600493,0.9523635647511273,-5.451435527311527,8.820380738886389,-0.3038538289720977,0.42523354460563795,4.91522140356441,1.0664830998856094,-0.8449841557773238,2.3719871439778952,-0.8840972216253884,,0.883078631886924,-0.4158976054069206,0.5883713022509128,0.1338045944944164,0.18852437013139958,-0.7969473920558301,-0.7624308343239423,C,B,A
317,2,6.960346056011337,0.20127674668406934,0.43066329013239335,0.07908216288011115,0.25300192603011956,-4.924594874638164,0.11702280486283123,-1.0413531616649596,-2.6046119462776223,-9.46708465280963,-0.1102489727452156,2.726722395483981,-7.946199223194753,0.6956357062903337,0.942347584721309,1.749227594767101,0.5019797829966475,-0.0648653460813176,-0.7699409948806493,-0.0739337625318125,1.7617234059727522,-0.05222438980575687,-0.7643696268131408,6.489161716717269,0.31495097603556116,B,A,E
318,2,3.273561259853521,0.241648110158511,-0.03964286522029855,0.023887283505155364,-0.45827286334516254,-4.842126804192183,-0.4974806496298743,0.18944958923134694,0.19693902086577755,7.083892280634283,-0.5957465076032649,-2.309286816853738,-1.0558735677711402,-1.0531950985981928,-0.8641172147240591,-1.4884055990143115,-0.09378393332702802,0.23298282086217864,0.37049111077409635,-0.18016287428610356,-0.6284750141121637,0.1814019006267037,-0.23891541045413967,1.6958520021093118,0.8616211882865524,F,B,C
319,2,3.824742300636121,0.2302477815291819,0.18981155983347897,0.18586831579038562,0.22270148884865498,-7.7031977154698215,0.8147872596237002,-0.6348590583770584,2.1928948990728996,-2.4943780979914725,-0.05463919133812317,6.168530299508455,1.5990470517974829,0.3896877240400762,-1.742187736318261,2.5047602815588363,0.10126759799868526,0.0963276006496032,-0.015600960414044122,0.3604101047747939,-2.8097448388846433,0.18252146733099478,0.5724685362623086,3.6657544558513484,-0.29113786570905914,B,B,A
320,4,,0.03499801925826536,0.19393545723758343,0.1449451375881312,2.0124196730451893,0.26540788794772807,-0.315099911916869,1.2620529500233089,2.978916993346899,-2.5547782902920266,0.6011886958598657,6.616753436986391,6.446855531250632,0.5830951339503118,-0.774546135223945,0.801233503148025,-0.3012512993549166,-0.1471651423541127,0.37032106420615357,0.15087848986314667,-1.252139140609396,-0.2390547658193376,0.5616028651599853,1.0003241941267664,-0.29795424357409084,C,B,C
321,0,3.698367908567236,-0.08191704161843859,-0.30405448136266816,0.04678850728555016,-0.46856244619111864,-5.785624421752052,-0.36327986996737277,0.7293981102062927,2.9774524096555743,18.275255913528476,-0.3168823629248335,-2.3404797858258246,0.9451887822376104,0.6659723503638918,0.2701484202920349,-0.7930433495225074,0.7217732276764965,0.006299385556525579,0.4991518847407741,-0.18024442703375304,-2.63497748301645,0.030688456803508592,-0.14832233224301355,1.0700693681176388,-0.16204035328269797,F,D,A
322,1,-1.8800972905363071,-0.54252941356577,-0.2281506679631837,-0.030241373377749067,-0.22260783178901195,-3.377786574921736,0.9020024473316554,-0.3891492739478716,3.42880896391611,-8.105727394529625,-0.40865388585859846,3.3997896388394,-2.0226097446414566,0.34732455089992553,-0.24326276094978802,-1.5571113590318317,0.034421892913739705,-0.08102369760041407,-0.717419019166134,0.3874779221996277,-0.4942488303030943,-0.013024983216764267,-0.05589287358862611,2.4436776941787324,-1.3524605810762749,E,B,E
323,3,5.854381859098427,0.3067682616284173,-0.3351736666761372,-0.013584582448195388,0.2926655773590314,-1.3948506559949865,1.3311837265290412,-1.0782288594707812,4.430115082974066,-12.999811952453207,-0.3002766326557803,-0.43613482262812386,4.093982218527454,0.11632508960327646,-0.6945601863728539,-2.4298741793297807,0.13789032954094693,0.021979612973593913,0.2882051789677651,-0.17950574115038373,-1.2268811971466957,0.5053121645798404,0.3736385023144926,-1.6357235312688494,1.4676976415828733,B,A,C
324,3,,-0.5209146723776318,0.33791841525218735,-0.09391096031387504,1.4920240838895893,1.5664450758038941,-1.6377704385882332,0.49091258684468103,5.152448357112044,12.345585236800206,-0.16963671535496536,4.182493743885908,-11.763732576044497,-0.902427070163586,-2.6865683001113636,-3.117579992933516,0.21175977163633497,0.1924723106806214,0.7796212957972369,-0.18710949661798285,2.7387366367372534,-0.15528346823348194,0.7281955424040626,6.076899395534222,-0.22435288247715043,C,A,C
325,4,-2.979208311227268,-0.1800929956411271,0.3501110945996064,0.11123608413126526,0.43419193957965807,-2.5701033598490883,-0.003078796738825039,0.451088341479932,,17.23954972153978,0.11243753706655993,-5.930281342432349,-5.04617005217673,-0.2365946111799314,-1.3255051357857697,1.0517551546621893,-0.23764855625834275,,0.07153991412475791,-0.18297579756961316,0.9278006577798019,-0.05631944837105155,-0.26093837656759256,-4.3539594181739085,0.04824010672711061,B,B,E
326,4,-4.545717836626598,0.2744478289886984,0.05781609121765622,0.12717567001980695,-0.6571742418873094,-7.689949758303374,0.49326002488153303,-0.8487514353814117,1.663067859440597,-16.622687111666995,-0.29973311591322793,-2.5373990458808473,4.732450805441182,-0.2953341912074156,1.671448846502597,0.9444128417374706,-0.6494810924554375,0.07788046677852269,-0.012611173623457494,-0.0735513285736634,-3.747405844950841,0.1026906276818317,0.3938218405756323,-3.7110403347787395,0.1995869481826864,B,A,
327,3,-6.209753886318522,0.12127803477387267,-0.04351216591186536,0.09783828596996896,1.125687226786553,1.712638956209089,-0.9940078602055158,0.19820940864049175,2.399989142642458,6.503034181478395,-0.03815359780750641,-4.0980467130291105,-1.0216375281787347,-1.2465015256619847,-0.7090016510874457,-0.5843096373123308,0.23687171722365685,0.08198229530289705,0.4766101404928955,-0.13022723859830398,-1.9780541747346918,-0.05895906029889463,0.28598803729703437,-0.5192507611450689,0.9756641683181028,E,,E
328,2,-5.628726224346319,0.26144073119332645,0.5324068524817678,-0.13749894989672823,0.40997796526888564,-6.156662576483636,-0.3940186788080929,-2.4336967303913184,0.2138792315870568,,0.39805343550226135,3.3951684576765992,-1.417284660810103,0.05405415770062327,-2.360419880890981,2.4709392630384164,0.2594791411678997,-0.002855724728553572,-0.10240780695817807,0.17046766259685064,1.655181098320137,-0.10494073792732321,0.8663203468458341,4.563159551022318,0.04146556878634032,E,A,A
329,3,5.5709577119467335,0.16104820462621877,-0.37043998424824687,-0.025092254824992246,-0.3070259122384052,-6.1995972738315555,0.34569369353507196,1.2119292977416092,-4.092130176264603,7.99397200271977,0.31442243349120863,-0.17260669224717817,5.406521866100837,0.45728139152657765,-2.8157493880077964,,-0.1599503654332409,-0.014107593235370034,0.028623409282094222,-0.18337721203360283,-0.03908355935021289,0.07774820315354221,0.06472597583351776,4.651972140896227,-0.5261657935999005,B,A,C
330,1,-2.8599020167101155,-0.10120869572670407,0.09505795449406897,-0.03566919790125339,0.08021774619887363,-1.6303971592149575,0.18472044338622978,-0.7280538075271786,,-16.841769617202214,-0.21716072393788405,1.2782491979320598,0.24850217365139252,0.22581291893073638,0.9163238525383539,-1.3673968509668077,0.03274455249606511,-0.036846339368431916,0.4261466472391914,0.04469999218330673,-0.7928931225975182,0.13479766235130744,0.5321688094043189,3.933871843857754,-0.9331832939999982,B,A,C
331,4,4.4652619692453355,0.1347860264386067,-0.06682226462190001,-0.1402611152671239,0.826167264919422,1.083701672861527,-1.1584976226721837,-0.3689129585604293,-4.5610491343492505,-29.65008051421454,-0.30583390090147194,-1.5712728300868146,-4.49343404350654,0.3637150700393876,-3.426916238292613,0.39529801061653524,-0.27974850520780337,-0.15590793481989318,-0.4986496976926272,-0.23344935743227316,1.6732223477984949,0.27159059756937787,0.17806273046172116,-3.8361056394715267,0.5899829166548245,F,C,C
332,3,6.664331643723519,0.32556436832173985,-0.10014280039062895,0.10588978587222381,0.8991662892035529,7.828909046664773,-1.2762954491154093,0.4860261457894835,0.03365934755510173,-22.22388003200788,-0.04466895906803929,10.598341122891089,0.1827513059139577,1.145003380396517,-0.5327768061764012,,0.03423233849495036,-0.015903005409374876,1.6432065251020378,-0.09255858228365463,0.2527850469277568,-0.35746785194624997,-0.7717211118216125,2.869181362292064,-0.20844077516406323,F,C,C
333,4,-0.26394838232771173,-0.12482939663842088,-0.06439620510769058,-0.08069391218189291,-1.2279203486505363,-0.7733302231504049,-0.5336979846691564,0.20576727556097898,-1.9087469134945154,-4.069895486293075,0.005213393855512777,4.840184686572544,-6.855725951648163,0.036377356533213244,0.1299844708749659,-0.2273635594959793,0.06328768225852717,0.06425056814109759,1.2566733315117788,-0.23150205440889018,-0.06483017678189608,-0.40043455940096584,-0.12968347174536615,1.9948100722536075,-0.044851910304627075,C,D,A
334,2,2.221775674116784,0.17149183086003217,0.02636042529484962,-0.035609541967341736,0.8284926257603459,-1.5912672845495626,1.8993884957742597,-0.21810333595368364,-4.080647613738788,16.386313759587157,0.1635397782120627,14.542830918620133,-11.788510193945049,0.652774071873219,1.8482714837419885,-0.5678722826250623,-0.19102889033304493,-0.20562498739084753,0.2732547331722889,0.04530823394887832,2.080563422934229,-0.07759367906768656,-0.5077587135510057,-0.787364738306056,1.478346722017409,E,D,
335,2,-4.108463788721254,-0.36359982689484976,-0.47233561718531014,-0.05877709511794979,0.34392758824601666,4.424670665688699,-0.5050170427687913,-0.4679677577718387,,9.093626831368066,0.19763344430967963,4.460793582666873,-3.08129299577935,-0.894877333497701,-0.9499270552130182,0.5930408507868175,-0.5212666839867023,0.20524512399137984,1.0184888971370178,0.5505058344058938,0.6636458928136401,0.037945787860384876,-0.8181163652098807,-6.7706757734146,0.05707066588205874,A,,A
336,2,,-0.024393146857970817,0.20388601806990986,0.06302850029285655,-0.04398460972055468,-1.5968508092550402,1.025920848104554,1.310510956255644,,-0.2474708216313726,-0.16913748568792558,-6.22342990730111,5.857254350556455,0.8378368419240276,0.5931458731872524,-0.3213584229059904,0.009451021152401573,-0.21546062975453828,0.23520301747965267,-0.1640400975610978,0.7792472162616665,0.06842687828056711,0.5428939834825584,,0.31654057645464484,B,C,
337,4,,0.667408314522746,0.23360103491457113,0.04837590039344717,-0.35772099388525436,-7.2351435914487245,0.8454429501236089,-0.4339983982358854,5.897097552537973,17.969299662979406,0.18903636971165247,10.495670915978035,-11.782378651888358,-0.04727991314891398,0.43853405090891906,-3.2460196349980603,0.16948806514950004,0.029063839776360356,-0.9674809345227061,,1.143654788276823,0.2973966578026647,0.4819798363479414,-6.6716433782948386,1.232956795362964,C,A,C
338,3,,0.187740062310301,0.16855893893571922,-0.09728141412659914,1.1177406341069893,5.122981804974394,0.3907729366116989,0.6354431662539884,1.6516304851521686,-2.3352635306610847,0.07805870105827367,5.157083958232853,-11.78019761021083,0.612400695494279,-1.191262945483441,-2.018749508873786,-0.1503113864987992,0.08295758563345913,-0.27201432708217765,0.3849691155976274,2.8299163052748755,-0.3943437291122821,-1.1439409205818678,-0.48611312847736154,-0.3264937502918232,C,A,A
339,4,-3.225473463271309,-0.19295979965450738,-0.012968172467225848,0.010485726541113771,0.5140959275436748,-2.0894475526167877,-0.6705943116816764,0.19818979777301454,-5.084920004545227,-2.6673060807175246,-0.008731637379949008,-2.0350084178143573,-8.839010012612427,-0.11246687582956519,-2.647275929257174,,0.017440313344804764,0.23024572515925168,-0.3661651214221427,0.1691796785506078,1.2085239454264873,0.3943778652768979,0.3595346726533209,-3.4162555136221937,-0.03179938031477185,B,C,A
340,3,,-0.42650908689564565,-0.26787638368148403,0.11779266142866997,1.2265600941257624,5.1534166949699936,0.5515192077662434,-0.424424528507171,,-1.6696503846080353,-0.3450747453635583,-9.133494727624912,9.98238488491388,0.41757439038055705,1.07664337876937,3.7213575899044886,0.021456049508048542,-0.17097665082237815,1.158124420780024,-0.13678446908374148,-0.00802262313974588,0.2570695703033217,0.5558885187694156,0.848677426753974,0.1406537498890898,E,C,C
341,0,4.944054039336199,0.10255267413759393,-0.21814245185254288,0.06893156867971885,1.4553307507594362,-0.2364777422149342,-0.6424091376887102,-0.4825327041315213,0.20203016156763948,19.716789596454,-0.28481417826865196,4.078958971880332,9.632938424880452,-0.2979469886888766,0.9320920337136869,0.0013426261198510746,0.18645570285019045,0.16023066468142372,-0.9941928487505889,0.2785747367232971,-4.458660405945206,-0.21476989504510538,-0.250834271373521,-7.415313328439664,-0.6520785088006017,A,D,E
342,4,-2.37407893305273,-0.24069232641363808,-0.15877151474784545,0.04050686294232584,-1.0923880277042353,-1.806186838507019,0.7307195403668353,0.5103271004934381,0.9592046494281387,-14.588347341447179,0.42054701224474955,5.8754595965396685,-1.8946076648721426,-0.08536118349715079,1.0782281933510036,0.21922083616566015,-0.3898452414302103,-0.022109881426641602,0.5898180514999009,-0.07843328985734285,-0.9495086201400589,-0.08418605289992045,0.2715976870173755,-3.9236875845932904,0.6893285496207567,B,D,
343,2,7.3930889126113,0.12422696514667676,0.290171146318856,-0.03061896292398143,-0.25516592574928443,3.2020870964036323,0.3434510984010721,-1.0129742184910413,-0.2747110974405448,-5.046860106674511,0.33050763443020476,3.998365770122885,6.581096982848555,0.9399953002535182,0.14952640084826768,-0.18022799239096796,0.24353932996780997,0.04816791043498256,0.3009782987373049,-0.05257845773118414,-3.7859665690564483,0.26560936615349934,0.32120024350682336,5.754520585413481,-0.605896201689489,F,,B
344,2,4.791547505176988,0.0064528203001346235,-0.06437617134324888,0.14605511953810035,-0.29570496255042267,-8.55348821131553,-0.990313332133178,0.9550005824678555,-2.6793391068568795,27.573528934636894,-0.30801735113255385,-6.98654670549505,-7.8005271409721075,0.16368625870711231,0.2767137661920894,-1.1324899193151632,0.558139133379603,0.06726780987142268,-0.02773388415181843,0.08573371715524106,3.229730626296887,-0.0849086678720424,0.37837243503385815,-3.2693170548841266,-0.5414067354392209,E,A,D
345,4,-2.1530371164267916,-0.33605972537418854,0.0900135577940493,0.03102000690868365,-0.7813219425839298,-2.979652247065564,0.1278754127170526,0.4300376843251471,0.5210282031481653,-2.1862897919560464,0.15303040677004162,5.430282779874154,8.359127005312384,-0.32893396079034704,0.5194142868109419,,-1.4510368202266968,0.235831215914006,1.1399051972317162,-0.13291135893736708,-0.11554109265636289,0.02244288424117802,-0.003960571026042681,-6.330257644934592,0.10944158738053733,E,A,C
346,1,-3.596357962961994,0.5523459128907153,0.1684248231782866,-0.027438606908636,1.850775647674317,0.0012030750839732334,0.3081253337258622,-0.023285761143647322,-0.21497272231890718,19.970939624137447,0.3387391207864222,14.332649543577906,4.953932460141695,-0.7377614842863447,0.6537319834093368,2.214397699268594,0.07914847010900801,-0.12076537938948921,0.46904546064636843,0.7668528503688472,-2.5480089298622004,0.11707842943614682,0.24061920508547774,-1.227042360172262,-1.0045276792581432,F,A,D
347,3,9.092116297716244,0.09244680687616355,-0.05738401651266445,-0.06907453197109928,2.4290603665033013,-3.871914307762584,0.05109573100974355,-1.190895457440317,-0.601009924628726,-15.210205767251534,-0.28146010687584994,2.03892317611168,7.657357140864533,0.7193363418927737,0.3824977773799647,0.5983151859620245,-1.2634991999120193,0.07551773051627474,-0.4435080341345333,-0.17109494550442272,3.4445787686305893,0.11768929308935226,0.20156774194585647,4.700865633708177,0.4442102128989602,A,B,E
348,0,-3.781984079082267,-0.2056995809167454,-0.006311449843201572,-0.13263300790415322,0.05253395482251049,-1.728496893900975,-1.6246447854733421,0.5788235964195965,-2.0149608824296497,23.136150195352865,0.0784064658054534,8.563318953068444,3.275866072050038,0.7539765396512167,0.03775738305771586,,-0.41372772684745085,-0.16199310631486077,-0.6008182992961325,0.14551485059871225,0.8932105975847006,0.13232891659422194,-0.43569136766575045,-6.841511939985155,1.1477214337292867,F,B,A
349,2,6.111721055993566,0.10410347679660344,-0.009245600376681503,-0.1206618872483208,-0.36538399815247313,3.4564019466690925,1.348674756063713,0.512947429889017,-2.738741567968238,5.375172758917186,0.48833068448756123,-2.748563443077032,6.941212481846406,-0.4159321252688051,-0.31981222171060786,0.22050465891914586,-0.15062645674275188,-0.10588157323084121,0.46122839436594365,0.26968154080471424,-3.2628107020705,0.025717104707964577,-0.9723686011445787,0.1884222844792934,0.0623024393885586,B,B,A
350,0,5.3544747115998,-0.15076937246713695,-0.1324724607783026,0.047676352574558836,0.651166766348322,10.152624300611738,0.7588923845577058,1.9891783245733008,-4.093163182086418,4.614852011076666,-0.006517924972908938,2.3001002066370186,7.525759693235073,0.3358882788069726,-0.8053531583763563,-1.6525994308152496,-0.6464039750688334,0.04808872997594427,-0.2575628099305583,-0.7140069055998967,0.02827975934380124,0.054905370615070816,-0.8904051815685663,-5.03885943655341,-0.5886729023774745,F,D,C
351,3,0.978434769590579,0.21936314507731394,0.1910724815804128,-0.17584742852100202,0.7469256952687418,-6.61905674641115,-0.22173913404064857,-1.1868319392232538,-0.4418963477796379,-0.036916016964471526,-0.07616789987172917,0.38565102435310966,-6.802142113747922,0.40742582115879455,-0.16452125464083797,1.4101503514873095,-0.2896562618666869,-0.20022993608355696,0.44497453383937263,,2.5253086836028094,0.19067812578635493,-0.7344724208781988,2.7174006548493956,-0.13053115941903523,D,B,B
352,0,-5.836553236197937,-0.14849481368833695,-0.18843903990596125,-0.1889986528354744,1.3155805028819045,-7.624882938842633,0.6364502975290564,-0.7293997018831168,3.8588958598420153,36.20267544640286,0.005883651023296962,11.15638005634735,-14.86045445816297,-0.45814554499569105,-0.28399743779754344,,0.43305896831392615,-0.006417804618339773,0.3770577821949059,0.25182927650969356,-1.8115849121550958,0.021576954413632148,0.7720975799206448,0.35656437887665743,-0.1027423379235454,A,D,C
353,4,,0.16463415444712687,0.02559915721565511,-0.13340818660469064,-0.16665615008753676,-5.687983224683696,0.7325302067661719,0.10502515544205626,-0.8578309420878589,-3.523412098221257,-0.013279370485128067,-7.196701383726886,-2.749427923901278,-0.5197335556821256,-1.4208307088906147,0.12648634946710346,0.04000236513255795,0.21235430012390313,-0.18300915151014355,-0.1858358432313096,1.7754304936862935,0.2181561308858738,-0.26108259843975945,4.860276883104958,-0.12461416827188213,E,,C
354,1,1.8920579390944303,-0.4301583190793392,0.2791099257289552,0.044902444688594126,-1.5282464292025801,2.8938863581278205,0.20634314176701354,0.40471213931456795,-1.965624685224876,6.529129871941442,0.1706842016142697,2.1268127517787625,-0.34940780588598597,0.20483808411291649,0.36130625302541897,-0.4599289024203173,-0.1695371517399543,-0.18817583526100112,-0.9289734726316781,0.24608748816607248,2.176938348650146,0.06700915007529874,-0.3024895829640801,2.744402263041815,0.7679479695793286,D,B,B
355,0,0.28523509141001224,-0.16227004221244884,-0.44216527626626645,-0.028898192021619043,0.5044742295142098,-1.5929463162727462,-0.6888124391172946,1.040370239957652,1.292190469322003,30.479565327223813,0.7897469618709588,-1.1190629934327434,-8.979428196426756,0.43717600074998936,-0.7246112646563946,-1.1609309720496939,0.10930280066906893,0.2385511672009748,1.2441209733860163,-0.3186747476146367,-1.382504347282467,-0.09007156991939307,0.42207447143804133,-2.9986301110599785,-0.594862849990335,C,A,A
356,3,-5.1398550115622035,0.1515341602594243,0.6388757230274861,-0.010101515819029506,-0.07736665994893552,0.993830205502232,-0.7310856982855801,-1.0029454826157704,0.7427108446439697,-12.779884667515061,-0.11179622687383603,-4.294260417213989,-11.468134045003326,0.0801715998176992,0.6168677361858464,0.5691651539107531,-0.6900969193492211,-0.04397338455041329,-0.012393211690430611,-0.03794908668465889,3.769842844933975,-0.034606573360601,-0.5005741104696113,-0.11663162739218744,-0.4383103454669726,B,A,A
357,4,-5.320182846466526,-0.32241434996241436,0.5751908179685842,0.0045436622652324805,-0.2796741262936701,1.4101077931752277,0.46404137595162426,2.087966107939554,-0.49597583595190053,15.3331099140691,-0.17097223710542575,-7.88193737141849,-9.044788530211402,1.3995046338986015,2.8328639394229085,,0.1851785724322122,-0.0284960214723222,-0.17356710065958736,-0.2088049912131683,2.1460923935732032,0.11626886806464182,1.1313593226302883,1.0553101883350526,0.5602833249256011,D,B,C
358,3,0.8926238410177971,-0.009013766710475588,0.06990057485980702,0.06652739060370368,0.6624640348349633,9.363847521836146,-1.1881955531774735,1.1277951912474444,5.875764771654144,-8.992654230499076,0.016949489915001243,-5.071797949950461,3.1547384690450713,0.4514007562322301,1.1650892715148122,,-0.4309435671647072,,0.43728755234252703,-0.06593372054951926,1.3928803075193763,0.07701562798744918,-0.2736372122838021,2.971598972678798,-0.5194488129476041,D,B,D
359,0,7.745496615879573,0.10287787362469626,0.2141379955776814,0.07774746376492137,1.3316659496336223,3.004950890872355,-0.23634991893624285,-0.49486623013885594,3.355096006601263,11.37718077958572,0.0198719138320547,10.063464923728635,-2.0216169229704994,-0.06598800659135912,-0.9673644852922303,,0.08964669991635867,0.17200838482800246,-0.5421638903217131,-0.36164546100908973,-0.12864758289538966,-0.19185433967736762,0.140590112941913,-3.2350877883573044,-0.34278981639402506,C,D,
360,1,11.035769018984263,0.19371141100764236,-0.055868641386948734,-0.08749846290200927,-0.014707081205526962,-5.505294572331847,-0.9739212836326832,-0.15973002122929641,-4.573824020507018,-15.305112127323008,-0.004733056519612058,-3.437968771152336,5.905392860276818,0.028365154194897935,-1.6871837435835082,0.7882143365751724,-0.11707191499588336,-0.19427595916097942,-0.21189128197728332,-0.027969935992150842,0.20604031002645215,0.03502804013266894,-0.056659573060640754,-1.3224549889474169,0.9317768863023501,B,C,
361,3,11.008345624465111,-0.1459709230095599,-0.006891100957392528,0.16189975530805548,-1.0056054979991635,-5.7517480812096,-0.9886460109243884,-0.8275075055777427,4.346374486707915,-14.913420007124317,0.3142363106782455,1.571354206868541,3.601435718742705,1.2073193949489671,-0.8561348592837836,0.12659950189643904,0.02639167456899037,,0.9009857229620056,-0.2282955664018718,2.0823657284780466,-0.03754979298177234,0.2674549556529718,-0.2702833504236182,0.057588757416312746,D,A,A
362,4,-6.807790663371312,0.10712494975057202,0.3030862189735081,0.07530106026627571,1.1068760699537665,-0.1424827499880813,0.5271981227651332,1.5134692455046073,0.9924075686872733,5.6085479756989605,0.07497527606378611,8.429473969464834,-13.019327798655192,0.8418367349456694,1.2747887687603863,1.6721457559948059,0.48744894398405547,-0.02812240693500715,-1.1422681560744463,0.24664651308268368,2.893604933610159,0.029624016510814623,0.5804202557736202,3.2503781132132805,0.6535830916278869,F,A,D
363,4,2.0674381566335374,0.1990741350430806,-0.15251617958256225,-0.046317139839563655,-0.38375854720966585,1.1311361401693973,-1.1664568264801576,-1.6367660923533156,-1.4642249417508755,-4.263690290553481,-0.6701747384867597,-3.398741804504947,-3.376113641895462,-0.5014210311161451,-0.7988255599978682,-3.756402490518872,0.5593332492721818,-0.14492341964498814,0.9366491042788332,0.2790338216823698,-0.7156048829609438,0.43507149277514157,0.17078357292902052,-2.742274466046984,1.5190757578571252,D,A,C
364,4,3.2425092814187706,0.4075250792788045,0.3519751521004421,-0.22859454477303995,-0.47455804981829114,-0.5500485457785624,0.030406490392764416,1.1067446296173393,,22.568821328315966,-0.2485929339505333,-1.181336319524015,-6.86585272390963,-0.7428555210671616,1.0844312434736079,-3.4810590230676173,0.8331515728531984,-0.1482712989526895,-0.37318894337708725,0.2901862326914528,1.419059868256306,-0.14892601628960997,0.11422699186180192,0.8857086908325233,1.3005801713618683,C,D,D
365,0,0.692517386483574,-0.13663531754368327,-0.010967032122891358,0.0751858626228912,0.5390962132148884,-0.1351454540506282,-0.41403660178205304,0.4584786103281218,,,-0.20570055801140447,-0.8910381881120036,1.8269552419713366,-0.1797361147766317,-2.937118368308139,3.35194774598054,-0.05703937300962676,0.006609640059259506,-0.2762553759120089,0.13826656401913276,1.7687468191478712,-0.1868030293039568,-0.34179406737795265,-0.8365725546975378,0.20116775807640613,F,D,C
366,4,-2.174299148144098,0.20269608522903212,-0.005106043282516671,0.126986595729687,1.8275814216442865,-2.5203885523406933,0.2029604258065731,0.7525926960716269,0.9120831847186492,-21.00408503865457,0.26496831916815516,-3.17908749500906,1.8831232654997563,0.712135004532991,-2.1211265614935613,1.1644418466142785,-0.12349861945906397,-0.030458294277444984,0.34674960931281074,0.45164593768298317,-1.0560679203509706,0.01597688282727745,0.317507565074052,-3.2554707926471202,0.11808440942744416,C,D,
367,1,-3.8356687282565973,-0.15230945436852547,-0.2206621659376342,-0.07178819459587062,0.2187424814952389,-3.7702142142211335,1.2736174892854426,-0.15708635453927391,,-3.552393614345491,0.05429943392517797,5.561817099044781,3.5427805104842633,0.2410352070996608,-0.2826278854235905,-1.1677294979699617,0.2880948884220494,0.0761905787362808,-0.14090774703568698,0.00537642897950992,0.7656607976355827,0.15090972214542384,0.45560274897719133,4.265013168430318,-0.5938787239715543,E,A,C
368,4,2.3071312992634203,0.3902203611333108,-0.13558862760843887,0.16651177969739367,-0.4457281905195777,11.709626504680143,-0.9523643474154628,2.217177660486833,-5.091092542887538,-14.889685540852408,0.1607068284784011,0.5289793891621379,1.6319357045139053,1.9328191876201057,-1.4250725915379645,2.00934854869888,0.46137490535988135,-0.10072036151109298,-0.869745104623728,0.6074895213267096,4.92311779508954,0.2639629305160783,-0.2871848372269915,1.3240227302187895,2.3898675083665633,B,A,A
369,0,3.2643354400467297,0.04653736960013932,0.15696303054972466,0.15619951209222563,-0.7988682130966597,8.075143318345619,0.4531099679818346,0.09126498988887738,0.8668266850267369,11.026283458904944,0.2315349409086627,-5.022957882471731,0.7745680270413875,0.0061317545675221964,-0.12795111983929988,,0.7280358196514171,-0.009574465052848348,0.5301881096921318,0.08080546171730563,-4.935564314155369,0.012815966114652778,0.05035617792828519,-2.998256113221616,1.0318390846783407,A,D,C
370,2,1.8408546279204547,0.49115707676297066,0.01110570094067835,-0.3022735746717308,-2.0887497782335522,-1.2817205864562318,0.825272334508632,-0.8860391152478897,-6.481859184283954,34.40486076794567,-0.1264277856085073,5.264797587856724,-15.922118575856409,-0.22402209172467336,1.9355799645574776,3.3550616658906725,-0.28139290455823346,-0.1487355655412427,0.6473842965547901,0.1637614798254897,-0.5799439515601487,-0.1368300587897017,-0.9847611016393746,-3.667885753250281,0.4575973200235401,B,,E
371,3,-1.4484138933968096,0.10435686786070736,-0.18731947861767287,0.056491582981844195,0.9277220723097808,-4.1336317232541475,-0.7621646883939862,1.1334297227942236,-7.577963365277699,0.5864039009666638,-0.7217204897273349,-7.261957228975661,-6.525403397829634,-0.9179929733466368,-2.3721999557148807,0.6906112879401488,-0.49284767603935975,-0.0420341951657263,0.526615794189303,-0.5761498317893117,-3.8343131076119064,-0.30593643590692926,0.18657438423862463,2.213642920425042,0.879979351153265,F,A,C
372,3,-2.8747299425901507,0.09801359065475097,0.010899341420942338,0.0007975870415663156,0.5978777757155672,4.600331018376832,0.07937569273610953,-0.14082405175047724,0.14776755425903848,16.67648921232867,-0.27704400220620945,2.601326079181935,-10.759773658875314,-0.8992685571731064,-0.6733747214050028,-1.1713453287793074,-0.7747420533765484,-0.15226220773054044,-0.058391382571537996,0.1426677400543344,-1.673968092763067,-0.10152121312567894,0.4386285287720785,7.834118116479268,0.7420220770192437,F,D,E
373,2,-5.059647677890455,-0.033755075256564744,0.35768087616192396,-0.0563207258858319,-0.4128535558601667,-4.185622669875748,-0.5733639656333888,-1.278296366034048,3.9594802122449804,9.245522909437538,0.21368032925357033,3.2626581815775464,-3.8793710756395967,0.22253617129740005,-1.4739199185859342,-0.6400115489370892,0.21860770354731843,0.23019035666730667,0.625771943563734,0.28250294545929167,1.6585416876105,-0.09878406525705895,0.7799143581584316,0.6005270910303129,-0.823100451428711,A,D,
374,3,2.4486367885948983,0.16067153090710715,0.12943138450276873,-0.0889426141394676,1.0108043571571408,1.048370898038342,1.1795265311699403,-0.485575537183669,-1.1947222150308545,,-0.642680570485912,2.499763104108673,-2.306449265669518,-0.18640474931165943,0.602139172949114,-0.07769081577498535,-0.6395782698691383,0.0739748945338037,-0.03820029313968961,0.05319888001396357,-0.06485543461885838,0.32265729006411364,0.23632771794534402,0.9384582843816733,0.008326993825242292,A,A,A
375,3,8.280099672881782,0.02140744190224624,,-0.06117645387906143,1.8725486643994607,2.991769850137502,0.4252355314097022,-0.4237620663542721,3.167154755330069,-18.057911673909146,0.1669249737144824,-3.8088647639388546,1.11532741960961,0.9805476415858381,0.6628552357956243,-0.2890087013350466,0.8990383926182809,0.0298508263648636,-0.22427320438268625,0.33597651721162125,1.0379801649730738,0.41026499639895675,0.114430965860328,6.126703506737975,-1.0378022715225095,E,A,E
376,4,8.505747580531835,0.128457900780294,-0.07501191712237618,0.19044913313499776,0.014961739830105368,-4.55781772960705,-0.6299199479350028,0.08856681039506947,2.0016154350404562,7.257148990879496,0.09128089995019878,1.0630416309651196,-9.12031366267249,-0.854708326937512,1.6937520105844988,-2.9989631289899608,0.28853053076846324,0.07895267147975359,0.4692054474295753,-0.17776565335095218,-0.6178418937286957,-0.24059534006011332,-0.39440862586753117,-1.5842671566992133,0.4206945515573126,D,B,
377,3,8.78758577566438,0.5105522945081875,-0.05083432863891016,-0.12191534362079129,0.015138471678599559,1.0300587696902563,0.50684982330572,-0.12717910298376314,-2.697125088954932,-24.57940937775168,0.201608459451602,-3.9940717547948985,4.00306228122384,0.2640535527834116,0.6001450776144387,-1.0653420364812953,-0.7414696927629779,0.13281890468243862,1.0296698999310243,-0.4387573474785162,-1.8497386305830372,-0.19429813257926423,-1.16009117996984,6.904191490646201,-0.3255294507067929,B,B,
378,2,-12.842856893509698,0.2920216839548464,0.011702168516793674,-0.0049079098713619065,-0.6228717621688123,-0.6371099250553818,0.38249916464788575,-0.7380401445343582,-1.8465400176031377,13.39569770500781,0.0011732587778396895,3.5500102401150446,-7.186750230176533,-0.698562941481924,1.613971437178873,2.0869127320742016,0.34462217184506716,-0.23082006661196866,0.24639177224493738,0.08433406805393633,-0.3418074854828905,-0.07389000013443599,1.1119455350958163,6.764267941036768,-1.0428012607153516,D,C,A
379,3,-3.7344961490567616,0.17900571925471062,-0.05736698612648393,0.036869414250558175,0.2001877353278884,-2.967453667624788,-1.0361653878940462,0.3039693297615844,-2.825667121820357,8.27705511372147,0.6421788593076243,-1.8888249423656667,-2.883780490738129,-0.2632521779795098,-0.1350986328974956,-0.05542350520850671,-0.8992627836483471,-0.10828825571693229,0.3373510743936123,-0.0356819157219038,1.2428097995427003,-0.02975390987680735,-0.5156297234436246,-2.044340129468327,0.17227877031474087,E,D,E
380,2,10.16037341875879,-0.02260237948706647,0.31756304040964584,-0.12172018101882075,-0.7223544997128374,9.070669847072415,0.7855282473600315,-0.8985307205898717,1.8543178447170907,-15.77640169439461,0.0711381071599167,-1.7645333367710656,3.6698836177729435,-0.7055426848644444,3.4301509602855007,5.20577632997086,-0.35054510325656946,0.0958511870106811,0.1122212336660416,0.28585053929078563,-4.427319937467432,0.03283371618284006,0.009203504443200982,0.2756171366566071,-0.769443750398938,C,A,C
381,2,1.0128134937934186,-0.17412984841436735,0.5480375429360609,-3.0461606732546253e-05,-0.15829342094444043,5.84655312025804,0.49735862746521403,-0.08411108397523626,-1.8171235639003367,-2.730056776379503,0.08098794124635694,-4.068927105522522,9.36120783967922,-0.06701599903124128,1.3296520793335893,2.503041645573207,0.2289931922845393,,0.6608492371538569,-0.04069620112244627,0.44653198451335063,-0.09239298549955222,0.5851263168421788,3.363812886303893,-0.13906766791066574,D,D,D
382,3,15.279173419303971,0.0712900568598528,0.48154282098373197,0.23737974992735855,-0.45302100416393837,-4.1256168976093255,1.0284424861054535,-1.3141300925549884,5.207550378549137,26.547901504945795,0.436205042598517,1.2763862876766447,2.271874426440499,0.34706533790895816,-0.027126171632172305,-2.1676143640958885,-0.051328201089493014,0.20170354474172855,-1.3941727525556797,0.2173928451861283,6.145140548474122,-0.20746142983533333,0.05192991197284496,7.4667629586736535,0.5676274140171267,D,A,
383,2,-0.13616293350991163,0.21442129438406785,-0.05668167665689207,0.1782713960823571,2.0701627298488803,-8.21217761174301,0.5657335407153905,-0.9119432585888094,-0.7703483684922008,10.769889219735918,0.5245809970814069,-8.98515934072461,2.2558560945052,0.7397632357372614,-0.953107782148658,-1.3487562070783905,0.007237579342929259,,0.21835494086805887,0.17868768786455427,-0.8610669439788604,0.0008919271386545306,0.468096591121635,0.16715898891497835,0.14623415182431307,F,D,D
384,2,6.431164009303182,-0.3869971251782917,-0.4555553120832459,0.0012434418337081226,-1.0708656515555715,-6.259519290948238,-0.5190976785798295,-1.4511986059972988,-0.7082200788724224,-28.467075196743018,-0.005749160061285317,-9.849408256950003,4.563522070591809,-0.20994368187435464,-1.1726258056023635,2.3651470695532772,-0.6027787448454863,0.09596953981481274,0.06652508997132899,0.5100336223923617,-5.605352299931835,-0.13800058889709824,0.928132317926219,5.632864556758474,-1.3106922345205312,E,A,C
385,0,3.337756531001088,-0.017352077984176692,0.36328485808070904,0.15056687449069459,0.3019586480665282,4.324549690168262,1.0655878197501525,-0.030748890459743876,,-20.999870386544835,0.2865442582339916,-4.076079920580147,-2.0691882010667353,0.22154767714747203,-1.864225568427526,1.8222495641217644,0.7004109742870038,0.18639288461600934,-0.16343343266143093,0.02891501024801111,-3.8998049793747747,-0.01034957747106779,-0.0494040004913586,0.6467434688315008,0.6427472916465092,D,A,C
386,2,4.2198576820497244,0.03850813512344571,0.18222617925602838,-0.037374055023836866,-0.03337814013115043,-3.0431878135281765,-0.5255478167130336,0.617938090693474,3.0501772565101426,3.80824443246088,-0.46542709343752914,5.601686194759892,-5.973943814800842,0.0816188150793306,1.843915762180676,0.6602576573271586,-0.5282655414469954,-0.05694735883942162,0.16072358933954675,-0.06257557437354029,1.0036188017033814,-0.1516605426639612,0.4375938657827996,-0.5710405147699634,-0.12131346427632231,C,A,C
387,0,1.8901686987836936,-0.26238605227111084,-0.07934961145259822,0.019481103956754856,-0.28864529925076704,9.143606189672907,-1.7258396283643687,-0.061247868858814704,-0.04699093635157465,-12.350058732769917,-0.09862805879256717,15.175418658522384,4.652573889702288,-0.7555780278322897,-1.4656902648578098,1.3518280546991905,-0.0026747349014872327,0.26069791609848364,-0.2970512106967341,-0.30747385741673333,-2.587292129329245,-0.06412113367453601,0.8325776099616641,1.3992410507366082,0.18307601721272151,A,A,C
388,1,3.5148010780716925,-0.3300185948076387,-0.09915428860877101,0.028384301525057026,0.1412140891716951,8.12134935902959,-0.8340914778001008,-0.8756172054706309,-3.037819954820166,-8.410989112454196,-0.03094552256086235,-5.489580184995396,-4.103687492278293,0.47976159180250993,-1.9613911073767323,1.5033589910250067,-1.4065431377457398,0.05056620739824613,0.046688644514133404,-0.30695808219255794,0.871509998693476,-0.17057412297502222,-0.3134262874244812,-2.82890668479321,1.4278523918439894,A,B,D
389,3,9.490200128563728,0.15593701722491196,-0.2812740144143407,-0.09834559413436415,0.31625287479114295,-5.62381149282462,0.36952114028089245,-0.26688485620421637,0.7210979044778055,-14.466883029447361,0.3222805964153639,-5.108518988415041,-3.8879920964766432,-0.11670385971589403,0.7706145075414904,-0.5654964203347983,0.05591950914710808,-0.1331764773346954,-0.1680209130703253,0.2146867199080265,1.863918500792489,-0.1718353698678971,-0.7119483415450192,1.2108225708750922,0.18482829503207163,F,A,E
390,4,-6.932368083397856,-0.3169929535151526,-0.2271414790310986,-0.2706672162916105,0.19270609419228493,-1.0040266888880287,-0.18729455994875757,-0.6286589141142148,1.0216533964249126,-6.164572170733278,0.18487094913590948,-0.8525345801867454,-1.7879452359941255,-0.41141209957747776,0.06404406543053183,-1.0959437068107907,-1.0472470949024806,-0.13258398254861317,0.13134390523763975,-0.30074347599918444,-3.2801829566823595,-0.05244812391713862,-0.15434405855495015,0.4425244909343949,-0.5203737097789474,D,A,
391,1,8.076484037618254,-0.07986818696594825,0.02275458911109096,0.01069784589842151,0.7600707283249857,-3.6962744973409185,-0.07940937611713403,-0.5989454798187441,-4.27798231010846,-4.673128578263901,-0.3096586354738632,-0.6261360102842968,3.027791255432537,0.05946333080410098,-0.4489230360915539,-0.8994117608461573,0.21209483019761094,-0.0226718940963272,0.12278755091381899,0.7332722101387906,1.0739485290383006,0.1356951157786108,0.45002801646365354,1.8411582839792382,0.9422380831256599,E,D,D
392,0,7.397457823889187,0.11984075077324036,-0.26362541994581823,-0.005501155540493611,-1.029137569392151,-3.077869682471017,-1.1315240191804603,1.3085830036678072,2.2994056185116336,8.928714261683725,-0.4104760694033682,-2.464931551671811,-0.3239323239328517,0.7987303624262264,-1.4705437109132564,-0.3471129773476252,0.21558458558660332,0.18823940402834063,-0.5081935806769284,-0.6630546771602244,-2.6833118401607567,0.0863491655822675,0.6218433452161192,-0.9185930720028788,-1.4341608676885749,C,A,C
393,3,3.583491650571008,0.17794970834979554,0.11465989034848838,0.19430243043008122,1.6032505186365222,4.738722971417517,0.10729702310311262,0.8986381133863398,-1.1667777328362943,4.65576213765587,-0.042467972034043254,4.468357800465069,-0.7227513028844132,0.6934017866969044,-1.092081546376418,-1.8403429013940147,-0.46338816835554153,0.14202103385694112,0.2935817702613055,0.5544222902434912,-0.6099563112297676,0.30154261847200514,-0.2612192961670343,-1.3223209765393442,-0.8243901808746771,D,D,A
394,4,2.318475922511761,0.41431624178290044,-0.22731147918437297,0.0741047887306757,0.6482273568411061,-3.6984989432392457,-0.9841190832053615,-0.48107656525867176,6.452011045217028,3.8587492137861985,-0.026661449758371522,-0.6779880138724237,13.01332946860753,-1.3171228650716018,-0.19536727589567723,-1.9757256268314891,0.7812557569371062,-0.08537964468368257,-0.5926240927239841,0.09270007419461525,2.3710216490186564,-0.17068620459962766,-0.5797680889699628,-6.713863649941358,-0.12661705166007511,B,,E
395,2,-6.182628407032368,0.019814286566443753,0.17622048765504894,0.00461606990436306,-1.2998292450779152,1.923969453500897,-0.3850001891799498,0.6312629904420898,-2.979203946948992,3.1114867852876196,0.02545269232616461,6.303991322146872,2.3912587761115116,0.2446867636217289,0.9831650913716561,,0.13979555377565547,0.26817566490263467,1.2663845972695433,-0.5298123759773468,0.6382104011470716,0.01236099207233363,0.5483361160176611,2.9929685846600087,-0.11832259361923882,B,,
396,1,1.917279870536346,-0.2502922789115785,0.10250013182171777,0.14493943322854155,-1.0124251324785387,-8.946975000411106,-0.03960605041096413,0.5210594045683815,2.298175499059599,8.476060221735878,0.14373902850459414,4.077371397414676,-9.435720489483007,0.3272958582167122,1.7554092705472812,,-0.23624664865888292,-0.05352318233565858,-0.4406107464952178,0.3794776088871214,1.239936612078994,-0.03208825713471208,0.056930850067829115,1.381883690969475,-0.23091890285840605,C,A,E
397,0,3.1170259389698507,0.18323539270054007,0.17997292920630859,-0.0606162322522723,-0.06365587784406021,3.0899481872880514,0.47654102799232007,-1.1196392262262471,-3.182207255169621,-22.41136747792491,-0.06950992658347598,0.32176932833162164,9.59747008011247,0.8939218718386679,-2.447470659735969,1.1349030638883997,-0.3208477552770611,-0.14358588622163415,-0.4779667893203507,0.1401581653474084,0.6755317309931381,0.12777528093484353,0.4458484409171735,3.844378546487509,1.0549354851288673,F,A,E
398,4,-4.866652234131079,-0.29261537550316036,0.4279723967529584,-0.02647619859554423,0.1359197445647717,-9.136796763087544,-0.25577565742587477,-0.9841384476147194,8.6019079270724,19.57158017223331,-0.07120040367657628,-1.6822510873744942,-6.552388992590005,-0.4424852936105832,1.826404631966003,-1.9332084102445983,-0.2799920334383867,-0.08633575418057879,-0.04626686955520376,-0.05439833898825568,-3.846141229685464,0.210634566936731,0.15026909999317992,0.013497134434017285,0.2814683206894958,C,B,B
399,0,0.6577426790417845,0.36500620048304955,-0.4296423124465521,0.04777142269038166,1.9391029856345112,5.967162393705635,1.179252633062755,0.9192040953273961,-1.3627506156532494,,-0.19321426804975525,-1.126770932011594,2.079520394541516,0.14954988076723155,-0.3431494084084913,1.6420538028742884,0.36544347935047145,0.10443267831206157,-0.28099470454371384,0.24837733702216294,-1.6829156526011582,-0.015053760011666618,-1.416671873667204,-6.222448460325535,-0.17641688652928256,F,B,A
400,3,2.569932785780815,0.13963223537755343,-0.22044438764462757,-0.012975167322058464,0.6813020715626521,0.8549529270151998,-1.3857277192180462,-0.3974578407808954,,1.4688278986385328,-0.5473110247972152,9.69715243755389,1.0088906886312146,-0.7972700112417452,0.8042700071059351,-1.3515809498883595,0.2698626853980353,-0.04605010177624332,-0.6824986658328129,,-0.7897708085472506,-0.027739601662241143,0.5010610718175419,2.88513640099479,0.669906308909596,F,A,A
401,2,2.86894776298862,0.4621851758170744,0.32813036252324623,0.03957837359434404,-1.4950481974600032,4.568480231079077,0.5538395240245376,-1.5666743081801735,1.4014673797496509,1.87751201268652,-0.21544757913882387,-0.032096686003581995,0.14114623561816642,-0.34165868705299457,0.37015686791199376,,0.14982047766960258,0.014689433583682328,-0.44432636862839114,-0.3405114638499155,3.231885767237304,-0.07115136951414601,-0.31647021755347404,7.452147601574682,0.15917750793320995,A,A,C
402,3,-2.2398550808535744,0.2942090919974517,0.6185678820525334,-0.10838570228010547,-1.9429505931989288,0.005130262352557524,-1.253781327024714,-0.8068661967826468,2.699982598178965,21.730030407394416,0.07437534566430229,2.1407557024058623,-2.754627691918779,-0.05393478234247303,0.9765274278962491,-2.424458095205312,-0.754335665430972,-0.09664158197542232,-0.019650231783365973,0.5234548652100119,-1.7898666076980294,0.2825737181194664,0.4238826750862792,-8.944957526760142,-0.04538418451975291,E,B,C
403,2,,0.14691801184707623,-0.0523222343733508,0.06228289477366412,-0.5956314995523505,2.057173525621178,-0.7838951883579679,0.3140399893412327,0.5251002677197104,9.078254504959245,0.32764847169951394,5.788364085237873,-2.5171663225930674,-0.10714829398376292,1.1957598036695087,0.6136289034781777,-0.13836519395920469,-0.05922726350138609,-0.3520376881491988,-0.09814052716567097,-1.1567869006392477,-0.055501709763477576,-0.01057543891699074,-2.7819297872693767,-0.39110282394398044,B,A,A
404,2,6.4847039006353775,0.5134656842949886,0.09571080386948555,0.11080662550049933,0.8726471772839347,5.775470435837648,0.5842714432030586,0.8271075078078743,-4.036429869814779,9.411976604079962,-0.623640719814436,-3.1221777494615757,-1.4658115081697445,-0.00916890589549229,0.32250877885940527,-2.9193091933886954,-0.6233598122987773,-0.07387577871465788,-0.3112097578690427,0.46925235964650347,-0.030163427605696423,0.36211948084686024,-1.4604779135148356,2.4576272195910964,-0.13773891740000982,E,A,A
405,4,-6.47981245675639,0.6572507483819554,0.3404606757096657,0.03023171346588451,-0.5026971596444341,-2.129603592929232,-0.39403185301724186,-1.5581960664062544,0.7180017491068005,8.272058812971796,0.023822481673098753,-0.3075406566672872,2.242518676395861,0.086766460287407,0.6797352463179767,-0.5456071436809139,0.44091700555281216,-0.05178732730974715,0.6003448529379032,0.5996828244699643,0.2765607904258892,0.09829239601113868,-0.0999018475482255,-5.919481500941751,1.0689137801249082,C,A,A
406,3,4.662574999434666,0.6250336422888394,-0.3003340321367797,-0.01808515584476835,0.09056894028940075,-4.659682976353414,0.894427498183382,0.6268741278527689,1.2293582327140937,-1.9501491022448167,0.22790244082562688,0.7645068946521558,0.28925669069431614,-1.1030100073901157,-0.9677139333271365,-3.99551353784703,-0.16891155456626794,-0.019733085371545594,-0.5984109035279277,-0.42111008316186943,-3.881035450549825,-0.23628903965637935,0.1582273496975829,-0.8917064795670369,1.4511509184853888,B,A,C
407,2,9.396996633746275,0.1395320909145254,0.13859836182761098,0.0916453986823025,-0.44002724812702015,-4.826820726269525,-0.6214679776054365,-0.5711897889919143,,-2.349239347998044,0.10754494218584754,-5.384180409189086,2.9163267117562164,-0.9300821834981166,0.21140694343106894,3.6841054189183313,0.5239096194322272,0.08099637026122901,0.740097392339046,0.22964701778973928,0.4429028554792834,-0.04238013224042691,0.5975229210489902,2.9491646550478925,-0.06352588743995081,F,A,C
408,2,3.6695598817886586,-0.02458997675495104,-0.24044752529643743,-0.037310692605082914,-0.09910191258311707,2.8612848017153016,2.6003801751580826,-0.06551791451876385,-4.535293361084339,-39.311546749670036,-0.12404984226399236,5.471186426531218,7.061488879258481,-0.11509912633101005,1.293921370604008,1.9162677297659494,-0.25084790774703003,-0.08372722916815936,0.27524015710219674,0.14558234794502947,-1.911086663668445,0.3466989021914793,0.32231760060358067,4.638932710680155,-0.7191444312334873,D,B,C
409,0,8.287942919939988,-0.18447503650198435,0.057050709436662406,0.1253321646323664,1.7724214994628336,2.387621094443482,-1.531617984494598,2.3268475256606718,,0.2420379171895778,0.49666497333117365,-1.1916913781975764,16.205179529323498,-0.022303702528243024,1.7874478837878933,0.5126405285139426,0.28526416583213376,0.2775133069095975,0.05448555100272525,0.12771014008210962,-0.09339840798901297,0.10579886386292625,-0.42266251309241293,0.6287564738712925,0.35867943901601507,A,A,C
410,1,-5.204844961205165,0.1106200182731261,0.3614728531744394,0.32327047462076997,2.780738931502255,0.6792537546858913,0.5050120043952961,-0.2159821359572148,-8.98564887521602,-2.857888772233945,0.33968668034991745,-4.435879236367592,-2.030786215406283,-0.7207502717241239,-2.1361742180859893,,-0.04364127572060242,-0.015351419070065318,-0.6616366288501087,-0.32260142028256683,1.2847065546714074,-0.04448519255734926,0.9551281054526847,,-0.35597994681426415,A,B,E
411,3,4.888909667682122,-0.373130163439789,-0.285363764337941,-0.03339991747136086,0.4031958891426424,-3.273789530851506,-0.560885563879567,0.4556304250961677,-2.300763603706598,-5.1929127195830365,0.07728147117695706,1.3779948250598155,6.046074037415088,1.6060842921360527,-1.9300595933365825,1.6934354898328352,-0.06521722015972467,-0.08679739683619751,-0.2648336327952982,,-0.13790839211883701,-0.13374187916512176,0.9552779421910582,4.936915277163386,0.04436269592046303,F,B,
412,3,6.6600566630585005,-0.07423004685999635,0.12673286596682443,-0.0033009205115813456,0.15408756461143616,-2.715289374409709,1.1941774553617188,-1.391374024660692,,5.663449978562683,-0.1735949967343083,-9.282929494451684,-0.7946164508754566,1.1871761402187107,-1.2596673569188965,2.227136200210739,-0.7352426972245588,,-0.00016907875928900897,-0.1303634041573043,1.0385689739263912,0.009218074658436928,0.058538267968057126,2.6907237876142194,0.9698160020971973,D,A,B
413,2,-4.296796438674439,-0.22611162609751564,0.033198478751489686,0.021804451153393637,0.14945690706197254,-8.478390875639247,0.9672287451491527,-0.060851250477488815,,,0.03006971511158698,0.6880241245478455,-3.8768165806712958,0.11506040062158938,-1.5149173838153869,0.7948861820998494,-0.044404055853771995,-0.10269917609423519,0.3866848924429909,0.012412863002330759,-0.4082980482432563,0.039911966021140166,1.3775644371388076,,-0.6525824751806385,A,D,C
414,0,,-0.12577357479309123,0.18378221033682654,0.11222738755386576,-0.2798011424680638,-1.0231303168762675,0.8022608378463709,-0.08743952227515543,1.2333525341152218,-0.5309134586986727,-0.07879897334446061,3.510941549169583,-4.21187755713052,-0.6436739618853806,-1.319825122855833,,-0.1881585679434963,-0.040587010887210125,1.380933869115446,-0.0758583182957109,1.9548097069105452,0.06049995585815133,-0.026366668591504404,1.9654806698273792,0.1275219092413931,B,B,C
415,3,-12.90938189681346,0.2138256925580156,0.5498562034124035,-0.04470311730465582,1.5145551179933208,8.549186369638274,-0.6357173481015718,2.335414717786267,-3.4114105744158265,-2.390029244097007,-0.3113495514236086,-0.5831183658636634,-11.413390497864643,-0.4047031449117929,-0.641284811374227,0.1944635723875455,-0.8744108575641865,0.21158526743900655,-0.5893162994120296,0.49189082925149996,0.4176719237531228,0.11964007479992983,-0.15635785810606787,-1.0112966412865796,-1.0923895514531692,A,B,A
416,3,-6.558191312999403,0.45364784391246327,0.08053631905332811,-0.15384011480201,0.5566094408161787,-0.6425985473328788,-0.09603393840927547,-0.3636663283111581,0.1813218794259911,9.849982676723961,0.36177680460515077,-5.919642522364831,2.347861809945906,-0.5746678422823057,-0.634615443828832,-0.016432501664485885,1.1618125461530222,-0.024016679809951234,0.3565743865477491,0.10404043719527455,-0.5351436447963902,0.38167849398381926,0.28552443099986463,-7.222701665494708,-0.3408362167767849,E,D,D
417,2,-6.172194677224808,0.3331882718959782,0.47444410932451536,-0.020122604702366438,-1.485625780694713,0.5244812757650027,-0.007487057544271363,-0.5733927688170792,3.0591665111534834,0.4396327263286856,-0.009595193582261229,-3.6932253993663906,6.189907986965433,-0.04426980196863554,-0.7286214938386331,1.6326447376362487,0.46011120450664,0.01615274063492487,0.629282687092177,,1.142888578022897,-0.16871969091581673,-0.460375669836301,4.640104178776812,0.16099278020064164,C,A,C
418,0,10.517495851739787,-0.5346002305659414,0.0821653022649853,0.20283207273980774,-0.19213404361090647,-1.9363591729759102,-0.24511750204115915,1.27160382561831,3.195188408284008,16.389930007441897,0.1697473966352167,2.627072884042968,0.8012678192413974,0.383573320057457,1.4169169692839592,-2.952740404918012,0.22701784923959759,-0.026725717017638814,0.40608185668982666,-0.09148223311588718,1.7285055764583774,-0.15975854303738662,0.3912806218481515,-0.14248956199435076,0.3470020325074323,C,D,
419,2,5.292662546926597,0.12251106226487488,0.2286103069048302,-0.0318455416800249,-0.10859041211629758,1.9018873150879099,-1.2161079099859848,0.13643571300631563,-2.381095598080833,-3.392344909523977,0.15284594361015366,-12.417673084576478,3.4142143583558866,0.32341241960246697,1.6708084030736512,-0.035251578087615074,0.25994816349454597,,-1.06454613794886,-0.24959024855180392,0.5519670211629539,0.03512072289547436,0.22755269695328625,4.461239697642407,0.6452370971237251,F,A,E
420,2,3.390780801495727,0.0033158810912412495,0.33349949626544534,0.09268160339816003,0.75451666516514,-4.130017432384698,0.4080232031446451,-0.3865403120378348,0.6561846301842743,,-0.36508734927826536,5.00304981327256,-0.8008649766814698,0.7358522316255307,2.168494013397833,-1.08136593960914,-0.19319388267289628,0.26328326704229427,-0.7716832332841053,-0.15139489794340313,-1.9775778904195311,-0.22343825239088194,0.48553025146137474,2.614184358591398,0.015182371226057511,B,C,C
421,0,0.9892263861415417,-0.3192469395660679,-0.12057992423716425,-0.15726873013501652,-0.007137379089408127,-0.8139478010448493,1.172471296729275,0.3115756562821907,0.5758339618383526,,-0.21177147441620203,-6.265982667033599,4.259742870322806,0.2672053139318633,-0.7717980662911618,-1.7335850758974813,0.020946364541218246,0.05635138164948596,-0.16933839834487574,0.23228545240735046,-0.5332272740582221,-0.25034019207149355,-0.15135343346663982,0.343415085336891,0.10720642226175153,A,D,B
422,0,-0.006846940302681762,0.2524140169932073,-0.32634704551504934,0.11380572178248607,3.1932865445097187,-3.0475387246260075,-0.7185018893881632,1.4331449798204132,0.6952742509075461,6.801859791746158,0.381074949675061,-4.420069888404499,2.3866228226453767,0.2149571295780733,-1.3224023883530447,0.07336873284538215,-0.3342877449711651,-0.05127947162732476,-0.31233723147998044,0.47292577014469767,0.026869165765681928,0.16692192531491887,0.1383818950376385,3.5261190500363466,0.23164438745573473,F,D,E
423,0,0.22089096552954937,0.31191611559924515,-0.22759455098815454,-0.1462727113813799,-1.13129140271623,4.5140875247254835,0.9526288741956354,-0.229696270289603,-3.603954071900967,-7.660546501701048,0.1286069393205987,-1.5293556517381706,7.6688422476305345,0.945916594593105,-0.6423640647317831,-0.011229091883025505,-0.27558385428645493,-0.02429921328549735,-0.9125096727405104,-0.022442318344163135,0.20455133840853337,-0.231828812808717,-0.5873710134780558,-1.283231334822438,0.41053071872147223,B,C,A
424,2,0.8146133935689759,0.3091073922600036,0.006660857778652557,0.1440709728948219,-1.277688442902516,-0.5822137389582506,0.09199968520657748,-1.0533240352433988,-7.34113552098299,-0.1974071847699015,-0.011118161370550095,-4.5359203519639175,0.9695930261108985,0.7412194629245445,1.6499225588635598,1.5754966818611649,0.5641064664630284,0.0023450564713438796,0.9227676953863393,0.010673341747368743,-3.040821836969381,-0.04642189604505587,-1.4001866578988515,3.5194093740137964,0.5364235941574187,C,D,C
425,3,-7.882198190534144,-0.09111883374562933,0.1996514506638604,-0.07774104841247104,0.9340935880130835,5.516512434766607,-2.1078916767674034,-0.07711373883415212,4.414164518247345,-5.464100285430075,-0.08703710556300381,4.937738034313174,-6.178493896023678,0.5751494784197019,-0.11243112438664417,0.2841254788676753,-0.24702545558992292,-0.10424148147254007,1.7623629254227409,0.14429406259453847,0.08291803459390495,-0.25844242047363397,-0.47503071360782617,2.640977168025507,-0.3445921201813321,D,C,
426,4,-7.784131441272969,0.06212024030623147,-0.21384626559065978,0.06593304218235772,-0.4695434453521205,1.0417142137060982,-0.7974245075316955,-1.372467594503032,0.12811252583870175,17.02057769006719,-0.2174047605535019,3.7226661557948213,-2.2766504453507013,0.33495718274901304,1.2770925327133396,-1.4022247654022586,-0.8649979113774793,,0.7078695367305095,-0.015085205034222143,-3.0874724836128866,-0.4570791444666711,-0.06763448169657775,-3.774338929459472,-0.385442033765986,D,B,A
427,4,-2.202836733865716,0.2168971877920477,,0.03975939985583059,-0.4280697427620739,-1.7838409339783106,-0.1338793474682235,0.4869733385548383,0.934613012316152,24.873345848948325,0.15625952747916017,5.2280547964199515,-7.100371483067505,-0.3810954768075495,-2.103178873948086,0.08327175159474798,-0.4034186805976908,,-0.26033323902976024,-0.006871756309068885,0.27785497636300754,0.017985750907849173,-0.7688195476966502,-0.3062076599198111,-0.08604199626196625,C,A,A
428,4,-3.8078341841335535,0.07949157851157593,0.3073720021348905,-0.14843827823871503,-0.13686062771110996,-0.06269713293485658,-0.7195844516995838,0.4156075471170069,-1.7764992536140203,18.56698458032704,0.14214284548060113,-5.370512993440178,0.8654800141579675,0.09024982612509198,-0.2157184341846361,0.7346247475916927,-0.2725061769851216,0.09718755722160254,0.9053462256190818,0.052523380717092255,-0.4162970193363214,-0.24538867832374317,0.4531105677007361,0.7715727770371773,0.517386840139202,E,A,C
429,3,-11.606980512996461,-0.2555630227357231,0.06314833010239716,-0.036955460934982746,0.7869920925583188,8.937871759511397,1.682664925002701,1.2850560882703628,1.6035135153782853,4.165778011949337,0.2955438848165384,-4.920708623864075,-8.84226319475206,-0.6795476884809766,0.6115128287130711,-1.5691828703870296,0.729590861444917,0.3011182786111834,0.20954847378992833,0.1175212117679634,-0.8206621124801478,0.1833366261851335,1.011013269941187,1.3776753510412203,-0.7217427891456674,D,A,B
430,4,-0.3503442136831454,0.3842571801173742,0.11565278292216266,-0.07951398249858221,1.2184449394780807,-0.7650384374421417,0.49864328147162107,0.0035061297332183586,4.447495219592876,8.882758372761055,0.5274533259198694,14.09158545572545,1.470918613267159,0.4976507415031764,-0.5843561098184403,0.2030988494764841,0.009749757563297871,-0.1259731690263526,-0.10553945388890529,0.5093437287581707,0.055871641523975266,0.20034981515788297,0.16577308926469705,2.3224118746955096,-0.3408744505079399,E,D,C
431,4,4.681119128013131,0.7201495578876381,-0.2849158040604719,0.14265503028188076,-0.6298647617517222,-0.47688095088611365,-0.2466979405105633,-0.2634822499388833,-2.8195348295156193,-17.60136935976245,0.12426437083102637,4.741117934561115,-0.8779031784321902,0.9134420681357576,-0.774768933161,0.9961703497728884,0.3869481174764857,0.15025040400812825,-0.9700890045018739,0.054538793435261516,2.7127516618853282,-0.2274921310240182,0.9602145598418164,4.968222164475371,-0.332088785805829,D,A,
432,0,6.684639952904093,-0.11743967704661015,-0.08841048610756011,-0.048526520473545214,0.6200890655869598,3.0139720897546938,1.019654570312061,0.44006739595250866,2.8638583958877324,4.496455323982178,-0.49771115137984256,-8.601322377609572,0.5954346058499985,0.29038098877782825,1.0797011963584626,-0.05171935874208029,-0.26851733682509327,0.02042326189846367,-0.06856977439674969,0.043327867643119036,2.8242400821579414,-0.04615056149315414,0.8357802847398829,-0.2777202523204066,-0.5412812910119714,C,A,A
433,2,,0.5101516978235361,-0.026688654406143035,-0.07933731914763131,-1.8433354599618645,-0.4125257315299344,-1.3770820861321798,-0.44271304731135397,-5.643821296211952,33.00007015305381,-0.0362348023703402,4.514625759452095,-8.557945075641236,0.22842231481125524,3.7285879396731185,2.256684116388159,-0.5372231840652606,0.16198185083195352,-0.005286327172357078,-0.5814960089741942,-2.1843546806331906,0.15727616910133116,-0.5710641059903132,-2.9832457633414124,1.1287517651097612,F,D,A
434,1,-15.107285308284201,-0.4383367444202037,0.1719055088374196,0.12208591008090472,1.3985550468189718,-10.886007177343568,-0.662044866537518,1.6333702752191381,3.043522629362666,-2.002141955282307,0.5114970288963396,-4.094150413880953,4.6907218571724725,0.8689927881444652,-2.272381237900698,-1.689998102816761,0.11699684060683009,0.00033373821266485093,0.12840069932769932,0.638542076710826,-0.22095794580586503,-0.1282859666137612,-0.6018749849726669,1.8162747772742127,-1.4118710430804882,E,D,A
435,4,-2.37013221154731,-0.07046141585248734,0.1558663549861617,0.029298049532158626,1.161757593852591,1.6161048137031833,-1.294915861977832,-0.20010176100906976,-3.5735285354199755,0.9553957907942222,-0.26508109789508116,-4.618811885468575,-2.924808411365314,0.056827705285709,-1.864242969466448,1.621490819375731,-0.5629688119758582,-0.06842874233511016,0.4815088741781628,,3.721914763512697,0.18971442159121057,-0.3296090579555542,-0.8924460087842838,0.5378222585414996,F,D,E
436,2,-1.6386925935723222,0.13346727183754617,-0.4565599828088646,-0.23135942611392538,-0.5301345019959246,8.847836810766282,0.4238122702380076,-0.9184318803895227,-1.381269741193612,,-0.17533352820381945,-10.477465123630637,-3.993070961496044,0.6385330857422211,-0.5913762748201195,-1.8295023030277084,-0.6736353721263059,-0.25205394380304724,0.2935298532215991,0.07461368182438217,-1.64033069153121,-0.1508402767453474,-0.7463870533388413,-2.1000129265986835,-0.45327938476262847,B,B,
437,1,8.623982627629758,0.09337943206202232,-0.3103570711968741,0.09324159156575601,-1.453053729002443,2.1389922987440926,0.8288200107816351,0.07969745974969229,3.31484060525177,-7.641715684664826,0.14916221592862325,13.49545810733043,-3.6753635237966025,-0.9339625458482891,0.014199089775039945,2.0129386435273697,0.734197506785015,-0.0026944165735211167,0.31815953115948403,-0.10311050040238301,1.4757637645930124,-0.3197772359638761,0.4801937106595,-2.5758994212005075,0.5868870762982724,E,A,B
438,3,3.5452913448273753,-0.13457824129856394,0.2020839351816704,0.2084758102425291,-0.5582264833571374,-4.327002037514616,0.9612390650830005,0.7367511044378218,-2.5829341444645646,,0.14489463700599345,-10.091936902206305,-3.6444450824537515,-0.06599548749883428,-3.526417960846286,0.14241021035113557,-0.05411592432462028,0.05383383245259183,0.5105175129497659,-0.4296177232453116,0.3735047340526201,0.07806431259280727,0.331514558606889,-1.0691550839766513,0.0017429397049644783,B,B,A
439,0,0.21937047877063107,-0.03373966672189815,0.00882361448143921,-0.17854490021330116,-0.5385385440831094,-1.664838593900585,0.0796065716545588,1.0099730260407875,-0.13358035245145133,-22.108546632877417,0.01574439156955551,3.2174513490441594,8.156501587197173,-0.04195137378376197,-0.6142799852442112,2.1228355675269124,-0.10292769638531173,-0.05600416279878981,1.174612041779453,0.16509474625011236,1.8084058383093784,-0.17682812358130556,0.002126640699327247,0.9366066023891095,-1.1525109035500773,F,A,E
440,3,4.164009309033883,0.06009328156046424,-0.20374768384971761,0.00975622487138446,1.3148484651631955,-4.311885097495103,-0.37131254759293447,-0.4889931978642978,1.618865403143916,-8.390633607205817,-0.5264090602811328,0.17211468026583096,2.9861992928525907,-0.3606663639700618,1.4461105312160714,0.11987602949498301,-0.5460934702578235,0.167413103363244,-0.09620300508756399,0.14336142238612506,1.5268064311514593,-0.03643026300032356,0.41119586880345305,0.808812008194991,0.21647729042572883,D,D,A
441,0,10.211931009410238,-0.4213903117782589,0.6133811526179916,-0.004395007324656205,-0.08588760918532219,-6.73785358491423,1.6389003158655273,-0.13423084407658623,-1.4434604775765547,-20.774440074529164,0.1312489033050366,-0.2758915624082546,11.945275440986672,-0.08708678786544226,-0.920677381289731,0.14134699599954692,-0.07668735294167224,-0.14310858016584838,0.16434335099398475,-0.21870418688385204,0.9888633707167208,0.4244918839462207,-1.1197298805238605,3.396943037187987,-0.9140071187318266,E,C,C
442,4,1.84492121761039,-0.16010064496648124,0.2331672845661556,0.0022432424845732447,1.255227729399729,1.3566956068650293,-0.2588462775382984,0.4000508112280094,-3.7355788383962065,2.649255284740377,-0.037728430168564774,5.085624220679657,1.7727585054318724,0.008318352623984417,2.2761417913052737,0.7238502434046944,0.10728111310760785,-0.06327759325270035,1.4483326645615984,-0.11049030078349836,0.888717239623092,0.21977828320422224,0.538413713483517,-0.4683405214209093,1.0990802376437034,C,A,
443,2,4.59634790322587,-0.28857825545038823,-0.26783556414161336,0.036495354166410914,0.16658318211495549,5.541290968842277,2.380517869979815,0.45453139245258406,-4.380951409476248,13.258010308027263,0.388291234000908,2.715414531427187,10.264199278134846,-0.28948381860571515,3.2526747343143696,0.02815657736709016,0.03308179573061799,0.059697940714201266,0.9610855851909857,-0.13610072526198555,1.3595084563222952,-0.1722435875930784,-0.012136557302014635,-3.9160109297824035,-0.08886983955683973,C,A,C
444,2,9.00330696863592,-0.39869468260450824,-0.05946695933397995,0.12921785326023746,0.8630371235710751,5.754403957917086,0.828948585105088,-0.18210593957213703,3.6967481456813887,-11.835872396999742,0.023090933716067814,-4.085253650429496,9.265054080861862,0.5086504497308844,-1.9868817522540696,-2.1873478730892324,0.15037479559747796,-0.13977164880426055,-0.15577487019124042,0.10169893434325111,1.1299383167167198,-0.1661520394578995,1.0404939641281292,4.7746773503588,-0.1342499358182546,F,,C
445,3,6.26104734989871,0.08826761609170516,-0.10966707310804409,-0.24586894113385596,2.7515167599994097,-2.1702149038845384,1.0047200241707648,-2.252019751472772,0.9022656537768804,-15.88052905929819,-0.5422337953976888,-3.652180927471846,6.764287527782328,0.7648135603547468,-0.9126065064135269,,-0.4011300202283513,-0.09462774872490096,-0.5940324338930212,-0.23691578610083142,0.004002467516764579,-0.11859235929607385,0.058926923150023305,6.038817306947514,-0.4856433357060164,F,B,C
446,2,,0.5403400695475148,-0.026559097654910897,0.04779870219187538,0.7567973801890476,0.9379080676382492,-0.9755454527709274,-0.1640452791408889,-1.6559551576608353,8.635251188548573,-0.12291485362147903,1.7413816736719476,-1.404049716411952,0.8283374728563916,1.0885955340248532,-5.338287936268303,-0.4105024053456668,-0.24931044629635674,0.4276613463949057,-0.1815103524410741,-2.438204230201193,-0.006364115817277915,-0.3793450547107248,3.9534066592908923,0.27976549831400405,F,A,
447,1,-3.633657826370336,-0.2816153648515216,-0.22936766229004554,0.060076738536606895,-1.247439159645276,1.913776629022039,0.39270587431602727,1.2008892144951646,1.6221493766862016,9.88407384162961,0.04617062772769739,2.0830832063851368,-6.279831923364671,1.1350626781641047,4.205745644903513,-1.3543436360082823,-0.24597416117287668,-0.10440574197047435,-0.8305262383769243,,2.3102969001364317,-0.2591521238887947,0.543813692244323,5.051827038692618,-0.3196626302172242,D,B,D
448,4,-0.7085955176711067,-0.22840723802637808,0.11775779735246068,0.08545528967892412,-0.9937799436374543,-2.3868143348645123,1.0556557142148417,-0.7495292727812471,-9.1693434020376,0.6519610820652427,0.7970724496712556,4.377393152978169,1.9520077662743092,0.05859151937305127,0.43137454847096574,0.9782417575954816,-0.1957475745688495,-0.11195909352314418,0.26132077885452026,0.4466284102693695,-1.656118006186203,-0.2706385332356087,1.7543281637461288,1.4923616876884187,0.6276450391900739,B,D,C
449,4,0.9038633722221393,-0.21771107416806898,-0.295855113835073,0.04174235197480828,-0.7223685886077627,4.929210928891199,1.311039133561584,-0.7680540881570551,-1.24146173299304,8.543331062930578,0.5461308356442395,5.443283269267485,1.1669513942396759,-0.4132955825389752,1.1188703367470294,0.18885009505961003,0.33623632904784073,0.11186969444947563,-0.24354189217781494,-0.325197113034742,0.2444952730216535,-0.17446528451490487,1.2138361753787152,2.057775608680658,1.8779787333092193,A,A,A
450,2,-0.6914404475700445,0.5050674121930245,0.21279417156736366,0.0006700547451060513,-1.2168837163254347,0.41714448840979823,-1.495885704457078,-0.7720601874822004,1.832529372628498,,-0.18864476148748752,-3.13684445762174,5.526391936774559,-0.671897306089557,0.5124668491137839,,0.46536900355256755,-0.022395989159263607,-0.24782883223400629,-0.034762526590333236,-0.834991595245938,-0.2896702666718592,0.01957669108955721,-0.3722266414792064,0.4952880809703249,B,D,A
451,2,-4.094201242026703,0.010497180691622168,0.1848181309983524,-0.0564234499401139,-0.46028301141121747,-3.431885160734009,0.3781763190368802,-2.016021238700742,0.952127992542753,19.164853985854673,-0.07233049377488171,5.501591192191836,3.9749901200981093,-0.5441632933896975,-0.6149481695170842,,0.26875324300023,-0.017919335290683503,0.6070923464851296,0.1458846584432191,1.7646582757937344,0.15241778961340183,0.7250916316662772,-1.3067738173121268,0.1325274229483613,B,A,
452,3,7.537727937304499,-0.018807652784951653,-0.3088540368905532,0.11064997658506401,-0.04717880648488799,-5.153743440922743,0.3451121138497895,0.6212821429032335,-0.09038088089356107,1.3001515548709301,-0.44622800369314025,-7.747056544199515,10.415249184847786,-0.2655159586683611,-2.216820385998922,-0.965778005219693,0.03472200005283384,-0.08146720680720552,0.24484804268632254,-0.3673103204888009,0.8190608359431029,-0.03690864831204893,0.19768238666235646,2.6633771792485015,-0.6262772299858501,E,,C
453,2,,0.11482009428567483,0.04161616990277056,-0.013795671045091171,-0.05517377871626028,1.1096549418165307,0.771078809953324,-1.010461552197342,1.1467710597190215,26.71927844790791,0.5179552243079858,-6.5852804078754295,-1.1239676055256358,0.7425918346383291,-0.011758768984452104,0.658318647785422,0.05850893695303736,0.08808417272457357,0.26216724421006854,-0.0733897737911761,4.851919140612134,-0.19737131870803043,0.007901052231352776,1.6030145140211927,-0.4806966850222598,B,A,
454,2,3.478292935643186,0.1938588952116014,-0.25544546889394926,-0.0796459102588334,2.2444661288939693,-5.7344949510799035,0.9356977659815464,0.965666149324106,5.202516054978904,1.805306379322869,0.12649641692260977,-5.603743054370971,8.554785378001538,0.8122036068160168,0.5173431998510404,1.2817847552768202,0.5782464192497287,-0.08518790303592592,-0.8616806378486914,0.36793980025818346,-2.132093907606073,0.248324313756558,-0.2413701186721604,-1.903437519232472,0.41188446271894846,A,A,D
455,0,-0.2071308066724747,-0.373141903154525,-0.34998129898413927,0.04711286371013504,1.8706921537928938,9.301912665496063,0.04659720660053666,2.012918039490902,4.292336669931979,-7.933494206199289,0.33053817474148894,0.8805250202307742,-9.066127034043037,-1.4955134672557988,-0.6576212521437939,1.826324634066887,0.08506777263007184,0.05806376074927371,-1.070599599696254,-0.4749579837692518,-3.0591036431524303,0.0548986964926528,0.5656749396547098,-6.274994093403802,-1.3947423518663091,E,B,C
456,2,-3.1045278994050927,0.2245830112281467,-0.44558790941437926,-0.0565082037305627,-0.40527397613530763,7.701123658526684,0.640994447751183,0.2611282713558287,-1.0696085895544116,15.129743404882488,0.08176269161410096,-2.5774081981214523,-3.35693588897206,-1.1702165504505355,-0.18418541076063877,-1.8039438188693018,-0.532214160102691,0.19827465772794944,0.09967244887498991,-0.10194188287037383,-2.077214761835568,0.1774687763319877,-1.2514738956211917,0.9017321786329283,-0.24075423835577472,B,B,C
457,0,5.687077649680264,-0.059928444736768845,-0.3007221958144884,-0.07841802365492774,0.7871681293569094,-0.5486706075559805,-0.5845718121908774,-0.02184417782225555,2.0937999313457993,-2.24480011560424,-0.12597002806151208,0.588698470846618,1.7586520297933896,-0.2353820049346697,-2.3077253954931236,2.859445074047315,0.3745512578167733,-0.13736539750101523,0.042758512957536285,-0.12894001510378547,-1.2436626177633798,0.12950794410428187,0.4390131870049668,-2.086165144973558,-0.6753551273161874,D,,C
458,3,-8.538830960014238,-0.0768483634690945,0.12289880411255139,-0.10218964382673798,0.8601189495751853,-1.6849604409768635,0.023223185636773013,1.5192798670334575,-2.774241145297948,-19.3626639667783,-0.48379385901997907,-2.5327875551810575,-8.25063401713589,-0.07794850302937346,-2.226213927308044,-1.7087027035241296,-0.3945866747615019,,0.02271709689755386,-0.10074178758177174,-0.569473369083236,0.11235240959279809,-0.7029743225991254,,0.9377914223152977,D,C,
459,4,0.04890664618340023,0.33060977743198267,0.2793906720054677,-0.10281102126400327,0.2499442988059587,-3.400692022351299,0.46672983309574945,-1.8220454715585817,2.238528195515157,6.3068880934296665,0.24777765690303497,-1.997832878820216,-4.579007818256883,-0.07735237599778558,0.4081231334670816,0.10315155207498823,-0.00411874220436514,-0.1253503705714492,0.0082822611165766,-0.26925364088287784,1.0371861527432673,-0.029188204597805117,0.4277896019602633,7.168903697719372,0.08178292001769086,E,,C
460,1,-6.48399600208719,-0.28683166185013603,-0.019583838572244567,-0.05739490998955709,-2.191224143214892,3.376032692162281,0.020519848301750097,0.8819467429869503,2.304728543093447,,-0.38334126870295854,-5.815040583494372,-0.4010277848675692,-0.3144520008249052,2.0139067812900056,-1.2940623769466553,0.035388255819905325,0.23460675152558713,0.5991941509340928,-0.01825269882392257,0.3237685405199848,-0.24988438156773377,0.19441253908899647,4.295595186965506,-0.22569543598601546,D,D,
461,3,-0.0745379586442028,-0.12049641207539435,0.015090200358596595,0.1055746197886333,2.270279840609216,1.2323491966707805,1.0217737381001528,-0.08408824271474392,2.517884279465529,21.940163382256827,-0.16621937306478038,-7.046678630161105,0.16226827428041257,-0.4617770291788734,-1.8226776684395127,-0.48174189836344494,-0.09089707402873622,0.162739390291418,-0.8490857413956227,-0.02425530901641215,-2.084982564498754,-0.3001043652630194,0.25106793304694497,1.2512195050132182,0.022083785151308398,E,D,C
462,3,0.2009349337455922,0.004297056077152963,,0.04875454071112048,1.149878954862876,-1.6660059941968488,0.9752967292893339,-0.21367586430841456,1.8711603450524892,-10.20015349828588,0.05315777102795613,0.8066220221680408,-6.841783021856329,0.9737549880661784,-0.2018273195389689,-1.133599512197275,-0.48847164260614667,-0.063735577890508,0.02006194301621,-0.09644956001419083,3.437790596230341,-0.14123959046485618,-0.4763637404695,2.804072542536574,0.5449547385137538,F,B,
463,4,0.9000507456818302,0.4596073105389249,0.2948565035678371,0.0024220098085668794,-0.2831306596794635,-5.16211821397729,1.1432321768397837,-0.7079343277744219,3.36121627019085,,0.21279169244437846,-3.426768918538028,-2.1591189789277467,-0.3718758299944139,-2.719737185840979,-0.5968377983450489,0.1716701975225848,0.15268177751888148,0.006028521628260021,0.09150172841013082,-0.2927421094061389,-0.3387806089455812,-0.5491053816537418,-3.895398173476166,0.4465080024596346,D,B,C
464,2,3.4073398999741573,0.3746366647629979,0.2199817910388043,0.17279957008331148,-1.2259899801238767,-7.280838051270446,1.344956048657805,0.24396762468804828,-3.290966114239893,15.822086244935827,0.1572884834620087,5.92068720981317,1.5075908509909925,-0.34141908173503915,0.5671763776859767,2.0717237416139587,0.5249563877005816,-0.00199711980881176,1.5179849904890492,0.1499513997235488,-0.1716387196950413,0.2240468952007861,-0.18509558041314375,-0.24273691434367767,0.16279025053847335,E,C,A
465,2,,-0.03257860720208293,-0.23781948991934465,-0.03737163946075203,-0.08997473530551671,1.8293613692415216,0.2990565427715353,-0.1213584567953119,0.15143199450395248,-8.87706727501511,0.03692683167673238,-9.36155952811486,1.2626332585787234,-1.172812345178667,-1.3434280273320998,-1.2497910709198783,-0.04053127363062661,-0.12635191816096972,0.6413681129561029,0.22267683297815224,2.6302652013094505,-0.1968353559935751,-0.7864831812950366,2.074535170080961,0.06902398846040518,C,B,C
466,3,5.9704447554148645,-0.022791200249487678,0.22410234032201914,0.06028363319437044,-0.18472002083863984,-3.14851427779585,0.2739731074252276,-1.3312219114952764,-3.2957027798007217,4.709086156269754,0.2486883464525725,-3.96294455236827,-0.8066000989904801,1.335666378999533,-0.5583199911501627,2.878329983963716,0.043105960625773335,0.026535179822877418,-0.4432577010296282,-0.045004022142759066,1.086150962630746,0.2139938263571111,0.01390075371345906,0.670693877355347,0.5760009036709594,E,C,A
467,2,-1.3127382717971352,-0.1764597687471836,-0.18752257511788367,0.06237017172585487,-0.6871194014596925,-2.7005457523981575,0.3589708566876752,-0.9467253338325503,-3.1325001818402343,-6.95081269538251,-0.08426262165461366,-0.7829465549950755,-2.5611140288367844,-0.009837950407050407,1.4252834849450533,1.2819103652315877,0.6767333677048459,0.027459059691731524,-1.7377027452263036,0.11386141220443445,-1.7402905006258853,0.2783986091422,-0.18895237247443303,0.7619211617113884,0.9290141822876932,D,D,A
468,0,1.0291778975807744,0.473794687404136,-0.45804093466865087,-0.3464702984198445,0.9530693604516827,-0.16214938390935682,-0.38451445089043124,1.2323069274827414,1.0840999179184623,0.43234847514977465,0.010536094363006437,5.063174221682862,-6.248337930687759,-0.023498844129421277,0.1148022281695785,-0.23981724685514003,-0.3669254361337238,0.040927338233351686,0.48832767777498665,0.07818096975515933,-0.7626332816665119,0.13298468264111865,-0.20846948502277954,-3.2046149142713856,-0.9055092444023042,B,,
469,2,4.237279299649305,-0.27089404502212033,-0.0065026424402575495,-0.09243700776564527,1.7075119882456418,-2.22298962859713,0.23881182754539762,0.5133339669752311,0.383779107104114,-2.707950616283737,-0.19740602094853488,0.498004023032588,-0.7372010224078334,0.6437982822225259,0.5903486370545602,0.5413412172919402,-0.019366191237584374,0.15785722207171352,0.3112831348683703,-0.08901111478599057,-1.917533915569977,-0.04445040037553015,0.1918576869596918,1.621852322572709,-0.21259060193354526,A,A,A
470,0,-5.214869325912526,0.1634285491929656,-0.502474670598799,-0.027642503777899452,1.889799588438818,5.8878295726967345,0.5839631715149065,1.5567995942382773,1.103200655713493,3.7632347300337092,-0.6497886347433551,2.5885344310458502,-0.8239379228440532,0.5942602264052264,0.4146510339638929,-0.6101253824081895,-0.03480887345703004,0.12434915191890827,0.06136052625463456,-0.17662780924757346,-0.5172175469890459,0.19842793819079546,-1.6929189712360113,-2.0807612584084816,-2.352687985515831,C,A,A
471,3,5.693753065463127,0.2625297718834491,-0.38588298076723354,-0.1316200010781302,-1.0035566202755963,-3.636415689752942,-0.7260571570516797,-0.6916327548759715,-0.7644724873824638,-10.183896243590498,-0.015989230013001135,7.09750690555344,1.5821397293077801,-0.8198696139368503,-2.401504227808601,-1.5222932176494501,-0.3202457470703517,-0.022282712779658796,0.2633720003260133,-0.03646159072828858,0.9397888771011788,0.18973059795937952,-0.6418823079177723,1.8336145027884905,-0.21398280678699128,E,,D
472,0,-0.12254657364575813,0.4298042247785509,-0.2569302545240958,-0.10535086619394454,-0.3548909499858766,7.552268307740807,-0.8004733537315661,0.17190586020846438,-4.029640916801147,-17.115964996675956,0.6568766826575916,7.913273561337328,4.861073406344462,1.0038482211700395,0.29486701815937266,-0.976980662983947,-0.07175449185270383,0.24476813647226003,0.782805809785432,-0.030339175159889636,-0.5565015966741955,-0.08311007372278557,-1.2317790748202597,-0.027242379277161433,-0.2579699689458175,A,D,B
473,1,-7.5640274917733885,-0.28495465871220466,-0.013727485041081188,-0.13304855702304486,-0.46565229105320743,-2.9694326906382615,0.8668945241457442,0.8935498042268664,8.690061412479247,-12.218490835143124,-0.4058277926217572,10.143982016306234,1.576807184897425,-0.12722206900655247,-1.4103345667797058,-0.9709055385491228,0.526521879743654,0.10465861423569435,-0.6875561856384216,0.5890399337207921,0.8993742552334517,0.15329522157213532,-0.32229600750638226,-2.728038155246196,-1.562011924675531,F,A,
474,4,1.3918400680180283,-0.09817424092301907,-0.14653972758373554,-0.0380221433252414,0.22326720200178557,-5.884467247293666,-0.04686329418757515,0.7456419078746287,-0.8670250470601755,-35.43749765410642,0.643907106128998,12.98845149682211,-2.5246655063561465,0.1761223747621101,0.8534717701004308,1.9240862982050722,-0.4423589762349275,-0.19596245588850297,0.3512986531473615,0.303515635524625,-5.239707623919994,0.008590041011144516,0.5166240616945569,-4.048015858316325,-0.1395901077520212,C,B,A
475,2,2.055078432375331,0.15008183956603935,-0.3534259303192073,-0.11018321460388464,-0.38715959294179664,6.570738430479122,0.4324037434758368,-1.755577140981206,-2.692334346594773,-4.789988718467085,0.6528007522325603,2.3675922280181103,2.3765444676458927,-0.313901808656039,-0.4183353136147556,-0.9371994623642121,0.03282388789142722,-0.2826782782813532,-0.2234261463443056,-0.1821494200373345,0.22741574803515277,-0.14340039816545488,-0.7895262723053565,2.0931477879616187,-0.06913733359309404,E,C,C
476,1,-4.952988247313305,-0.3124210592320033,0.2574095252269504,0.13847316611088736,-0.3474447571533804,-1.969513804879339,-0.8295517047098854,0.16448823523506406,4.612294133555723,,-0.21764590523640362,-5.239502035348045,-5.914852696347653,-0.226789628613149,-0.7742426676551978,0.15915808449821744,0.6536117556664902,-0.07210869611931275,0.4724293294162959,0.26554117633072966,0.5743895620269616,0.16515543336845384,0.4474814028602626,1.0297606170890792,0.13276898486799374,E,C,D
477,0,3.635064884626565,0.02846947367602597,0.3142248206871339,-0.21910626948300033,0.4090967988683603,2.1605668746668356,3.068985342938314,0.32010800299255643,,-30.397616190130716,-0.1353990682863981,3.485454958664764,-1.1263135604285741,0.05074260869094435,0.6505284796070987,,0.7235679461669672,0.05603214308624023,0.37875747486219946,-0.04879894781233543,-7.328160286456382,0.18335441658806292,1.1311023880243787,-4.315588097901001,1.123543976860095,C,A,E
478,4,-5.135081902771957,0.07079752938068656,0.08929487063787947,0.14665436863513565,1.3512472213201385,5.699458916532708,1.1773472638773514,-0.06467840395233826,-5.461289037788509,-32.987193791398106,-0.19819096521910692,2.4342319715326513,12.686150465166095,0.3943675159768773,-0.355320749516441,1.2039716894290904,0.5662743700267506,-0.07183809950686451,0.08101357216525105,0.5091475121955334,-2.4028155585839217,-0.011327482071299824,0.5821124644403954,4.688886495003244,-0.09887621586269747,D,D,C
479,0,4.2964407168061,0.314616880016566,-0.4206234914211422,-0.137974671536223,-0.5675440614871042,1.7471117436942367,0.8947742756820174,0.5356854037525396,-2.476381453506095,6.476540968657782,0.27099275819302077,-3.050604860348623,1.109126708949036,-0.06585282503519496,3.1821372700254877,-1.050680295338977,-0.4368062372266357,-0.0769079636562263,0.02159338872833489,0.07348975861474503,-0.4838964660842483,-0.00853826967841491,-0.3538001229619424,-4.493835728234795,-0.27562575704530773,F,B,A
480,1,1.0984624610955254,0.043823806464520665,0.10042788789446659,-0.11024392277831652,1.4576873421848675,7.547664261029295,1.3654245883834868,2.1362558695305616,1.6981304452378219,-2.0089726852364573,-0.3448323421564963,4.172738178690479,6.663127135784475,0.6779314769268407,0.6505506974277392,-3.0157393488790696,-0.5429884460188283,-0.1123492143244589,-0.2136051352346203,0.02679943999982201,-0.20542752223907274,0.13265445768303769,-0.94751947962226,0.41480498595254883,-1.298840245425578,D,D,
481,4,-2.7500119262861014,0.4026778264386398,0.2783392160126445,0.10113413805467018,-0.7184100405491927,-4.766480839362752,-0.639511781492226,1.3945051321443114,3.150788597438332,-2.3535874213426022,0.6635187590536613,1.183462235078756,-4.916425926969047,-0.4684023415196189,-2.09102379699213,-1.884968898907184,0.3263582132847776,-0.15620293474913383,0.6812825651448654,-0.26441587148753437,-0.8517797721290241,0.16091507248758405,0.17687858681614324,-1.8028473030476007,0.10173700284773161,D,B,
482,3,3.2679421210913566,0.023151130785507134,-0.5172455345666125,-0.012672043788498039,-0.27747174688679554,-0.6609554761288142,1.2196172859311,-0.06836773572144486,-2.7912977564158488,-1.3970753213731897,0.08738647224819598,-10.1783984092815,5.716035731298131,0.25017243829197583,1.0029940702568974,1.502995506956807,-0.33717377434934986,0.17952849497054063,-0.6297556486345589,,-0.3567448401892846,-0.1462257937090603,0.4292775697960801,5.222084137713359,-0.17062428355368714,B,D,C
483,2,9.037410060620001,0.44049041930896754,-0.3178787599836993,0.04307896679001864,-1.2866809640786425,0.5703136051121555,0.8587265370165342,0.7441749700338385,4.986288371596904,23.086946468314203,-0.07034114548756358,-5.354015919738689,-2.5034379093614976,-0.4830683951885195,3.20906653354233,0.6749899576933083,0.4100283364598973,0.04217099507968945,-0.34535866662618797,0.046919895667617596,1.2094850606543315,0.34101070337859224,-1.6476631460551638,-4.1055907832633265,0.03742813692166443,D,A,A
484,4,1.0130285397611056,0.03269373479035198,0.197224114161038,-0.02976477691587036,-0.8667359978239146,-1.2462670301007635,-0.8963868668105766,1.1807716747507246,-3.5392427749882813,-0.5506076852225901,0.840340426705772,-5.858664575520171,3.538923945132204,-0.39335673203914234,0.24064679168797246,0.9440331305453732,-0.054812327186815835,-0.2545906231258802,0.004551890837640063,0.15148176124026766,-3.064172393985119,-0.14382605194537063,0.385126471121396,6.682553145561245,-0.8293645172927321,C,A,A
485,2,4.223403937777117,0.011698752201909638,-0.23996660607043724,0.026310462203453202,0.0032654873134815117,0.6170349444629414,-0.4989023119852604,-0.4002862886029743,-2.454880098385475,18.905458190001617,0.5047282291132108,6.0510243835237825,-14.026317119240614,-0.24350946299568405,1.067154319998686,-0.9321562898681065,-0.24328941327073847,0.15093193562695145,0.5082734165999607,0.6358658758428998,-0.03186561490053182,-0.12861171738506702,-0.6328246096017072,-5.65095549625548,-0.15792598407142316,F,A,
486,3,-1.6476338075994976,-0.057511121882287054,-0.21233058496401408,0.18940715047836854,1.0942164155415923,6.075963727775524,-0.9852155805170012,0.6962883497243467,6.108180006437005,29.069121574727337,0.25969861417878637,6.937615362593649,12.184883617751863,-0.6649340913291026,0.3638917137318261,-2.6212628554569966,-0.29249229783198727,,0.6299522577129029,-0.020622224656803613,-0.29289933207422153,-0.0723896509650123,-0.04438052921264998,-1.0119563770527986,-1.8202999326919762,A,C,C
487,4,-4.403956302850799,0.20674967929124946,-0.30741627189986065,-0.021889583876074852,1.4290421966531128,2.5718858884182345,0.514925707781253,1.1673228261851403,-6.319483924662707,,0.031217643425659764,6.938647553639034,1.314135986398407,0.4151445813931123,-1.2106385612044566,2.2643209676893314,-0.5700575615641343,0.034865602640545876,0.8465309827884949,-0.03662537122471522,5.283687854834042,0.1341687697722571,0.799340215624231,2.5957252526412065,-0.12676386709788703,D,C,D
488,3,-0.7418087002582103,0.5643070307861815,0.18849752495409466,-0.03968985714901059,-0.04108630622991661,4.438914169464553,-2.016152857583498,0.969596013701527,-2.511051177698166,-5.86174722062493,0.26998711810596787,-3.999566169536946,-6.2692717808179275,-0.21634054219068324,2.453232994692362,0.2308250094147177,0.01876972475055099,-0.015198776241198498,0.7010689253963963,0.40001965971058895,-0.019501630017730483,-0.09911406445737092,-0.7607152947115821,5.515827422039197,-1.5796898130483927,F,B,A
489,4,-2.9028118451622884,0.7602050846156665,0.07797554339969982,0.2547532744651923,-0.35665165812267974,5.426008467414247,0.4393761160849688,-0.05107775664326264,-2.9176502135625975,5.863091687861921,0.37001882548185894,-1.121444465282106,5.021970712895916,1.0888127717902725,-0.03195656257688485,2.1781517130922663,0.18391932222022317,-0.01958382302952397,0.19828484432546942,0.2452449246214956,2.889094829081787,-0.018964159630173515,0.10880831365141509,4.043629944280615,1.22217369299926,C,D,
490,3,9.594855377384013,0.1838356631701531,-0.8894105246678815,-0.12090695947178393,-0.284893607319452,-6.255498058080936,0.26470805706880224,0.6724101244413916,-0.4079356888864722,-16.312181985699144,0.024336284611219065,-3.208659396901447,12.557700585595164,-0.08124874399298818,-1.1360940496304806,-1.1342231539395422,0.11742348391164474,0.2320079574723792,-0.7780691840362295,-0.17246440265583318,-1.0005717405056025,-0.18431682134455585,-0.1932088470930881,4.021074708380988,0.1739429057315645,E,A,C
491,3,4.386325231632642,-0.011428616327378354,-0.27086826327597624,0.017989011752642742,1.7927992640737553,-1.499385107366899,-1.1541299369535631,-0.5077493996128154,1.5933114321562325,-11.335918542761844,0.570153020195135,-2.0801832448851068,2.317113376181504,0.4991408570060187,-1.8505392383653487,0.27915397218972066,0.19140801519411574,-0.00444560946999707,-0.4656375451906746,-0.19469915264233922,2.795713858623821,-0.2443787474401431,-0.6773659261780313,3.001827373603257,0.7616888335611476,E,D,A
492,2,4.340498410879474,0.03509863348004891,0.07654518311962771,-0.08920575389946289,-0.5588249052159009,-3.209696021723873,0.5950636669084031,-0.39917506868383906,-1.469548418482192,11.867943241331083,-0.1402744589023202,0.03678694823018644,-2.3733033876152763,0.7518861474315819,1.8817482911218038,-0.07926403967009377,0.21331131177070958,0.11124163723652175,-0.9761633791863424,-0.0611156839016314,-2.837136456539989,-0.0014102870314419084,0.987465124720115,-1.4088965502706177,0.9385415858204287,C,D,
493,4,-4.38479837984429,0.6177908224181071,,-0.08488582953002206,0.8657874379880872,-7.378052621416723,0.9360798529399894,-0.15041182132225384,5.573804888404827,-10.961384637466331,-0.7139983005775626,-0.9864102303725496,-5.032250131769276,-0.010814833237938347,-2.1478213608519447,-1.8436080448868188,0.497473368965878,-0.1913676527110043,0.31784198961830223,0.5952575945286438,0.473780921585968,-0.038800834862760564,0.4604368726456597,-6.9463936217841145,0.8000235328924885,D,B,C
494,1,4.978662477889699,0.4485459199046539,-0.03841732058278193,-0.03844626605159675,-1.487355694420616,-6.336320891126892,-1.3157599976003014,-0.6608366640835434,-0.7058557358593204,5.904351534771414,0.05056541787418541,4.355367648127216,-1.0216572694103756,-0.9884846348947398,0.5287563245836104,1.2764734712522536,0.37626145479483064,-0.04360040157843535,0.14043566289175669,-0.014098756701908523,-2.1566526300454605,0.09194996910344334,-1.7126592108476355,1.8363977590452094,-0.9243859482827316,B,A,A
495,0,5.943326739101463,-0.2377161072646102,0.16197791270217085,0.09470347153312017,0.9690880044216762,-1.9630236989961272,-1.2237266339697124,-1.2718417473444632,4.346819399587707,-43.15415399540036,-0.552862551155273,10.760274786457341,8.398610475904963,-1.1375420658601756,1.1536845242692007,1.2689104352957223,0.4684139081119654,0.057031899119723124,-0.28113004381955026,-0.14079321783174156,0.6514781534467988,-0.40980842108196647,-0.7006260445257831,2.306578756604471,-0.8252756691006851,E,D,C
496,3,-0.5229543235652464,0.028886745070223107,0.09730109041815307,-0.09599366608876052,0.42996614476395223,6.060723434873036,-0.9537257588597317,0.7805866020115044,7.074402408049735,6.318326514037911,-0.17282340683966665,3.721249410049604,-3.8861945107192635,0.3034333268268064,-2.099144602739445,-2.057571206805262,-0.649985537471442,0.2302504125280111,-0.6087616055349825,0.09553006890266372,-3.551684105899011,0.24131859486438212,-0.35065228958061395,-6.437058737919272,-0.014333244975141476,B,A,C
497,4,2.600663046918127,-0.10300623186160561,0.2392708172237851,-0.05671531048817647,-0.08088892244255794,-1.2142880106164398,-0.35093660021549733,-0.6620875188395843,,-13.45832509585758,0.6527205491665068,-14.852669055233967,3.6612209003445915,-0.01794366025458318,-0.36376815006433627,1.5656155908462857,-0.9689831642718774,0.0008504354197520737,0.1094179529085471,-0.1373935458412012,-2.112888822211422,0.014723137842170187,-0.030704840811727797,-3.4190443933365118,1.1688791107401417,E,D,E
498,1,-3.637073906219825,-0.24703699889526004,-0.35298558103200506,0.10886166347364136,-0.4603991047532375,-8.313267639233949,0.47354612651888833,-0.8735237992909687,3.8759311848015705,19.41068414542233,0.08800270546375313,0.6870412719880129,0.8679339711687466,1.2019795843003132,-0.3376365577193353,-0.4420944227883553,0.13103539468368677,0.030048521361739734,0.7517381094264398,0.24436320152578475,-0.8449203855433445,-0.04242109413971996,1.2564360061865036,1.9049945482754966,1.4448250704865635,E,A,A
499,1,6.149736379983525,0.0505897307514882,0.15151696744422177,0.08241150931677396,0.35098690585959835,-1.8697636813687684,0.34943773089542074,-1.1768343944903832,1.611040436904763,-2.5712042384230833,0.5621591613412775,0.8506484818865315,-0.5702326315940788,1.3157944413685512,1.7687537904143131,-0.6155715453211952,-0.1848215464747169,-0.012395649915434901,0.6511803880229742,0.18974645113545027,4.592112060334825,0.3398771471859211,0.5239670724952317,1.6119484415422713,0.30123141152548627,C,A,
500,1,4.674861906867968,-0.17187106582652986,0.11922057428711795,0.1151709265784365,-0.5500852046164354,-0.16450617736864886,-1.732831774098401,-0.8770380478981477,0.005626627150957974,-12.43164587937388,0.6330923031164004,1.7421730474958148,10.329405872307515,-0.7613254853955224,-1.1483547773011864,-0.6503005675503234,-0.4644587088917745,-0.023799688318805596,0.9688688057029236,-0.01874447113225088,2.440996803235169,-0.3045301184803055,-0.0893300691658581,-3.1967571052879276,0.5728175587610158,D,B,C
501,2,-2.4108257919901384,0.37621827286972687,0.028139536890224172,0.21106596107700354,0.2668748428522711,-9.478109092544207,-0.6005834828798144,0.21053854537359593,,7.039666533369232,0.32871226971593026,4.047178014155712,2.770332691020135,-0.2863342952810264,-0.06796820080551823,-0.4901000136268654,0.47747734696570315,-0.1712458735633218,0.37317947776798266,0.06706595553327223,-1.9842529123079982,0.13654928410771766,-0.7129820524377181,-2.0014779514420744,0.6390267248955742,A,A,C
502,2,3.688150221522682,0.4067867044247486,-0.04232136366606828,0.04932905943896064,0.08843559386875781,4.08748841118363,-0.6359745164985624,0.8047948724914601,-0.3728359207256454,17.58433206300102,0.4985415003806097,-3.675709896265952,-2.974851258000221,-0.15522625582656965,-0.2501251980635793,,-0.7396942553475462,0.1592258363009575,0.40573303915357684,0.1282866904459732,-1.8194278613656316,-0.020549337150727574,-0.4769312265644826,0.8348823654586656,0.12221918040800245,B,A,C
503,4,-3.6659233878219553,0.3601485570980347,0.8370168842475291,-0.0533222037227483,1.8366171643576936,1.5016008319352556,0.7293297516545251,-0.2177629045510423,2.7139180721163982,8.395881098057242,0.8751258317147474,-1.6674833707754138,3.3537509721172354,-0.24723772911853553,0.8858794706207563,-2.6810426825096867,0.7722401118361252,-0.15533736596395187,0.5922480641565605,0.23736003676676615,-0.2103816804694691,0.2677234406196683,-0.4441974014737412,-2.2110652356446985,0.6887835204511547,B,B,C
504,0,5.548911914748154,0.2051692364855224,-0.04384729673982245,0.06651134247124713,-0.7698613527985116,0.5618184682346368,-1.1015289033299414,1.3223485862666118,-0.05894653396315885,-0.48420579965001004,0.2495990039465197,3.522557994373972,-10.73225478673044,0.4260749835911552,0.8571871828054028,1.8513773375972287,-0.6195211547581616,-0.011565146511315615,-0.2958319731974204,0.09249196884372389,2.7781443119007303,0.15300781779341155,0.10321020546269175,-1.1799466869528645,0.1114671465810565,E,A,A
505,0,-3.393982860835372,0.2312896150751155,-0.49491244077945584,-0.08351802581480039,0.26567196137032356,0.6351379358867885,0.9412688500343396,0.3799286794628215,2.7039696728464166,-8.807422315576002,0.14888042581867428,2.784905744115184,8.285486786378453,1.744889843255741,0.32097948860389397,-0.4212969099471151,-0.09962440392278486,0.12392901180741478,-0.17173294178629392,-0.045098599485240906,0.29915755839804725,0.19221269240962355,-0.5801623381868409,,0.6278433701919349,A,A,E
506,4,-9.184964168974679,-0.17913846255579255,0.43785672529737085,0.12951079467820772,0.8678440730205286,1.3758504343908273,0.5740859321983198,0.36920038284406675,-6.720063463236892,6.601998338204272,0.41177376871008875,-3.064192061648422,1.385653161212119,-0.3905967191107395,-0.4608494691490616,-0.7521819053053411,0.2776849029286074,-0.17822144154216915,-0.5115850374322597,0.24055050119395996,0.8745729749116521,0.06191087241371028,0.5763012155437724,1.3483863990467415,-0.08934558232250772,B,,A
507,3,6.460821302110012,-0.4756923308554541,-0.1988768870198209,-0.016032806578831115,1.17255079161299,-2.7940349451713438,2.110470369640862,-0.24800689379211158,-2.9706892331411745,2.6303004441977524,-0.3488594929925891,3.3723996910554797,7.0429691214760135,1.0169321673553113,-0.8368153867858973,0.884192306908762,0.2962163057961586,-0.12768425003781717,0.43645699934415116,-0.3760868571243836,3.474901343078051,0.099074423190498,0.3730288433566085,3.3720230856622746,-0.9544866496283706,C,A,C
508,1,,-0.07441613989211797,-0.20991903971891038,0.16420902270936097,0.3634396756203594,-2.1055608949646127,-0.9942318143106799,-1.1777415584776496,2.3369073305383643,-2.7127033443830904,0.4581543345197003,11.438131019444716,8.26741211548059,0.882096645395027,0.08466961386988615,-3.88451991454148,-0.40882194120121124,0.22313292216954475,0.17989406607199848,-0.10280660541630061,2.499980384238931,-0.10807893354359314,0.17001590357943497,5.42707150894833,0.012276120403911078,D,C,A
509,3,7.509486672503234,0.25423049361814976,-0.029450574121791258,0.03509872086863413,0.5849199503283363,-0.5846604139301316,0.9691078871634266,-1.1816545306591353,4.160766205608195,6.999531925537915,0.26965167964251374,-2.6615218903774807,-2.8603532738984345,-0.43135748805402124,-1.5077126142192485,-2.6126294352938357,-0.3658610596172007,0.020749486584457865,0.16877101376141565,-0.015154625860717542,-2.8050244784955707,-0.26267269711641666,0.08902577955861007,0.21642515887178088,0.7179716223503977,D,D,C
510,1,-5.609236461570527,-0.10086042331241336,-0.06062216707615665,0.0046200393342392615,0.015678655165460156,-14.070718966323042,0.34160836930461097,0.2751547854038257,0.0185151810968065,26.296557121741056,0.07957807084950833,-8.716678897961256,10.080564014333348,1.407157944327072,-0.4773760275941896,-3.230088889413112,-0.21935930159424524,0.2287010548107612,-0.6009601222878663,0.3325676127376112,1.0743100399127912,-0.05594398778195984,-0.5345478094145639,0.735782681553069,0.2464674733069683,C,A,A
511,1,3.37368062362907,0.14529391460148133,-0.172114798028219,0.040349500847963155,-0.4184141119782466,-9.469158743463785,-2.116038556101324,-0.8785308696972081,-1.6273278512388374,-22.860943011763034,-0.4068625173919496,-2.0087790835875743,-2.133248818962536,-1.131225091109775,1.0586358362885953,0.2670706786817761,-0.4825593687552205,-0.07612265087549054,-0.7850001087538464,0.1549315987478844,-2.339058832233652,-0.13438905359371273,0.08213375713059388,0.45829397209779377,-0.5939743733945777,C,,A
512,1,-8.659243396567534,0.0009379237125749345,0.06276814293987298,-0.09190118695075879,-0.27511500789784754,8.232472459504734,-0.9366841099266148,-0.7665020413023069,,20.65882144816124,0.9185655060441806,0.7140598540240435,-5.097405892591623,-0.30881680554464197,0.3999984260595882,1.9372612026724092,-1.3427173924927422,0.34362533887519864,-0.9997567306153943,0.667731217345024,2.039289705030886,0.006605811382708279,-0.11574505546599757,0.8526363362395122,-1.097675250303716,D,C,C
513,3,,-0.0192241577104421,-0.06108286656573168,-0.11141235666187985,0.24159969467919154,3.2186874525763574,1.9253265801145518,0.06417305675820507,-2.3996633778624314,8.20412947069111,-0.11650609323925736,-2.8545320460511303,-4.624476963013991,-0.28815747450615237,-0.23688060466527566,0.14120464161422078,-0.4567103709387929,0.06727407836041822,-1.3702613033222104,0.04802260791051669,0.4861933056679428,0.012638748921689862,0.18647355388875564,3.737178858955797,0.10659557517680765,C,A,A
514,4,-1.0640867886270744,0.3927349214665618,-0.11690387670052686,-0.03182353896064026,-0.7291322515110171,-0.1563702648673004,1.7926262622661935,-0.4492845587178566,-1.3444125234048,7.993931282249824,0.08216811030675761,3.8079537321637185,-2.2017568346807117,0.32873594592687866,-0.476483441048621,0.5496684372210875,-0.18634747020806564,0.10699665875657145,0.07733918623049629,0.13280796350238752,-0.17821843587840638,-0.3297727294506096,0.00789148373068229,-1.3619049463072574,-0.5736910127446936,B,D,C
515,3,12.182874819464779,0.005563479278229838,-0.31985405684674695,-0.10002008250121881,0.3422420542748385,-0.72151388245901,-0.5677215101679203,0.6511903969323951,-4.0519846822887375,17.995707064901577,-0.12162949319079175,-1.8489252060994865,10.140300205412938,0.2867860622636919,0.34476371534206346,-2.084234866919356,-0.062177835352688386,0.15922039886157155,0.6490004307831502,-0.11408944798138321,2.4166390217096883,0.15824047022171045,0.18676928509247423,8.966574686079703,-0.42286048198480924,B,D,C
516,3,3.7808492191790815,0.3754496381730939,0.3833496323839068,0.10843350402668057,2.0307967098376567,3.480706303893907,-0.6915706035319117,0.9761552120137706,-4.696717807081976,-0.5713514882689505,-0.05339867592065738,7.370135775912232,-15.67842871620326,1.0958661340901794,-0.588342360301918,-1.5668005430969318,-0.40840358820225864,0.08662872521358894,0.1174809965828551,0.5833779400483325,6.754797971238829,-0.05415425740625489,0.3999694869238178,0.7857250309982334,-0.32215135012658686,D,C,C
517,0,-1.239316228240209,-0.1487545053669448,0.34337469112804037,-0.09715151885771298,0.4372829128490268,1.4630443087393548,-0.04433365323284666,0.6865940949330835,2.9073695540917943,-11.958975277734492,-0.27945036292387254,2.2902468894867853,-4.36448082872547,0.6021564317895794,0.4097041294802611,,-0.1345236400982961,0.04383912318145279,0.44753583097385363,0.04599388060199491,-0.1534497788616663,-0.2932688458060233,0.3597157864838995,-1.528471063980025,-0.8025492909927076,D,A,E
518,3,0.49685874328544005,-0.15342198308300206,-0.010678451925961048,0.0407391417854641,-0.9078288659235486,3.8617768027343535,-1.0197065420384004,0.9257004795350858,8.174462904287314,10.228294997489467,-0.16950284823861195,-3.9642188196437527,-12.650085197190915,0.00731157567306203,-0.24910466875046947,-2.1229758390481197,-0.37166160924974645,-0.09974809862522015,0.29093063257983426,0.06909803525950509,2.721210557329139,-0.14192835809116042,-0.5873154594266352,,0.6373056931426532,C,A,A
519,3,3.5012803045255403,0.16915628414871187,0.1656161223386586,-0.2012940821734963,0.5494857486491059,-7.498855478399851,-0.2675575854258146,-2.109836784192657,3.964710171169508,9.586510669521736,-0.09337908504536456,4.375644280249577,-3.9562584657922653,0.3476418892031198,1.8097997892996731,2.0765160039646204,-0.007868979588386987,0.14528264007436797,-0.10643626117065247,0.001448623862190548,2.177581794650688,0.08634067617416966,0.6973719179974164,6.477620669518388,-0.8214436409970663,E,C,C
520,3,-6.164420224021733,-0.05852131291419885,0.09673263216652091,0.25504064033703594,-0.45276149067355603,-8.020332317190848,0.45535426124921,-0.34541011962841817,-1.0457489582508794,-8.304839824149932,0.215860901830437,3.8719413363635202,7.139183790929977,0.9195076000154829,-0.33045775997032006,-1.214308790651501,-0.3613601869959054,0.11570423279208059,0.9676913472211891,,-1.281173230992462,0.08332187993270171,-0.2767289994534308,1.2399175061929801,-0.46536403591223546,A,A,A
521,2,5.038852163026997,0.26912651348873967,0.04896518535039448,0.1100928073730006,0.7951491461115289,-3.60995127641614,0.20667166859798403,0.04763134766156577,1.986409997446148,9.58599282533459,0.5902260474202323,-2.287128890762993,0.7470128399694279,-0.259382260614336,0.12741803990938205,-1.4393878487782035,-0.4863331752671275,,-0.27092681836759286,-0.37800053078811024,-2.1895639234919595,0.07562571122459259,0.042370163978667164,0.25061566344609887,0.7538339478674007,E,A,C
522,2,-0.8417864920793882,0.2914033347485261,0.4955830546197563,0.0426923683621218,-1.8142632619620362,-0.12784235005010258,1.7115470884559894,-1.2730771394704143,-1.4989014260198281,-5.456820804877747,-0.32934741252497296,4.693128211873294,7.532001244799821,-0.9774827039882229,0.6172943003921701,1.713348012784016,0.04503645473951102,0.026670798255721346,-0.06269280488286107,0.1287650389263724,-3.348472761284952,-0.1629539360321761,0.985835281192878,-0.6998687037105907,-0.07322686147416052,D,B,A
523,0,6.899851647643949,-0.14128482065320713,,-0.0954878354382696,0.791428951432277,1.0989687246242017,0.004460862444134986,1.1692864055892724,,,-0.013288379714378755,-7.476653417897572,7.9367622921406795,-0.15252980607356822,-2.4828453370176584,-0.6591033651851856,0.25886267440245697,0.07826816787523083,-0.01961477027206774,-0.09773709558409832,-4.470547420359752,-0.0057048178423821415,-0.18628830689789083,-0.9262010997313799,-0.3932430024572679,C,,E
524,4,3.3743317632134984,0.5186418505509776,-0.024214172528638517,0.05190827209422955,-0.06792360671224038,-1.506310453485635,1.2723535355817341,1.0595407687773892,1.62833651038726,-9.842969272361517,-0.21259122753696677,2.0086074475744304,-7.295305162767304,-0.9439742805574681,0.9595776044231232,-3.1539285645560207,0.254813499135218,0.0560392428156465,-0.6224200537716873,0.22357959662351634,-0.12498307600536175,-0.32536876166742157,-0.35481490534330207,5.338885964579804,0.09118766062488279,E,C,C
525,2,2.1125788233963143,0.45965646870466603,-0.11882887589836054,-0.036041800175032626,-0.18825808822694948,9.296126358073973,0.4097058711601776,-0.20551977612493655,,9.0649509602185,0.2064615816422649,2.2740254676213767,-6.952715824256423,0.49395665020268176,0.2188429474443827,,-0.07396640911510012,-0.025818472146590804,0.751623558898876,-0.20011432511657623,0.3864393971153849,-0.2900935133207948,-0.6819063826028845,,0.4743547257903939,E,B,A
526,0,1.0435653007218413,0.010510868360365284,-0.2142610422750042,0.013782567177555381,0.7112634401495732,4.240456271555112,1.8037661850260829,0.8900156876688196,1.6049972404545052,-26.33483206814957,0.13474297633916954,10.140799235763664,-4.933019183246835,-0.4071789015153903,1.70583027179857,0.11759865608698876,-0.1610803507654476,-0.06582161830289818,-0.5302225549965625,-0.1598898544143564,-1.2624098698440345,-0.11549735868199879,0.17937336529898665,,-0.5627820213469549,E,A,C
527,2,-7.416861421272824,0.1840002330725795,-0.1479897076452261,0.09078011588286258,0.17174455026380037,2.8656125086999706,0.13115362324987198,0.652804143994844,-3.49501856019,-0.3753949862534455,0.18186356437868986,-2.057099545107489,1.738793981057465,1.1428009937299,0.5083046766221205,-1.2444698628286912,-0.1550960304629278,0.0514968063137745,0.5177965589252088,,-0.4904844330526131,0.21644651788213684,-1.056454421374712,2.192043555509709,-0.0015904962422055452,A,A,E
528,1,-0.5674481433108819,0.24401466796257795,0.4295348635565983,0.040214442761870806,-1.4023382320972146,-4.283800073337963,0.04698778656201527,-1.3907711972585264,0.6395922904123694,-1.5430587002374063,0.20815776283278375,4.7021745936618045,8.070494622737943,0.2009219462538587,-0.34852249023315396,1.3664970947792852,-0.5852340049184699,0.22717207934003586,-0.3393425110317852,-0.04190472844446791,-2.5341126288235523,0.1754103751941668,-0.48272486270832743,1.337422385732926,-0.4084615582602576,F,A,C
529,1,-8.202814327249518,0.16241124040579777,-0.4253747723619748,0.16516656877691524,0.5160297124067708,-6.159366702856205,0.06334382724262182,1.2988255053735172,2.819229410470375,17.799571047517336,0.1712473778826545,-3.7907701779374228,-8.094600157851948,0.7508766621526386,2.85838569392253,-0.7975205544100966,-0.1176679347559736,-0.1798535708028664,0.088628127688846,0.19500557887932132,0.6175115390531946,0.21750863817716135,1.0388687465255715,-2.0343929367642994,-0.5296339379470035,A,A,D
530,4,-5.710209522441009,0.24135644731207806,0.396013067679734,-0.02646526492227118,1.3759019786496798,5.336578104756243,1.1316791364541006,-0.14938196103573417,-3.408991513057494,-12.089339261934965,-0.06719971118413938,1.8782737808718997,5.098395082783783,-0.1316953745204752,0.305056865877124,-0.3092045881795721,0.19410928391968033,0.02516623136480824,0.9198140961604508,0.25427007374197574,1.1800925073879516,0.01185322635085896,-0.21761012944293587,1.4501479130691521,0.8102759430901945,E,A,E
531,2,-1.5600560362699616,-0.07695228642252512,-0.28240190249526803,0.1220280993106663,-0.22796221044563972,1.0388622727164152,0.7119879923404455,-1.112091769450443,0.030180020882765373,-1.3116124745584814,-0.31116702416416003,2.7116634999917033,2.086878694978351,0.687128046159723,0.5314099438205455,-1.215666085858801,0.23431863744207718,-0.0366207762226056,-0.5793739956804972,-0.49552689946861517,-1.9070101290275947,-0.051318255454294526,-0.08120850393593877,2.2617029167060716,0.7173035869878099,C,A,E
532,1,1.6410443599498221,-0.05675510062180063,0.04402685127098575,-0.003040298070181148,-0.18309829369245367,5.453746728904112,0.42897036034956787,0.9201138610566906,-4.191164719251403,-12.94685213773727,-0.28833130033144694,-2.3751727210398204,-5.272811273766183,-0.09206025538223636,-0.29293692551982364,1.2315339619147976,0.5221932215084959,,0.23891490998840179,0.19033428731146046,-1.2512969552616289,0.06336028500399013,-0.08217347876291373,5.817264228731597,-0.3096388698654101,D,B,C
533,0,15.065197443736421,-0.6231175944347318,0.08106581300545018,0.03269588915002615,-0.7058800661179393,-10.9865357226391,0.2014678273257999,-0.7649237216246414,0.02142070179286005,-6.851419921800402,0.2824960063492573,6.0142997769800015,8.589220592037025,-0.5859690848739864,-0.4883620706505248,-0.32453968783751674,-0.24050595287567278,0.09549882467178922,-0.6722975216662889,-0.09010498208111264,1.5340556479719547,-0.004901551855369856,0.06732468485285469,1.3899720733040182,-0.8178968190045087,A,B,
534,2,-0.8694605254573708,0.3029026796302433,-0.10041150136066516,-0.06360173556302255,-0.2809249073303433,-1.1423138852242003,-0.6330194070767715,0.5630808301494071,,-3.1380871251316873,-0.26750423766059445,3.815188246087797,1.0600353735171648,0.07828645683978316,0.29517139492461825,-4.0361635508855525,0.069693105337982,-0.19406236340237243,0.35063100627195404,0.2915822011684837,2.664007302908263,-0.185103117606947,-0.7395100932144292,4.742842130177271,-0.020030802158218106,F,B,B
535,0,-7.202948899015054,0.13572833648722094,-0.3728199855979608,0.07580928254475233,-0.6207206226909543,1.5284672802013377,-1.27302476687552,-0.8697886323852697,-0.14030273021531325,-5.383479400194661,0.2714450578035665,5.169590891482492,7.041788046599779,0.38036638551985363,-1.6904331094386849,2.0928858761334634,-0.21345002184633324,0.08069238619074584,-0.005935316516180378,0.23644512424632677,-0.06582998573562382,0.23480635599372,-0.6127799303968664,-1.612387917331891,0.4855938553997562,D,A,C
536,3,,-0.074125157461614,0.024543729025017866,0.15093767403361213,-0.3369471960763573,-5.910497373835664,0.21104032879937923,-1.7115150351422042,,8.872759677734631,-0.39396184889826463,3.0484013157805205,-1.378781454579599,0.33521384546047783,0.31145252985413413,-0.5844375667754711,-0.10950663247512427,,0.3544389973829716,-0.04709849099444948,1.1364655677943412,-0.031629970164754086,0.21258000261121313,-1.8081748798719484,0.5153701713774477,E,,C
537,0,-0.24298873321418366,-0.12711538687304047,-0.07832743284879815,-0.036187957906854334,0.5352186004846382,0.21342534404488317,0.3471033978287107,0.929994493925611,,-9.399960322154465,0.13889184912946828,-4.520597698071959,8.23379090600555,-0.5219701371501664,-0.6788453995379409,-0.18636991583892273,0.22396671592245374,,-0.28774152822447985,0.2072622079803301,-0.3511770468742961,0.04076418939647434,-0.67804313592478,,0.6757464919955788,F,D,
538,1,-1.7529665848561964,0.5525088602262499,-0.03431269142525125,-0.21409940792634277,0.83833134293785,1.87767301936291,-1.9025644221409945,-1.0921691808474676,-4.033671865482628,,0.49866188059908456,15.757991507059621,-9.790634654683219,-1.6396798718085677,-0.05403173301707777,2.600394647562838,0.06964284661109006,-0.10207744129685853,-0.1516114005826934,0.5426760395870203,0.5932247605323668,-0.11015083669149257,0.5595466333240169,1.2251534605645131,-0.8503844467053027,F,B,B
539,3,0.6437837155631613,0.18647297314132788,-0.023226766215606046,0.015469026956250659,0.7352621397515521,7.3387501571639255,-0.6123577206450143,0.25284524148122856,1.9678396704004477,-5.167276748920199,-0.19104299415469667,-0.33437593363375206,-12.20653647592665,0.3018585765190023,-1.6037261073619165,-1.4449325086077431,0.5079753834055373,-0.08206794264744048,0.46835431424375246,0.19858138701366113,1.6525650265076606,-0.032471178049812165,-0.006655313423646971,-0.3393608263680913,-0.3790377260837759,D,D,A
540,0,4.440428397940942,0.4368658629965446,-0.009824549817650003,0.01990905099868825,1.643513295762848,-5.569132253985266,0.556277920662288,1.2643496611660765,-1.112159888986915,3.160492638733039,-0.12473698493365382,-6.956404743565708,-5.924245633382091,0.3418771341032009,-1.8992284619039517,2.894114023738592,0.05337022666522953,-0.11571772477926992,-1.1707685878238334,0.4038066797572071,-0.3562057984904169,-0.25487271757368746,0.04964458684489475,-3.2395557062398317,0.931777726110114,F,B,
541,0,1.5914679631363526,-0.03485521430299569,0.04888032457368826,0.11865833668852933,-1.5094068692826301,-0.3154503985002924,-0.8854919635484028,-0.5202877562128587,-0.13472493250946263,-20.813550876985268,0.2663946394286233,-0.3583245629267167,1.1994536834035125,-0.06657344823693653,0.5262691938102322,-0.8410530465442728,-0.35500571319927204,-0.12099216780141457,-0.2802299745303148,0.07342877154915131,1.3585372320467304,-0.2469181401828763,0.17990481811898684,2.3595204940898444,0.0013409363294520425,F,D,A
542,4,-1.8223067799359938,0.09753189169760808,0.11827794682543344,-0.08068716286632323,0.3001709178440314,-2.6244957688398234,1.2456299545069167,-0.5422921568356474,,-14.900052374161524,0.6227522839732728,2.5008084403500317,5.068651375081453,-0.20810385885283375,-0.7313774151206017,0.13982281147604744,-0.066885119783937,-0.05966686927261395,-0.06751383574355536,0.029761328130095112,-3.5843628103317133,0.3223919068566779,-0.37570119895482296,-5.779029620541923,0.2980559613849885,C,A,
543,2,-0.40501860761435277,-0.340642681296312,0.016820393570096657,0.04912512326902258,2.2110387709913653,1.3952633657962037,-0.6763339893340856,0.5421187188777294,4.143067457536517,31.130375982162676,0.598284734326449,3.797424359243476,2.788858373716466,0.8965987101404632,1.806956768974664,-2.3585801105591626,0.15608971240116837,0.07242140581198545,-0.4877609613324872,0.4803506203398781,1.3585810517298196,-0.31949075617430717,0.04496427182041699,-8.637804916915089,-0.6475417915855122,C,,E
544,1,1.274800208651986,-0.2869668264175488,-0.04933529386781172,0.00035694180617883874,1.144086807729806,8.395940020094871,2.116535362374461,1.0751676062933126,-0.26402501560108693,-1.283307645455988,-0.1616177432220718,-1.3026967659066107,3.5905405087132714,0.03963258408401084,0.17018273522086835,-0.3653129802504072,-0.08838350748579869,-0.0171050476975623,-1.2588626475587237,-0.09467585769873904,0.646212655954724,-0.03296379320902139,-0.298818516919455,,-0.4447439184782748,E,B,C
545,2,4.6487406527247215,-0.5517376053004052,0.17543850956668366,-0.08001887116611286,-0.20028091942590595,-0.6681284446712465,-0.9340606163615299,-0.5293354415413067,-2.720638054935333,,0.47732373141624845,-4.9378963428373375,-8.075821180269786,-0.15817959902458417,0.9384119102699561,2.064498092517248,-0.19975597873079504,0.11418035280037041,-0.770388128354769,0.25627214174077567,0.27777601987301653,-0.02494299656920358,1.3029380855047157,-3.676881054084348,-1.2408853334529177,B,C,D
546,3,-2.43985476296866,-0.2060529056633618,0.02832205769934787,-0.1466139828296818,0.13857483956988886,-7.071703692598868,-1.1520778163773042,-0.5700719309217466,3.7704590048204802,7.621088436803838,0.11410557255332872,-2.8248437114623615,4.733421579656419,0.12751048704738355,1.463168188075833,2.207492785024146,0.32040523263020293,-0.2707751636351568,-0.4906178325752742,-0.2466666027621281,4.319349567399739,-0.19085863068119066,0.5164815220406886,5.6668011740974205,0.28803746244941414,C,B,
547,3,14.105944052060108,0.06482095503699148,-0.04819948814415029,0.13697408679584014,-0.608088768793369,-6.064058216452938,-0.7724491206199392,-0.5923365384611361,0.3904053279579137,4.997009055461937,0.3985937826538635,-7.182509692745676,9.303240051828455,0.5688792057382518,-1.0455688159322958,-0.3448864021530585,-0.027376939185383094,0.047650034992624095,-0.20653569407281397,,3.5838923061118098,-0.1739128848465087,0.11143614961244525,4.482545648626619,0.26441385994564437,A,D,
548,2,4.045528008848909,-0.07398345226134936,0.1332833677733867,-0.028372015505303792,2.9788463591583767,1.4092115967409748,2.2211221132594248,0.2060581404729378,0.9802392996945787,10.463865244320807,-0.14474529409712145,-3.601042403360836,5.544157202306475,0.6994892767035169,2.7368114284556904,0.3879909040184525,0.022001280319587365,-0.07224825149212837,-0.8489253339868902,0.2435495943064801,-0.1172976312137517,-0.3190143787039161,0.7704122035113169,-6.8684502338029425,-0.5571466156055487,A,A,C
549,1,0.8112270695611816,-0.021345486198056596,-0.237556076529218,-0.12182015625112252,1.1093282763306371,1.01170753941702,-1.0939040451547208,0.9354612705157096,-0.17430846018309573,-16.503409675233893,0.13108983804564922,-4.335056253029057,10.550845186517446,0.3538939329604573,-0.33002540557767135,0.5068203072947967,-0.31374819081341226,-0.04446137554218474,0.3626958103171806,-0.1824915588674715,0.8147478845137486,0.3666814292407858,-0.09099284808054757,-1.6908477641366964,-0.033466729370833864,C,D,D
550,3,-10.377555496119239,-0.13407172738594286,0.43095457556619665,0.09434860242361522,3.060502219019981,1.890882298310977,0.1953689172419581,0.12984329059752148,4.512912933776661,19.785871200703955,0.12132640898561667,2.754482686116536,-3.058257318157454,-0.5878073048386148,0.1663350200111627,1.349043340297914,0.9743798662243539,0.046390287113196885,0.3469480183649807,-0.19919158000037893,-1.9149897843083339,0.07232944227966316,1.3803470789005008,-5.142603852276447,0.5892452945347131,F,D,C
551,4,0.28872941883472547,0.5391391051562616,,0.09985106044470772,0.5855505697355925,0.909027058178638,-0.0421980049933833,-0.8371143097644598,0.895228629244855,,-0.19847665799249456,4.436023110932887,0.13173819006894405,-0.14041808207389433,-0.21093365276071047,1.5310173416128687,-0.07802292569211798,0.17468176449682313,-0.09086915922719226,0.25247942577497223,2.6703939137058055,0.08596859073554651,0.196122047123751,0.45095894009027127,1.1481886060204571,E,D,A
552,4,-2.6524041352345087,0.5448069377339246,,-0.07812459359686791,1.2855140682463566,-2.525133487320932,1.1411251052976918,1.1408485467388148,4.606662651370249,-10.132761164568162,-0.5736329547813666,-7.566369570117125,-0.7719493085294054,0.3012905669589804,3.1055397114411205,-2.627522553364431,0.7573506485195695,-0.12272675967898448,0.71874792847845,0.03876393555866821,-0.08491558603252729,0.2269129554950287,1.0454294694247148,-0.5893870356159546,0.8354638242685068,E,A,C
553,2,-2.332213325338353,-0.2470910467378314,-0.21531345455537923,-0.07608465462819372,-0.8413921889613183,7.70994519073282,-0.277636215991873,-1.7812336724170283,-2.6284412495909546,-10.299230280223686,0.16614212436024178,-1.555059420835568,4.108966133109099,-0.13117319507539194,-1.5440385034569843,0.9574535538940002,0.08326429519526153,0.18813570967944634,0.008344075299960431,0.17445025176814236,1.70131631291347,-0.0398062608106154,-0.41888665675418263,5.02194495199918,-0.5262661865504084,B,D,A
554,1,2.457535570472865,-0.035134190325233176,-0.06741375943895529,-0.005030927088377902,0.20349171108564149,9.270578137374951,0.17042345717823046,2.798566310704864,-0.6621157098694914,-8.862095845201111,-0.44982052274001744,0.6072982994932531,5.307312971038047,0.8197921960980599,0.47701901670357455,0.18598030844531413,0.18798754904271223,-0.07718940462164797,-1.290768531655431,0.24014486242793853,-0.5859636486619122,0.04525830107295575,-1.4121282792060275,5.232935816010172,-1.1373026766757912,F,B,
555,1,5.675780593617766,0.21529808588354918,-0.11238636816782695,0.1604787747902343,1.1444869423413393,-5.181981639391293,-0.7338976046408331,-1.9098100196806256,-3.2835727150371365,-23.20549391765404,-0.29228746612334267,-3.408852057164907,-2.269038175556768,-1.3735987410141053,0.782909880462224,0.38412434801032846,-0.4024124936325472,-0.004752745471277336,-0.08679254357553971,0.15379377506646277,-2.79298509398583,0.04305494396540231,0.41343139500091364,-1.2337995544148925,-0.4719573121906443,B,D,
556,3,,0.12471017009285544,0.22560122589176526,-0.0032200140890776404,-0.9571316979519906,-5.774130117362004,0.7186041559554738,-0.6648502522393533,-0.200044074621879,-14.836953769465712,0.01706683922331811,0.9792741695793373,1.3652822277182683,-1.0367685846863715,0.2376520526497646,0.9561405085909132,0.7069572255908809,0.20307274331003047,0.21349761723282037,-0.3674694287404165,-1.2625223000455028,0.0979035311437538,-0.5605952344722721,,-0.38917996846560704,A,D,A
557,2,-1.3280797446767045,-0.20172406529120107,-0.5521554464847743,0.028303082798094705,0.05700921081354671,-4.523571170894171,-1.5665680255007322,-0.1553384027807119,-0.3210257505348654,,0.11956963233629991,6.99130972563759,0.052851445434020566,-0.5414549265237412,-0.19340408815126756,,-0.0714653474026433,0.026742280895512567,0.5442723581506266,0.044768295818086085,-0.3310039738703807,0.34450134558244383,0.7361490855176972,-4.482190696232314,-0.21414695490614052,F,A,E
558,4,10.799979381288455,-0.08349520534027477,0.11858854025939931,-0.0369340108673851,-2.0038812652343068,3.899469965452323,0.8167993176807246,-0.19212092203551984,-3.6828424124362167,15.015058187189712,-0.1779125405495642,0.3548756269100625,-0.450185476366993,-0.5671844387821332,2.360917150088691,1.2018695114750455,-0.29256791379373065,0.04939139937008477,0.7443568049492663,0.3694931624428095,0.24382429543603307,0.0941464847525098,-0.023573143915241995,-1.7804560721993314,-1.4466444376872436,A,C,C
559,3,4.677155551793169,-0.4897498189581416,0.3244017557727239,0.26589258931230253,0.8648294322801345,-2.382608655296698,-0.7975841759596938,-0.21783253880234849,4.109342458902659,,-0.2770106065349297,2.0409987914471523,6.751026564139204,0.7232090832184703,-1.8185491120311923,-1.477506552291566,0.6170058153488734,-0.2791892424892834,0.6415423341366785,-0.3430884263006005,6.72193463972345,-0.031169004546221898,0.04752610448936717,0.6371178280217911,-0.011529259662962988,E,A,D
560,0,-3.5492093699447462,0.14025334411372123,0.13743727151784885,-0.05583745835401893,0.5066798185810846,5.265422146719669,-1.3103208158042705,1.5730176998060106,0.6661999766069471,,-0.11964294329140207,2.77707169427323,0.3656107344255648,0.4001374235473092,-0.055847574139084144,-1.6862323167541675,-0.35743566046126446,0.2797023309807525,-0.7927438439080221,,-1.4632087054809784,-0.22736308974674596,-1.9270611331647451,-10.05474880757071,1.1242222103139923,E,A,C
561,2,3.358129700127078,0.17715138332260844,0.06493859361817414,-0.08725995514245423,-0.3096774014620482,-1.447901749303447,0.31418403043116266,-0.9974277498504659,-4.145448090676016,25.352318643442665,-0.03232636965813195,0.28746449623996345,2.92279363406596,0.13872284471628343,0.3098325736249611,-0.43922708369940916,-0.0647980336596853,0.09357774077305242,-0.41603963685131384,0.08551349778845842,1.5272820382264254,0.2345717507735385,-0.2185088809328711,0.13238442574083392,-0.20942486165415738,B,A,E
562,3,-0.6655269224543131,-0.12040804277273263,0.39919311285420545,-0.099163668097497,0.6689999476200449,4.362128646877928,-0.019790457657300826,-1.1969493124537667,5.739821005136003,23.195946281158935,0.34913837275130266,-5.082841779711891,-1.510153476301673,0.4946479997011667,0.701834685289986,-3.0688620376756943,0.33748200132789913,0.10241041368109464,-0.07646781506830995,0.1056210433293842,4.917371444489844,0.19868339828199658,-0.009112393402586563,2.805932056530025,-0.0033638053338106563,E,A,E
563,3,14.755860661677419,-0.10942892701307695,-0.20905653357462636,0.22000047361365216,-0.2860838165756286,-3.0568850182699383,-0.7829873014209833,-1.1055088087276284,0.07170240758239198,3.3566661825595583,-0.0014182919166451815,3.1866593793499605,14.621355290444297,1.4052126315529345,-1.0752392626541574,1.1574392611083215,0.20076623374486333,-0.028641261638027295,-0.6900127415559788,0.10272092849510103,2.869299855081661,-0.1700870119958239,-0.04680575005893577,1.5155046996857688,-0.3444261967670893,C,,A
564,0,1.9018778669981617,-0.17652416855011455,0.1334236294997374,-0.11593837590275939,0.6911961007762901,-0.6639869910437033,1.9067093684815721,0.17369292868366434,,-14.559356461724068,-0.041266829769368095,-0.5712460851884534,-1.5520292614812967,-0.6569517533127116,0.32209598073101436,-1.7120228316388126,0.28722365606163847,-0.2192385645691903,-0.7420037594969136,-0.1369397071129657,0.1413692457615398,-0.26308254672334264,0.08408127645291733,-3.0313148151188187,-0.48811502979334803,B,D,A
565,0,0.9381041351843521,0.4026078269225919,0.18945151422649212,-0.0923380840912048,0.49503276090669174,4.3708763388309055,-0.911030813131697,-0.7807744131687739,-0.5833408308607624,-16.63524724230041,-0.12485532269625213,-5.902664038477132,1.673071426977167,0.9718579875055308,-0.43154170887666404,2.2063249575494854,-0.054366188743120034,0.007082123375617958,-0.2842604769106987,0.45081091602387185,0.7353861266743037,-0.3631212212930498,-0.01818171763176275,0.35912567295613906,1.1599034173850404,E,A,C
566,3,0.9527057935265463,0.630340936378038,0.2318766769576813,-0.11472819766629361,-0.25818792732074064,-4.7989235482996575,-0.8668127920296143,0.32115606140027936,15.134058530370195,23.82858428547282,0.013746611627404178,2.4269908599516454,4.116006601695157,-1.4090981627044614,0.10749104085026027,-3.2887992653159133,0.5052750850637703,0.12863144025528345,-0.24185407110258628,0.4663158407284847,0.9109074714655939,0.08364306879692594,0.34110013755682955,1.051640653242899,0.9813845812259334,A,C,E
567,0,2.778162836979976,-0.10832960685772908,,0.08554827511600967,-0.856515034873149,0.6372209486457331,0.39128666164613385,0.3391273056475795,1.504632916859966,,0.6269324283382418,-6.8171461443584285,1.961518221408596,0.7537563204644523,-2.8589139162941968,-1.457662743802846,-0.13500216639146695,0.06528024619425225,-0.12665672656194213,0.059386424705883914,1.5875088900240815,-0.3552851112293517,1.0743917866359063,0.016947491994264322,-0.45239541583041076,A,B,C
568,4,-2.176048847701546,0.5990662181085684,0.299559662823072,0.006837527514649318,0.15606003841490723,-5.920904595794734,-0.49851792925405597,0.9090592542489601,3.6632547452034414,-0.5362585811252291,-0.36430536853910767,-0.6473585368277972,-6.255676679216133,0.06312403887448252,-1.0160952499098312,-3.061148192957385,0.4713923444403785,-0.054488921328557115,-0.11730863398225318,0.3590800767693925,-0.6788899817699088,0.024389009359418876,0.4437115634742084,-6.130182403658694,1.1105611973967453,B,D,A
569,0,9.632139160029656,0.08374234754494016,0.21632266668908867,-0.041265553248199416,0.23025232051666522,-4.360523819081928,1.274315998841963,-1.6616126303135672,6.526623964818908,-2.4919048437242157,0.3060141045250425,4.948219661812171,-4.949623203113829,-0.849531901347388,0.4972145626527583,-0.968776941242243,0.21690970749178454,,-0.29426755440902513,-0.19154423258356618,-0.9793677601583016,-0.462173047034102,0.3296117844997597,-0.9179865876921687,-0.955216924225334,F,A,A
570,2,8.544123144647891,0.06902328102281938,-0.30186900876701217,-0.23870941396964088,-1.4232542765945868,2.3658206051057102,-0.9912304732446668,-0.27792839804982966,-6.373779698412073,-18.86424895718352,0.89245235936817,4.6901274982539904,5.625915948877296,-1.4782964711789062,2.612365178472986,1.1677510581105748,-0.3597191238911456,-0.04394343401739773,0.12893519020072497,-0.21945441223275697,-1.455004213387851,-0.3424145663968694,-0.19203929600827072,,-0.1738062207435068,E,A,E
571,4,,0.0010486511880195362,-0.1579584473922465,0.09410040662764874,-0.8618965601720969,-5.586202155521617,0.39647240106794823,-0.5786372253354922,1.9931316274048607,-10.437723806103127,-0.2067722712922963,3.0168782194524466,3.544172094178684,-1.0195476437441235,0.10852743623801904,0.3265209900713626,-0.9500444433334824,0.03945899352003275,-0.35177191927352924,-0.14092786693408546,-2.8945484758515274,0.43020844822453563,0.025635130468797025,-2.190215065495977,-0.5466915788908584,B,A,C
572,1,2.732191180750432,0.6823958318328864,-0.3572794585117479,0.13686407047472335,0.8525157619248825,0.8776088863220095,0.7913618836635238,2.315973226587423,2.7472714153823135,2.36366055106617,0.1034650216639677,8.858699683710954,8.387535407486059,-0.31268130177719683,2.6743811738622916,3.668279813347857,1.2644541467241608,0.0634732828535343,-0.8997139567751152,0.04720960210148988,3.007843188075877,-0.1548737100523637,0.6590620194861795,-2.3170746111854146,-0.3367001565559328,D,D,D
573,0,2.4385392041720992,0.009646039286566176,-0.35201398451559673,0.09659217904444768,1.239426375715611,10.40404019891014,0.1454175513724913,0.6042026571057233,6.166102374179002,-13.214461827850968,0.4375756523020595,0.32623919093093834,-2.0355364682839143,-0.5422295049453633,-2.2543328223717403,2.8399507565036815,-0.02774429786610747,-0.000849571238577852,0.557789083187787,-0.45422193546659756,-3.4191067516190037,0.1609843859603057,1.1943160029902031,-1.2886996140120848,0.048867469087320446,F,D,C
574,3,9.087526170443041,-0.09902783486726742,-0.3299185462236349,0.08867169071491089,1.3221686326018056,-5.064224258248341,-0.43316984800055897,0.43401371278022816,3.068707466882752,9.005220242002041,0.09590220433493722,3.931543760036561,17.829827890644,0.6612501145283414,-0.14220371718755226,-1.0457127606064929,0.434933988760894,-0.05874834340685423,0.482022260931228,-0.5792980642165392,0.5678483989115761,-0.10237963429658771,0.9620080991903763,-0.8628799723078548,-0.6467838869032667,D,A,C
575,4,-2.493150556003587,0.16530263773552595,-0.26683741787420834,0.15121784975613742,-0.5914979796434725,5.600108574462614,0.11929884860112651,-1.7193716894008364,-5.95670585059004,-37.71123673178718,-0.353739694794569,6.845822865340602,4.094961118122627,-0.03480661079562904,-1.452715818559757,0.3452467697580297,-0.11905079964915277,,0.08200561638567652,0.47005747129179626,-2.9234989937791815,-0.05428189800204625,-0.13890715921861474,0.16540820236660966,0.922275573965569,F,D,E
576,4,4.266372450399254,0.23836179103671035,-0.19393189399851188,-0.04803201058839563,0.3242155277438925,-7.828010462357266,0.18919664549260132,1.6317401716322806,4.8553293980989976,-9.327823647885564,-0.3633980272133869,-5.142323415522088,-13.869061758678027,-0.5873222146804049,-2.398168423825719,-2.1715884141204898,0.15679231837864485,0.03628226100695399,0.8284747924794134,-0.11082602416659616,0.9280095518605889,0.044409763597826224,0.22576132288642523,-2.8248373586178084,0.3246931332105779,B,A,C
577,4,1.6301976218749192,-0.11303034628140189,-0.5219490672662912,-0.01839447816533972,0.3155516406669117,0.5880579807991907,0.38275778568013896,1.7511994701041678,-4.107867072158719,-2.984442483263465,-0.9103604880678562,-7.052603840903199,-12.15486382497992,1.1847457200597296,0.4754150122592794,1.6690995530175883,-0.30371087289805204,0.015081735782646823,0.39086065278015325,-0.0691334883921976,0.8893766266297349,0.03699170431634101,1.3718088098331862,-1.162012156489256,0.8332977749195195,F,B,A
578,1,2.3612311420849084,-0.37870269167781,-0.03912639593313263,-0.12894649964535088,-0.5189680972782217,6.750426060577356,-0.34380053478133416,-0.7234311570907852,-0.9912241830175967,-0.19252310859724728,-0.1386050621057116,5.926194075681585,-5.861559558309906,0.08474550165962226,-2.9252419677482724,,0.4252411438986337,0.09333335277331568,-0.11932796914155144,0.31371415920167184,1.512353954073783,-0.008336089198265374,0.7016259199053291,2.7136888654372746,0.4370681774795002,A,A,
579,3,1.4324093847410224,-0.29082524155869927,0.07441769494095019,-0.13165538153038658,-0.06174785883364491,1.4440543009782627,0.2944144840235798,-0.3099360249460468,8.42321366610102,19.75298841491412,0.16564471350712545,4.29097897381057,-1.2245738975952076,1.0533345401772667,2.0500397884656936,,-0.17056835364973888,-0.07381606374456365,-0.576238548317522,0.3040982775493938,2.734588148551496,-0.20315066205450294,1.1111954349673598,-0.7882884350247338,0.08854678227554177,E,B,E
580,0,11.556785936410568,-0.5129989275944742,-0.04277406725448334,-0.07517581591598536,1.71145282470448,-2.918439375835301,1.1029375282408698,-0.6081263124503151,4.016457587549059,18.325554465186535,0.6268161445771002,-3.0063095314177537,-3.9784001384996093,-0.7708429671659405,-1.1316222973892809,-2.354294348364302,0.4478071232948798,0.14192912142392244,-0.13048984929405005,0.3049108984717004,-1.3064521302820524,0.452709981733369,0.8274404690237671,,-0.14853222340566294,F,B,C
581,1,2.659124363472803,-0.06566181701340164,0.005291337414237375,0.0013081462097613414,-0.8433799994922861,0.9247267424231363,0.06078033630679043,-0.9605678343357977,0.5912381488458853,-0.6452960313477232,-0.16132433625499712,-0.3759228310511744,-5.904767199729817,-0.2656378070079764,-0.4970862629443107,-0.4897211383187758,0.47260664852504647,-0.1160369813857081,0.1407818262983299,-0.11611635450288502,2.083426814652317,0.20696713284358256,1.1473011452572581,2.156517316116637,0.7053288102503606,A,A,B
582,2,-3.985728208814256,0.3779725472088447,-0.19613821345649027,-0.22420904450515283,0.4711575693971556,6.589542535511514,-0.43884011895422964,-0.5150408717001648,-4.198029791449351,15.198896574343625,0.0344863842980531,-0.2665389525291857,-4.2749400278308824,0.39468113312770825,-0.736791721911165,-1.75161099825465,-0.262647866175905,0.019243544388654367,0.0144257118441527,-0.21418584486790793,-0.9158659203837067,-0.1536081800331037,-0.6590031668136631,,0.640843345721321,E,D,A
583,4,2.1733969913095192,0.20140450342294786,0.3149620770956342,-0.07816128080142994,-0.2644101002899166,-7.159043341105658,1.5552593467910518,-0.3745941265134515,-0.2508426409367859,-11.77313032399598,0.15126063307260837,-2.0755773450841,-3.3848211810691975,-0.1345142181492648,0.20484055654048247,3.166408381244105,0.03756086837557883,-0.12869089575374226,0.7743477878424555,,2.0560023249407573,-0.11359589961137986,0.3575869717606486,,-0.2674875914646939,C,B,E
584,0,-7.5913521857497885,0.3251384335812083,0.18082278809769958,-0.06228340393015378,-0.7832060329900937,-4.672921281138109,1.110989301296721,0.7043633761199807,-1.0207880361232051,-1.7161483733305531,0.0907335861880646,-7.324634105249331,-0.12611262337870985,-0.012102386359793079,-1.4249405717702288,0.33640243843312295,0.5864727055853011,,0.512719740935266,-0.03931059476714137,-1.445414675897603,-0.1782868604933631,0.06878139334507577,3.088749029833002,-1.534953526406116,E,B,C
585,4,2.542413770243241,-0.126907722998157,0.06854063949924437,0.014403897477625644,-0.6892550399703745,-1.3300793092496224,0.5054394607865984,-0.26108288439807403,,-6.538445974871271,0.11867978608858257,-4.079697698762309,-1.0542932811576289,-1.0524617551876863,-1.127297287576528,-1.6410443970524944,0.36816733507910376,-0.16832816909888534,0.4287392074709515,0.1237548455409359,-0.6491421344032788,-0.01201176212633789,0.34543908649133165,1.8176808815616379,0.514441617032541,F,A,C
586,4,-2.091624054907928,-0.37657650523597286,-0.05877897991849753,-0.09581826593398649,2.0264924129376203,-2.6714208889979125,-1.6188976241300117,0.554886645660388,-1.9703119320871383,-24.42794248925331,0.04668666851671083,-5.063101932786862,7.801479463610001,0.32416735355721005,-0.8640949681151635,0.892943024930368,0.22998283555167112,0.10610610847128704,0.2928395956965229,0.24413931095201732,-3.1227509089110432,-0.11196595939324391,1.3377938976906665,0.8939412988368715,-1.0887591079234957,F,B,C
587,2,,0.13648862363317657,-0.36888769847519987,0.0646742433689324,-0.6260357193922232,-3.7088859189314305,-0.9056081277347805,0.7044935148716156,-0.7662024883811105,-13.412235563676626,0.20082219386093453,1.0019920773927926,2.204967614090894,0.0803417455617602,-0.22982258267525854,2.0586073877419766,-0.16237422802826404,0.14260514698290375,-0.05899664031890017,0.297955476789306,-2.0076660945387084,0.05170506969616817,0.05455606009584142,3.2277541116109365,-0.8682514590064062,C,B,C
588,4,-0.18685502910405566,-0.04870402702696435,,-0.033217492820559275,1.740392976102686,2.85454461101604,-1.1497303195016557,0.5399016806412615,0.38412596695495554,-2.2987548178591486,0.18712194231062843,-1.0800643295327716,4.928404174292253,-0.2403712901823502,0.0218528235988538,-1.8505472497723123,0.23294904611339057,0.016735559120297845,-0.9056807751954508,-0.08061576521809874,-1.2735721208345891,-0.09877876103040906,-0.22529389455598625,-1.468347553412632,0.8083003016925417,D,B,C
589,0,1.0093803428991304,0.45887759849141113,-0.38557025432265146,-0.023161972205152117,0.0899517833951897,-2.7355955458634456,0.2872213830515578,0.6954939307071973,-4.655385402617443,-0.7259277613855065,-0.10988056341067362,-4.3531300618659445,3.7653786138552907,-0.13500517851787988,0.4913820243188982,-0.537684423188364,-0.44006609650065825,,0.3953769070708815,-0.04031141438113354,-1.0244565048436083,-0.06687285758612836,0.102210937327556,-0.7116261309137436,-0.5208871913682214,D,A,C
590,3,-7.413859522976346,0.18696118013806676,0.10104273788936716,0.1830218826179415,0.1269658075058184,3.73138269020904,0.9882417231403775,1.4826832599011819,-1.3510627467385503,-13.804264862786184,0.4467765403807272,2.891853127463422,-0.47164510522260517,0.3408263607994063,1.2160699314670484,-0.10632049120795353,0.5172302157303719,-0.2014129999455264,0.05934434558148581,0.07916571285082918,-3.541718563626352,0.08322349431955992,-0.39005494548601494,5.575738745694464,-1.0055667969086148,B,D,E
591,0,-0.525369188918144,0.19899137433042402,-0.5478662922591937,-0.09588895870491085,1.2860711590978096,-5.832355291834589,1.031845006971485,-0.43340677983469444,1.2118876952428603,,-0.5051664205125447,-3.405586139502709,0.9033040291612673,1.45370921544174,-1.5816216637978124,-0.060354357253151004,0.39696054985913987,-0.1109473021625233,0.9792094519087928,-0.29357226884195203,-4.315103949994717,-0.34789726631682033,-1.0045583520213626,-0.5669230256645674,-0.2513453694883869,E,A,
592,2,8.183777107628122,-0.31337144367051933,0.035261442543141785,0.1404666255584123,0.3744813421445957,-0.09521947730725266,-0.8385300190915891,-1.0953319568440727,1.9931974828707082,-14.076925785481173,-0.10267876743011949,-5.853831105811329,-10.194971716792645,-0.7994286026344412,-0.306030521078153,2.7549026912327546,0.10670226814195989,0.15541357979316403,-0.051946662327462076,-0.028606567665398427,3.696879139650692,0.20804368794142675,-0.5026494566286667,4.139799756388585,0.0828839859204823,A,D,
593,3,8.533284464536338,0.35647550347532775,-0.44452783715632577,0.13784213098942524,-1.6378103968952362,1.770497739329203,-1.0482167444045631,1.6495672363072433,-3.5840818169794773,13.970249185152657,-0.09641114984652659,-9.379022922677287,8.568409591918652,-0.7616067267342654,-1.7183049094619522,-3.7741098492657352,-0.6839317391007044,-0.266788768350137,0.217301778454323,0.06586926975026687,-0.14904862110158182,-0.205670432563957,-0.18467992968975622,8.115817882940393,-1.1570307965747215,A,B,A
594,1,-7.077547808158983,0.043038110057220635,0.5613608145560696,-0.17004299598420447,-0.4501016769836536,5.286647011693637,0.7175701199613392,-0.41121118666530393,,14.915551102683228,0.47761939515751073,2.9787284956500284,3.8858065739289507,-1.083367580693723,-0.9218349614597139,-0.601533031916472,0.6031170955523065,0.012389556433654346,-0.8026883745065131,0.22932419238327578,-1.3339094669868532,-0.2489948460528997,0.22067280674884793,-0.7133615096549161,-0.4718853212187599,E,A,C
595,4,1.4205546379135152,-0.22184400033036908,0.040590530612551246,0.11343547706085438,1.075659412792346,-5.541505941949778,0.2494248511779356,2.151553143075518,1.9946918805753375,-5.997260536299939,-0.0394032621724633,-0.5668825861997844,-7.751534978773627,-1.2263651310696677,2.0420986560706322,-0.7720793383031929,-0.25261611686284047,0.059793304525287826,0.8897587183712147,-0.05776327540778665,-2.614606951630619,-0.08683307105132634,-0.627344225528967,0.6202480946515404,-1.4012555380038036,C,C,E
596,0,-3.963489029607664,0.2794751481654204,-0.1586791646527388,0.10988542725274822,1.3163724316409817,-0.3163648517781771,0.5986631376210879,1.0990754897388184,-0.8364343832199302,19.51676153935554,0.40681220383277855,0.4740821395737904,5.423570088398393,1.0983556654553792,-0.38150147514845273,1.338311985843062,0.46649382366522807,-0.3902413782488621,0.01874150936638704,0.1264763985718082,-0.6688744653942443,0.211882692197413,-0.5918950795787833,-2.4046606934833177,0.6229540248167591,A,A,A
597,2,-2.493136598655158,0.28129076347044984,0.6933778638378862,-0.08385548391945373,0.5273855558763414,-6.170960831663316,0.37417706250562316,-1.9831113648675833,5.772545127974039,,0.26724395393920636,-3.824540789012319,-7.661067865493722,0.3896447758806617,-1.0101689343899625,0.5741011267016015,0.30364946339999754,,0.840388765666556,0.13016792592091225,-0.0645591867587803,-0.08061653562138885,1.591585651604542,-4.353203282620421,-0.43163553560369144,F,C,E
598,3,-2.3124948722233056,0.09339180537227439,-0.3082877541069733,0.08480827053880644,0.9062328073600817,-1.562016366333777,-0.29397763561691814,-0.6000795569281907,-0.5756145445222803,-8.48830920602052,-0.04389702610646934,0.5070725795177374,1.471900027444846,-0.8657920473298162,0.8205658070240403,0.15097185343995434,0.38403330728545015,,-0.10270116363931264,-0.2503362407148012,0.059595273350016784,0.40137565718697593,-0.4310534199899006,-5.627874566001625,-0.5159920115958452,B,D,C
599,2,-6.710659571843579,0.04470136818047619,-0.02204607928611134,0.016194052441582084,0.09446282880015643,-3.215316935938168,-0.7836437299752232,0.3745927359006389,0.2521577203325127,6.037693509541004,-0.027328045808296036,-2.0418724038327327,9.085524121533213,-0.2434351789084667,-0.5478651159341906,-1.7474495419153955,0.18494266346729482,-0.03990308373892581,0.3731579509223508,-0.1389181973137633,-0.537383277391436,0.03592883109601323,-0.25645813972846754,-1.3397162123684037,0.5997242317103829,C,A,A
600,4,-6.089866690430059,0.21561281132256677,0.25527019723733574,0.01289054861691269,1.4066693839376905,-2.2704953658920584,0.49689587866220025,-0.16621911489403027,2.873408430407288,0.3732615884625697,-0.5159001213516355,7.809611994856823,2.0538691541272796,-0.5526574560739292,-1.139498386938239,-1.3881339720491395,0.44277125038803034,0.1692983512509643,0.6058268221395027,0.39034744829612733,0.6652777920646229,0.35190664352287343,-0.19454646151856672,-3.942981639501526,0.3244321679053957,F,B,C
601,4,,0.22581210926532133,0.22454600083989848,0.10027007391139003,0.41073709065683434,3.5049882648357356,0.2068086325203353,-0.2477497889393351,-1.6205036728609348,-18.699514110578328,-0.3372905722658977,-0.5095012284425321,-2.486496312483641,0.6553022266624481,1.4456376584012802,2.067811871905853,0.4397863473491932,0.018600568883684946,0.5459784537776136,0.021881176877564835,1.8284456686049446,-0.013942548007198912,0.042335580791623556,4.6389644170437,1.9220176640929885,C,A,E
602,0,1.872642756611431,-0.05587464906465153,0.2500531378951341,0.20090750924299933,0.39975694355188973,-1.2820782601019547,1.5431389706144025,0.5993705745506986,1.10862428428478,-24.094764560907763,-0.5905126038203958,12.370104983569611,-0.040738182205737127,0.3201118028716937,-0.7243079717958365,0.8387156182912829,-0.29855420874675526,0.03861082892045949,0.38623675423467707,0.12994151943929583,-1.644405263411477,0.07409610488466302,0.7818042672978897,-2.245208377580669,-0.6412191104004791,B,A,B
603,2,5.850983493009846,0.2756833285801341,-0.18495483386661252,0.061385366190938366,-1.530503423327338,6.531890056616147,0.6050475323496978,-0.501568614286107,3.2239540035617416,16.102383693716472,0.2251339440216311,-0.9321901802064574,-1.267740338191724,0.7826864775054887,-0.8572236920063706,-2.348783199987347,-0.6231291492082318,,0.5239767063407348,,-0.6020171212425507,-0.03587240664138604,0.9044186993368956,3.2203681440920513,0.05745569694628714,C,D,C
604,3,2.049128763640265,-0.19778103042359854,0.005504470189814429,-0.09517333777638201,1.3967565440821565,0.06237623457951248,-0.2757347613676282,1.111287146896651,-2.151445458902325,8.65878207342303,0.5026456696675698,0.7756280237702814,0.6989044419526743,0.17757411209556007,-3.0446309072759528,0.9258400670930841,-0.14485361895075188,,0.1835023338141527,-0.29875578301581673,-4.866423937699285,0.4827496557451416,0.6179327396373226,-4.307547588832939,-0.6965220430640292,D,D,
605,0,2.393969158561682,0.40141454077697064,0.2624372232613947,0.10973363491658879,0.6708225319348472,0.6054614620830241,-0.28375159712705733,-1.6646163552403173,-0.8325000204360653,-1.2870042995587974,-0.16631958789178894,1.902308276507015,9.342995961821108,1.3169707286625898,-0.5086739226451412,2.5226259191775067,0.1833111761635883,-0.1679129937104813,-0.2120955063110882,0.6295027289936492,-1.3986487087858668,0.0911323248216706,-0.5242802861738178,-2.8604920847890742,0.6282335823845318,E,D,A
606,2,-2.129575390812915,0.1522594193109134,-0.4882803502297197,0.057584866307321333,-1.2198998947199102,11.069093560864777,-0.5914696199801344,-1.4194438802352647,-1.2865680718904835,7.03783254109775,0.014726522305230737,-0.3417971965147791,0.700469473308832,0.059078043537771345,0.024018955066039516,-1.7580915562285824,-0.15900415955845437,-0.00557973657522476,1.3270558132811647,-0.347021239832693,1.0814272888729846,0.13769474274688398,-0.6938929523206596,4.780420147124059,-0.17108981563589584,E,C,
607,2,-2.812337699389006,0.027686734386928594,-0.1227265319191782,-0.024825858327615382,-1.909636417427989,-3.0117878573914294,0.14805923786978162,-0.018712339626941785,-0.9997087209245104,12.880504367991495,0.27378649957068135,-1.256454739038319,-0.7140814788970672,-0.7643090701229636,-0.6900122602526743,,0.6524748755043585,-0.14383654947753086,0.7549390717228638,0.15849584546662884,2.2828296245670345,0.011963970874776705,0.7198792671030474,-2.0187677508013446,0.1860639199003652,D,B,C
608,2,3.496154884811466,-0.07230665153213438,-0.005015105566881772,-0.07254835595071524,0.5527010588849087,-1.3164717653249927,1.169684358414116,-0.19749784131326972,-1.7922543763872347,1.856802835085537,0.08150343303165418,3.3540200907026554,-7.115395630907925,-0.7376668128571017,0.8799102953966507,0.9346321369609122,0.2416490608527273,-0.2242821250400376,-0.9285416107950107,0.15331658914883237,0.344937396033665,0.3047886403815008,0.07665145329527215,,1.0680410097654696,E,B,A
609,3,3.919097770333301,0.2350610042553649,0.007010010043391215,-0.130729522720707,-0.6154296732049589,8.864897592571557,-0.20599161992237022,0.9025547991148729,5.015660813967713,,-0.05344997206035426,-10.091728478689244,-8.667901904590645,1.178106349553777,2.0711870200127342,-2.2782153328719152,0.046077184814981534,0.1565482495375102,0.3871306058016532,-0.11301699038196683,2.6196072589283226,0.31080642720890056,-0.05014023370246246,4.70554288783286,-0.010862736972634427,A,B,A
610,4,-3.7237264262760372,0.017516248466214378,-0.0706212648306211,0.023263039515874242,0.4365968663321269,-0.8313223177407816,0.420427113158029,-0.14949930260933472,,-38.4927342874187,0.7604016137426274,-2.623520603282494,9.031764749297935,0.2861048428560077,-0.5607659315509105,3.7007655239347184,-0.4515097845826146,0.11914499119726131,-0.18013850055345115,0.006746794073189699,-4.8694799319139115,-0.4764041939828043,-0.1958761299555453,-3.045367034911586,-0.2647485980920858,B,D,B
611,4,-1.9519343726985645,-0.0055021985946600935,-0.1398174057112715,-0.10548012942764166,-1.211529096384063,-4.231401739271899,-0.09217272506111054,0.5883037538710048,3.5549141897071195,-18.3392234438317,-0.26357553836517805,-2.7131458281857577,3.52833138102871,-0.15496256385407167,-1.883926536378171,0.1095263039364962,-0.9932832927683548,0.16337446384804205,-0.005674107541998668,-0.4636408396904927,-3.279773096866829,0.1453605321003664,0.07029906678678706,3.0651217101808124,-0.03486931048544058,B,C,D
612,3,-8.101565923342713,0.29639684557062324,0.6326675487799008,0.05690362428429624,-0.3045092564931151,3.4870801612712747,0.8041909607852645,1.2306509121402982,-2.506426462204143,3.2132146754063924,-0.30258226189370513,-1.0156643433205585,-8.330939355946862,0.8457693849167373,0.9554862703612667,-0.8086348895577796,0.7494299605115131,-0.03755339252848386,0.8145038522053877,0.45178669501194635,-0.33297863685437523,0.1489786514837642,0.1295225093730793,3.1676430535056217,-0.9726733677577442,F,,E
613,1,0.2955612289164657,-0.2034055087585488,-0.027490977973259174,-0.0060564078695647516,-0.601065257740669,4.69514019674095,0.7345903193940632,0.6855013187198244,1.464682863746107,-3.5004768262098627,0.08780953133939069,7.684074220381309,-1.4403087388402087,-0.011520726766319742,0.0021548876868296087,-0.5769191112313511,0.412932673992865,0.11365190628693392,-0.05224150957889969,0.27579798864928196,0.16210746250282573,0.1656106689877622,-0.4514067895114419,5.280330733383552,-1.1059681417700276,A,C,E
614,4,-5.70435368388824,0.3612558355925009,0.07860653617520279,-0.07211723889748818,0.771374462805799,1.1073907934196825,0.006219345467572939,-0.5222391373500732,,3.8278756540741186,-0.2482931848638519,-3.515236467614972,-2.507851309859295,0.614622038636187,0.3154037401531959,0.7424917659086419,-0.23844355340736478,-0.013605330523154385,-0.682438247788502,0.0016665151140968237,3.611557543956968,0.4689477317019592,0.7273877016721647,0.8871701424346702,1.08311035060244,F,B,
615,1,,-0.4113408865959519,-0.6553421949753273,0.20103551416436444,0.13643978743940335,-7.109641214561509,0.008677595080373676,1.4274303169002687,3.798277959631162,8.607185983607481,-0.40966788308604357,-0.29015093274296444,9.946954056617603,0.41014691430041644,-1.0529762407699257,,-0.0865110258110795,0.2674140167072337,0.0788843356541145,-0.08348338507677443,-0.7833407030915567,0.004922201530706728,-0.36750279515228956,-4.496437376335454,0.1982374072020906,B,A,C
616,4,-4.809431921156884,0.4478262515634325,0.30295586394132773,-0.04439263761809846,2.097842977986453,2.303599481224846,1.3567175137032468,-0.15617283319528372,1.2323983570125918,5.518811241054989,0.6679557074706697,0.27790521668852564,-4.644586129176734,0.2454393695206772,-4.463100106454416,-2.081444701436699,0.9389705778459373,-0.12460174277283136,-0.5137238581241816,0.3240694853837333,5.575202998121801,-0.2389678507879967,-0.06048748732878628,-2.8168772613226634,0.7756992877816448,E,B,D
617,3,1.5603807835270935,0.1848114001702854,-0.005221996001812202,0.09797477305049307,1.8595664902365334,-2.160448208424276,0.8512599661634618,-1.764823808795672,3.453485505463413,,-0.24427055007039866,7.1212248812749825,3.7063046706452063,0.2459230435990425,-0.6154985704928292,0.00010393294278138934,0.27335397641111286,-0.11562739264063958,0.8080411433118162,-0.04831364816149993,-0.9723423380702693,0.04023144895368243,-0.3058145589085362,-4.94978885844915,0.3606688324028881,C,C,C
618,2,4.173064577686995,0.4825136440814977,-0.19978761314766216,0.04479561273452262,-0.34155814772606535,0.16857307073643604,-0.23651422193703656,1.1515029323018817,-2.71404119731704,33.23854125491969,0.5894563388256643,-0.1187202958902158,-6.730106480019867,-0.843733052918366,0.3344352012925886,-1.0236547216705216,-0.750857643920001,-0.10375409343675747,-0.45056753454953563,0.01113808935653731,0.09415561079526184,0.07260277961107593,-0.3112744584513103,-5.722618255272551,1.4071713110894117,B,D,
619,3,-2.2906516590872905,0.14095932328963096,-0.00796150714351479,-0.03280702333190136,0.6978520130308704,5.000912984874801,1.7035891380778192,1.6671574002842204,-0.6263869491255324,-46.35703098484315,0.6412915036350336,3.141660648791429,-5.5193588269795875,0.2268503594878587,0.04805616960678249,-3.3039252083929287,-0.40996030437128395,0.1341451222971083,-0.12324452920977368,-0.309032362402705,3.4701640048854805,-0.10249227731939807,-0.7531015741070195,1.1543425699158134,1.2763494873084174,B,A,C
620,2,8.515794331516684,-0.06281629706006708,-0.12120392043218281,0.34545643208336835,1.6954276438138753,-8.985365582637519,0.6290978729930813,-0.10000016646647898,-0.8861363171234933,19.00303369769019,0.16913318211340336,8.729502013995134,0.017657177222901745,0.3104768642150602,0.06517578509246309,1.6200000772559155,1.0773725756193289,0.03799553489559379,-0.7145153095669174,0.4419414265523137,4.366718971930553,0.005438044378065063,0.22550948395407924,-2.280909401580243,0.05447160784606628,E,A,C
621,1,-11.420554472315636,-0.5222693596499307,0.15818324934931446,-0.08343215881103902,0.20880421610205271,-12.304157413352993,0.6473821184793376,-0.02301756911521856,4.45968810353609,,0.45521275040327297,-1.5765768702248373,9.98496858850662,0.10221190391318238,-0.43969158015463455,-1.4420866282523104,-0.690589316649413,0.014769645766123796,-0.07806088197069463,0.29270784243728326,2.304955808553153,0.4256441994989579,-1.136137907123212,-3.2697975658087723,-1.4311690059908173,C,A,C
622,3,-1.9104585934101226,0.1925092492131978,0.21584328588691973,0.09638582088707481,-0.7940712186781114,4.804841571008066,0.9371920456120897,0.6352132221653197,,-15.762662907082134,0.022707976227402688,-13.896208425919763,-9.44663587736294,0.48526114630797934,1.8854202629042423,-3.6959760397954566,0.03984465767105047,,-0.4642771466214872,0.2723025825080008,1.3095091903356844,-0.20396654890124746,-0.577951918714624,0.06682900253995366,0.03966443724805858,B,D,C
623,0,5.445475169263538,-0.22360666994995418,0.26883481136658227,0.03098200743795759,0.26684620719698077,5.95203184823249,-1.4788204151124469,-0.6385680991873053,-0.7729943086812795,-17.376392247314385,0.21713702986973246,0.22043428889968256,2.7052283432617106,0.7593094727126479,-1.8070505979657714,1.6763056005374641,-0.22666922255088248,0.13949039120012022,-0.6271989772133292,0.09301409040184003,1.1269059753201938,0.03696280688881297,-0.45235088013762975,0.5833715184365104,-0.40285025217403847,E,B,
624,2,1.975162800049227,0.3537253484688935,-0.30406312604952335,-0.21283303787766952,-0.9262086881779743,-1.449820138069664,-0.3328989279941872,-1.2551798739036215,-2.5410522334899137,40.974440321889325,-0.006257010739027336,-2.4148366183793195,-14.369126343550779,-0.5319052005246702,1.209735884345683,2.2156943111693623,-0.015422853812128687,-0.10807066082104079,-0.013944153615413696,-0.46521680483836086,0.7784663404372881,0.12472195958372848,-0.8079619814536952,-1.7717063096752983,1.5704969625611047,D,D,C
625,4,1.0592711878446235,0.18908626367105943,0.08625422365623454,0.15086927084264423,1.5436120463194025,5.922631089610581,-0.2304706402886143,-0.08814414713950572,-3.8317840640795526,-19.756831628479652,0.5304878227515085,0.941969648508515,-9.860971088809816,0.7217093426189032,-0.6203065893355828,-0.36065857288049424,0.6343117449370099,0.05764644205608337,0.17515220497853717,0.22065425046434725,2.636555590148788,-0.17989690342102374,-0.06924128149430134,3.0489957783878374,1.705000463600002,A,C,E
626,3,-7.395355773350626,-0.05948689436376305,-0.054633254076201926,-0.07134463210988745,-0.3658513223763486,0.4280142246041104,0.20758627874590763,1.3170485537857226,2.2548599819501702,15.458541465239808,-0.07871556535268398,-0.13292495923355746,9.318498189499723,-0.4697297718951709,2.1849009093549165,-0.059131344309473595,0.6641917531546092,0.007584889341743512,0.599004025844032,0.044704239984235915,-0.004050323462766439,0.025160086254442195,0.21915936498547617,4.969898941516069,-0.6769820696117895,E,A,C
627,0,6.055418535743655,0.7255855459808741,-0.3033023359079478,0.017458376563586286,0.9908130878175118,3.833175817870138,2.686748390114931,-0.2427485275075481,-2.508218315093245,21.80810019211757,0.7050026868210901,-5.344702814901557,12.00426910794926,1.2600993431759084,-0.28867139210976095,0.7433223490945826,0.19571834806843375,0.10643054949218278,-0.23891910079911877,0.29690975361406774,-4.57991502219167,-0.2676313877445486,-1.1035970541143314,-1.7552211339138817,-0.2669382524898375,E,D,A
628,3,1.5900292761894899,-0.018975429471759883,-0.01859683984394386,0.05335143728111617,0.8753617141588472,-1.6934488245919834,-0.23671195405718604,-0.9993170118392192,7.35837044139018,0.3032379001705379,0.9019861079873088,5.221274524659377,8.386138169294465,-0.88526080727478,-1.0052658040196387,-1.4756153612143346,0.3568330531077716,0.06836185332176065,-0.2712427492106875,-0.23873638268836977,3.273649788326609,0.08656362306765505,0.28756983122191365,-6.2680161356053565,-0.5422775390567033,E,A,C
629,2,3.7660960187288284,0.34556260743559747,,0.11717270983883736,-0.48523501779386913,-2.9174332710129915,-0.5934415742259662,-0.4758518235093114,2.7331485968167275,-35.21118519174753,0.3208177494760132,7.71395875991315,13.118495434514756,-0.9434808138824774,-0.4853526057645883,2.2671008078388635,0.08349916241587402,0.029475276793418523,0.008603013650704702,0.35964853137925584,-4.809310808912011,-0.07530078982285308,0.13152528230136856,1.4036034070714318,0.12030692669685049,C,,C
630,3,4.805546072725773,-0.0931981178932005,-0.1847080563025077,0.04946036483118339,1.4114471443184515,7.453540888090934,-0.2221221193287883,0.03824474223413992,1.3658766964765499,-29.51153876008269,0.2452427241193148,5.480456647101679,-1.0940976585300635,0.993419946458982,-0.3926733336804336,-0.8796743781474795,0.15511987989181353,0.29617225803895775,0.21645325602400892,0.13845069813387087,-3.649546765449866,-0.392855118596793,-0.11568126044418983,,-0.33216831066059244,D,D,C
631,0,6.3716223676680785,-0.15236006105976474,-0.09046059893365248,0.028985388553986552,0.5605299142672284,-0.9632452922364811,1.3727642851520279,-0.16760681328325028,1.821012557726817,14.842568277605883,-0.23419157054922154,7.449100236477502,6.517564262945482,0.288294198656662,-0.33328146403639997,-0.4504856747933127,0.4417254914208989,-0.06663101273923512,0.8940060591850497,0.027896986364386693,-3.629120521548355,0.03662511914020252,-0.8944138902035664,0.3322849300708453,0.4745272003290187,D,B,
632,3,-0.7556343709058078,0.23122111870326606,-0.16568254758229395,0.050919211229532114,1.0856240872542495,5.923247070648747,-0.39159011433803104,1.3068058633926587,,7.528297926146779,-0.24814785240448448,0.8327944729850123,-3.0999170868629173,0.6437879088192118,0.7337708762204048,-0.9566537398099828,-0.2612390725392781,-0.0267353147242297,-0.36755469993478823,0.27682245354340806,1.8840873928632784,-0.28990004672819536,-0.23204234325082335,2.8690198239810116,-0.5081285989114022,A,C,E
633,1,0.9555106555623313,0.3788797521182453,0.15025593069653792,0.03036908885382119,0.36848060186172227,-17.32654691089635,-0.09201474534684037,-0.07985073105318342,-1.6811582404541512,-6.110086055958433,-0.025349756164048855,8.07406328672886,4.913963625369358,-0.209018401968613,0.44420073532091675,-0.6627002239179076,0.5963356473367012,-0.13891691621715185,0.14750720874714798,0.023939244850655347,-4.550093266131189,0.3899428244260099,0.36701504341525326,-4.082935713656364,0.0959929854574536,C,B,C
634,4,-2.737046107656394,0.3370472657109675,0.05343086583697286,0.047911561727834194,1.369254111762178,-2.55914872814821,0.5167753604679628,0.6971075261643644,2.9820155547150184,-9.95891070439497,0.24934296767026992,-5.448713110636738,-3.6091011565531197,-0.22669115317063285,-0.48013665291320945,-2.1511014158743453,0.2624862447425632,0.09287155185621006,0.5127640100895311,0.25623830962273064,0.5548501771004828,0.17164426879928196,0.2963987827611731,,-0.06180753420657524,F,B,C
635,0,,-0.2946908061535818,,0.0682129029807588,2.5917105262027857,-2.049601523007534,0.9764184082327588,0.47125687021448687,4.843540718334316,18.941773137232992,0.15971054465742865,5.853552676990901,-5.4363764360953555,-0.6001135108940419,-2.5428391650812388,-2.9627742774350447,0.16779163102927447,-0.10262472784416926,0.636923459657574,-0.06356437665064917,-3.3860987230445754,-0.3837529449782556,0.9430568238979189,-7.645006819445857,-0.5128747836300844,D,C,C
636,2,4.8670043708023005,0.2207542380952546,0.17543539731826874,-0.06021110375492011,-1.8826656383759035,6.427903590814226,-0.564494612436242,-1.1436536237748498,-2.548279640143661,16.175414112951845,-0.11665526465413144,4.159736672675242,1.2351015406539152,-0.32696464474182574,2.2512302843780376,-0.24658546313876703,0.371370668150731,0.10340885614192113,-0.4219968488128263,,2.644793938659704,0.032287684604349734,0.48961563615690845,-4.521601325754347,-0.34544319636126963,E,A,
637,2,,-0.33738972064733513,-0.19514036516803313,-0.056029153586240846,0.28403847267397114,1.9769531957429247,1.3390312207731205,0.5711747339820697,2.833151538081202,2.7636586288315073,0.13865780793944896,6.386510009987795,4.927492066364164,0.24602280498285037,2.1322100782890745,1.3649042578341997,0.006651195418701809,-0.0928294279833247,-0.30499398247837073,0.4494198685472256,0.01563139922246931,-0.25532204256227287,-0.24011703363803277,0.47715256708458864,-1.2063281319277492,D,C,A
638,2,0.583470907308438,0.1445216459933489,-0.05073155422182776,0.09754264213581862,0.47874645497319473,2.904180991130791,0.12535644076073368,0.16792258825291478,-1.017983791214326,18.08203855333856,-0.05593042715754435,-1.0461576114280235,12.503266477573089,-0.2116759129873169,1.483443417391011,,0.6911502672267017,0.07533656675106262,0.4082057860015746,-0.0728178905688446,2.276887878083991,0.20279828816198056,-0.4865275137701411,-4.020803170462538,1.038864346999694,C,C,C
639,4,-6.251012811088106,-0.2672197840490949,-0.23418100672435296,0.15946364848737957,1.49856127024423,4.238625497703613,-2.145593587655892,0.408425438569734,-5.359538498192227,-12.083893447406728,0.062091815988517846,-2.5674841174365812,4.0895041993792045,0.27822808218245354,-1.9943830923467676,0.5962178693910476,0.08321805083923113,-0.04186148355320149,-0.2972505721131068,0.21016539864851194,0.20790784280290578,0.25639736304627336,0.5698807070603783,0.3273742280690126,0.10974017661466515,D,D,C
640,4,-2.091465898265519,-0.22302497514179503,0.4176923973592915,0.049161259405691306,-0.6752722296468544,-2.570208706085222,0.04622915801830757,0.5186839350269226,,4.920618514113692,-0.5447069940693868,2.28721690444993,1.3506155676548497,-0.6667011842370131,0.7379992600562358,-0.009375960855530864,-0.5604162209758362,-0.1467440203671529,1.5591579704961258,-0.11762461194652074,-1.4520780643435183,0.19752560357215154,0.028851537443073318,-0.9362494592077442,0.7755349128671776,C,D,E
641,0,3.0510981137473627,0.1820988500107311,0.3107614760515521,-0.09194511934858901,0.3005459199845943,-4.025413978502829,-0.09642619599612436,-0.15162762735494298,-2.512467049560143,,0.2954164804663301,0.15399716530083093,9.998270762665767,0.749669062065715,-1.6603131664604456,-0.4018907356733403,0.533977875577339,0.07375667598918662,-0.5891855657332405,0.22645475865963813,-5.738586010482776,0.3607885096736849,-0.01369266460112933,-3.827023091521829,0.17366298521038553,C,D,
642,1,-8.748887724165538,0.052522262894562244,0.4997401243105369,0.2633881140436521,-0.15603958351867203,6.963711907897825,2.606175783587346,-0.38412393195055194,0.2498151777021074,16.05562467288228,-0.1761605772068373,-3.112001379444584,3.524340934482866,-0.39057468099416415,-1.2945540825012507,1.0827200099034093,-0.13384746864752198,,0.9864519613214714,-0.11962508659615993,-3.6577137415113854,0.15841009773324533,-0.20268336065565076,-3.0217793106969535,0.030904540727277136,F,C,A
643,3,-6.310774872099878,0.3120745288714456,0.039361285019297115,0.1577575703209114,0.46868280476905877,3.4933624780874912,0.3311574297822183,0.4399919399033407,-2.3182761038193025,-5.236314854267997,-0.042976026965826704,-0.8483166864796899,-3.80190872734428,-0.3946380402824499,-2.1184841642734376,-1.0441652465979288,0.010495071865175436,0.11726974113007148,0.13848191847400837,-0.04494148026821025,-1.0504190528590232,0.08436092998878354,-1.0587500316990408,1.2424671280681892,-0.44059909526101065,D,A,A
644,1,0.5507927152055329,-0.12547149985542788,-0.20065889522365785,-0.01912940808430179,-0.9371572998737958,0.34597106918812087,-0.9568912386314997,-0.6275555075783589,2.680001624130064,-7.125895862201529,-0.4693107549694608,-0.19066742970664408,-1.0710021075319267,0.47148310509902586,1.1101308371831122,-1.524652194704407,0.3402637676881277,-0.11879129368920785,-0.24212754173183157,0.13671872320238898,0.7316689878620785,0.04791179362725065,0.5730282113860014,3.527588023362309,-0.6048684104300632,B,B,D
645,2,4.024067700277733,0.2957802427645169,0.33046259439250014,-0.07211705746221386,1.0722006147925496,2.1525552573862914,-0.5957896397855328,-0.24540738330771755,1.4436130553308666,-21.502069733241825,0.1513707329677819,0.6223953922051135,11.592283264444601,0.5763002473367786,1.2315045520903092,2.0317161046919594,0.34554505601189384,-0.20824224833625304,-0.22855880293999165,0.3551676599899845,-2.4825999201526194,0.420460784656531,0.27705359764320514,4.440998046318245,-0.09928694266810194,E,,
646,2,0.863857190175207,-0.5610543780665577,-0.24317764180444632,0.1323016430000446,1.0939449259262422,-4.698979521552243,-0.1980931986899609,0.7484232247153055,-0.824746327434357,-1.286789910419912,-0.6991466406960654,-5.564441484564921,2.0897828592045222,0.40712340621607657,0.15045715632628395,-0.5668436009192456,-0.03717589631425926,-0.2051493282078291,-0.16645349474145704,0.2447090853608387,-2.4513717086892486,0.15451496424344302,0.9969036916850518,-3.2573696975656374,-0.7308005452942546,B,A,
647,1,-3.708999498611897,-0.15721253793754145,0.6212794765541914,-0.14462722758665195,-0.7260346209416686,6.6203259782637565,1.0470802646302124,-1.3911776163689002,-7.46337541689373,,-0.0055802039644714556,2.3847656072528567,-7.734257392473537,-0.3230959561036331,-1.5285322620874577,3.362875353786058,-0.26696702491949553,-0.11406179289871135,-0.9573363996113422,0.14080291547837753,-0.3301887621395324,0.18933183246621196,-0.18013251731322352,7.461006833924835,0.3584388751172898,B,A,C
648,1,-3.893555986162104,-0.3888145028424713,-0.05279083364743907,0.11470676055458941,-0.6341566701825443,-1.1517135312088922,0.3100595651373782,-0.6606441573665307,0.6143002599946236,-17.146863643000774,0.1621784764391887,-5.9152136820793935,1.5846832570118645,0.8828567721779488,1.5447580678881596,0.414160169720098,0.26534986970818664,0.0808352079590136,-0.3171233285593514,0.258409950828735,-0.29527404138200825,0.3022661912652728,0.5680729073748344,4.7479451985832,-0.009577352546556565,B,B,D
649,3,6.181992772859279,0.35537586673187127,-0.372390673508925,0.022130989047820907,-0.7509763270023746,0.046922379519224525,1.225070233794018,0.17406543786683054,-2.3180665502618263,-1.1641632792209247,0.02998543706949537,8.401261517436186,7.894763593418613,-0.14153271796001407,0.29692668590766497,-2.5673312310155483,-0.16589048070181653,,0.4710064449726742,-0.19033895437266488,1.4451592100916446,0.4639149948545883,-0.20639456027741235,1.218142520444635,0.2248355003384739,B,D,A
650,3,3.5919514965368786,0.6297533386224454,0.025039179296653627,0.09784837838974761,-1.3167118853045305,-7.738906256888945,0.14236928255410772,-0.45039971985597865,3.282942884943765,0.3493964564837185,-0.047994599900229015,8.126575070776271,2.4889918715622645,-0.2753228231199399,-1.3211748362310909,-0.40225873511906746,-0.003400298704143234,-0.105149552835845,0.5204293951034672,-0.0532740178106726,2.426361151080161,0.4136010400217723,0.8795333116259181,3.551479246197741,1.9378815693345188,B,A,
651,3,-5.049190578966147,0.16022795024737674,-0.10130441640554991,0.06135496256993924,-1.1549403682248591,-7.284793555343879,1.7162018639371077,0.31269499381345045,-0.2861867643583853,11.048477523413876,0.41525645503106073,-1.662050473542645,14.1697913219022,-1.229241269594539,2.0795972535708365,,-0.3129050628343209,-0.34475969003017926,-1.2158749429352511,-0.21232966555107768,1.6699620225975902,-0.08629851783662196,-1.024545127160442,0.09763107272797351,0.4001169406011643,D,C,
652,3,-0.8145383914629092,0.1001302779445769,0.1916122418867446,0.0939994535138819,0.2560154156459653,3.0935356863178294,-0.13340966006277208,-0.7366597203457941,5.500332705196508,16.07223108193356,-0.16142443248938604,-8.418027933106917,2.1010361539419287,-0.3305057807524948,-0.5540459626641674,-1.8753299733145061,0.2964769579982536,-0.2654053751708614,0.12219638961632691,,2.3227218767415816,0.016407527921685497,0.13053623681596305,3.1523787906790655,0.6491661450010553,C,A,B
653,2,5.82831368454508,0.3880616259458663,0.10366235190285919,-0.16283546704380125,-1.1686144618397512,3.676678646642475,-0.26583194280523453,-0.5019811868009797,-4.276607625791969,10.974431538717525,0.20477263184815264,-1.2231237718765782,-4.956093762589178,0.4503421347699677,0.17347814093859557,0.3934645706680405,-0.0936844031898237,0.19418062023152477,0.06933015814437364,,-0.3367181070752457,0.01104191867489963,-0.3025684749479414,2.9242952119001235,0.09294081163830477,F,A,C
654,2,-3.7725172305088015,0.1381083273965653,-0.05739028186387539,-0.01628368102590418,0.3885132457059339,-0.5939585811352457,0.19810133542169248,0.49012568276542784,4.094162594616023,-17.29092315220367,0.414974423995885,1.3002544597955614,8.87085408959589,0.30036023919949034,0.06541235360412571,-1.350990547246481,0.7010860116352345,0.10506211145388226,0.18011182814401014,-0.0492125670057026,-1.6029710886525133,0.1987588093042967,0.5348280962367965,-1.7780498385148513,0.4368475462928533,A,,A
655,4,2.269877673434885,0.5915720182017253,-0.10691918490165238,0.130216745559925,0.2921026580833888,1.115394642968148,1.4487918956018466,-0.9906335184330775,-2.0701942072691066,-23.271814071573996,0.3863707418956846,-2.184481244940169,0.7137350234229334,-0.20299435931399942,-0.5035627698890451,1.8678462619997167,0.16799982948487743,-0.13095414111394468,0.5305513549782079,-0.2114955725292414,2.194210810644345,0.14051620979608537,0.5135271070892294,5.837722023414028,0.8608990247970173,E,A,E
656,4,-4.2907179543649825,0.08889680744569112,0.4910386455450485,-0.1516312533926909,0.7782270073354053,-11.445341562746863,0.009262237099945775,1.5749267141996648,4.572135463552812,3.7378909499397697,0.35955974148128805,10.808821325616076,3.947725008620515,-0.10743851374725825,0.7684521318312836,1.072868844462766,0.31830673154585437,0.17989590199856575,1.0169313743681483,-0.055805026596492883,-3.487742727246834,0.15943327033972993,0.5592987640110831,-4.6057179030886735,-1.2008731656539648,B,A,A
657,3,0.11275318796526973,0.07802286089052812,-0.35913469962058275,-0.13592313506221304,0.35280111246717777,-4.241576080575485,-1.6529072060011638,0.3021701031200239,0.656194992109353,2.5848621027653924,0.20870182004382812,-3.2182886371501938,4.329452618781938,-0.30709690489685,-0.14862788068432814,-0.6920178974192475,0.08785560226695276,-0.29961629636029746,-0.08270760716810262,-0.21030051166450095,2.6032972097599134,0.00725244477956396,0.12916685233184252,8.88310901752864,1.254464203139368,B,A,E
658,2,7.268682718333127,0.17136815506576328,0.46215333092852623,-0.06762413082723674,-0.8904678856997891,-7.808522258588601,-0.3061455559308913,-0.9338188625739086,-1.3396249885747267,-1.2652770082774172,-0.020018808270045183,-1.2861077779416485,-7.684287184289529,0.712413766024757,1.5234413791112682,2.087620232608713,0.18394134148717756,,1.14926405657503,-0.03813955066343772,-0.959836897774145,-0.1830318177089113,0.19989664122115994,3.5992860923017145,0.47592601294537706,C,A,
659,2,-1.3678516488690038,0.2589332663213252,0.08807056006517879,-0.14700775826031715,-0.671901029927875,-0.19136240276665503,-1.1131750298031968,0.5633182735309538,-0.6591465928580731,19.98427969671002,-0.6719921234550962,1.5223350293930167,-8.77339914485629,-0.6833463047649146,0.7339424493749035,0.9127436533706542,-0.5194492679342702,0.16366827711279278,-0.5321486416365645,-0.3343303689675072,-0.5644997045534043,0.253622083965361,-0.19694533479027035,0.6901051089285556,0.506709184812669,C,B,E
660,2,5.626237830986345,0.15475774258844843,0.1853259647486405,0.043556498938364704,0.9063551714284412,2.1463223888664675,-1.0320214772890706,1.5627570877584072,1.242142563936554,-9.245452897469168,-0.06918441526176436,2.5545501649084623,2.280200809319941,-0.12256827474351224,-0.3220377262934563,-3.036445370010042,-0.48622268668374913,-0.002874005355234473,-0.2799953455065877,0.1662340220691648,5.6925085335066985,0.255995706644364,-0.6737315710393329,8.210586044012992,0.06569419534126224,D,D,E
661,3,,0.17100950307820006,0.17673619985282663,-0.013919568956581196,0.05034615080301851,9.321832893960243,-0.7916848748235823,0.5365831956517806,3.1723258705993453,4.800965297078954,0.696962866579869,-3.0950195914753995,-2.113054779395929,0.3377961227293791,2.498191938710123,-1.8397318905152873,-1.2283352214446315,,1.0078026652401604,0.2416459194251304,2.399670760681256,-0.14211381416684699,0.03231151996877094,0.7587893567773236,-0.5177787595738108,A,A,C
662,3,2.7075961109010076,0.3972159174888837,-0.7405088788555159,-0.05216322871210945,-0.034170079390347836,-6.808540056603342,0.2421213564456966,0.07671611072209036,-6.584830753507233,-17.242771813907275,-0.1951320340030523,-6.209083465674544,7.895688197556487,-0.24831907236832587,-0.566531736319909,1.4221669658784755,-0.2544543800328868,-0.11845304289712111,-0.15523270987473142,-0.72525500990357,-4.041366902145988,-0.11020276342242828,0.14688220656740963,-5.080544673762338,-0.19196953991330348,D,A,C
663,4,,-0.12401993245297464,0.275609497576551,0.05147584471295953,-0.22549100935186717,2.7828097606850317,0.2575161565542913,0.14133260706530318,-2.7248835299444565,-6.198062892043358,-0.035042865523023395,4.44594861568717,-0.5287101312467644,0.857355583835819,0.6506174573966521,2.2485307403023436,-0.3515184683509868,-0.1689533185199345,0.1959715909843733,-0.17168875401264408,1.1822287267959573,0.025659207456944493,0.03172762447906529,3.368181842451757,0.3977633689627708,F,D,B
664,3,-4.261401500953279,-0.16073678742030595,-0.1110026160038513,-0.023154293632957977,2.2368742795149723,3.3044793313834298,1.230607749691889,0.057325121493257504,3.9250665513230274,10.589911730429694,-0.29958154578701984,-4.514896862701445,3.548818952599317,-0.8672307379310259,0.24586473127432015,,0.4088017089172783,0.12369749829513495,0.5506029282549989,-0.25577892016330817,-0.8272369794905615,-0.02907394152605734,0.8877934068298002,2.0915786090948507,0.5506445384130394,E,A,D
665,3,-1.4937546188817266,-0.3749623995419384,-0.8726250137073985,-0.046139255026298384,1.3715589211592343,-4.007936870602635,-0.9683349617004875,0.7369120315870424,4.737710784594511,10.172366139455356,0.15575916360294828,0.8671806822882152,-13.089141324036424,0.8767172343391737,1.8258476286657621,-0.5420068225171117,-0.06003201222976679,0.10990318964999134,-0.007021842659027795,-0.12772414211820549,0.1713620669943623,0.2734878372975303,-0.6907795100096685,-5.9238284468229985,-0.2754411186183761,A,D,E
666,3,-2.830191723430826,0.3936955616809083,0.18404923459708358,-0.1284387244481865,-0.2484793683354294,-0.3258561970231891,-0.23475873933137983,1.268679250917004,-2.924576849884618,5.417788766583233,0.05166679999954321,2.0281201444355363,4.366561447586639,-0.6082716585946327,0.7383570976999353,0.3291576616676964,0.29574839266757336,-0.12074908149167428,0.34005061373893314,-0.07515074677482977,-0.8922356078553147,0.03808009788908907,-0.866635313608441,5.885970274836883,-1.0506149927696196,E,C,C
667,0,5.274268864628508,0.35560196716986764,-0.6814275532184177,-0.017485728299881414,0.24824197940005674,1.2787750185819033,-0.6810687056142336,-0.31140191976665615,-6.150775756616173,25.899639512006846,0.4402100578816945,4.145181223383618,9.051772430166915,0.37959800489744017,2.6710575106001224,-1.3130741828569734,-0.6961471306307293,-0.14141393442573094,-0.3926095014281192,0.34832857174505855,3.3056164566721944,-0.09766105460147557,-1.5706569192872555,-1.235375116753768,0.16229571143973176,D,D,E
668,1,-9.28014715791382,-0.07965136808194155,0.0644828837448449,0.08407548969072672,1.5905769465871324,-3.463624779349007,1.0099776955896023,2.0790092131110267,-0.3625240353445936,-3.45558228733338,0.1377469237709954,-8.357393548652857,10.321287072395831,0.616752598530796,2.0541838640343633,0.3456672597812068,-0.4309547445005307,0.1281678948596174,0.21095237697275793,-0.07706640993826804,-0.7750183373657771,0.08903520368030467,-0.33824973047459195,1.6121809816594552,-0.8343929005906838,C,A,D
669,3,-1.6592435527594702,-0.024694004509557388,-0.17343225426059722,-0.004944885963215198,0.68765613950232,5.063146895367534,0.00898236698890977,-1.9631470535068367,3.6875881482581163,-13.774752678458343,0.2761049223642681,-6.103993619414495,-0.42517570561943996,0.06314382351933392,3.2248024734655703,,1.1241196351122678,0.07291983374244666,-0.18664257921908972,,1.8703647642621768,0.17607356572187322,0.6158513980014919,-1.6701900264684404,0.28881780165713367,F,A,E
670,0,,-0.1187365416351388,-0.0645297754474711,-0.13071169117619727,0.579629939850596,3.7975133127400436,0.3155654407736181,1.2361353292715898,1.9710997711837335,1.2996167423701321,0.2796084940843078,1.7797159295369056,4.073276878930765,0.10348231476438906,-0.5064218039089871,0.4328419947154487,0.11222396709315008,0.32232679805106235,0.6991565029949176,0.34184547177722374,1.3098266656818243,0.037583020398229604,0.6353797724667787,2.9622483790990977,-0.4233421639686618,E,D,A
671,0,1.3741018755745784,0.13435214642082555,-0.018707302222661166,0.052341308177662166,0.40450704936362203,-0.7487650070440633,2.1392849868609,-0.12331099272871851,-8.128138866203113,14.792088573069085,0.35427916977402035,-4.221424704154302,23.38989764056365,1.5637515450002455,-0.6788590327975231,-1.0239010966365512,0.08051063068460375,-0.07472515869493257,-0.2763899065328479,0.3920447910367758,-0.8649105481002878,0.1400705302655173,-1.3627915215728126,1.6876148512885831,0.5975596371351719,E,,C
672,4,-8.38181907726867,-0.13258213173433941,-0.13415568000259384,-0.06814272903578554,0.593753486332702,-0.3418462955641496,0.34185480379114563,0.051191423652165086,-3.2881700238884535,,0.26476356241191756,2.474214541592979,-6.456431371071584,-0.2560712170106472,-0.6631469913723328,-0.7019972775381333,-0.49017397660163975,-0.02285711675048779,0.07169429489995079,-0.2761382290502086,-0.8336946246643206,-0.2792370659374633,-0.15680449370037924,-0.9777060000514569,-0.29361190901651335,B,D,A
673,4,-8.240757895758293,0.14245541572841713,0.17559143478359618,0.11030612609848123,-0.9522149643953937,2.1899272512093626,1.4332446291611871,2.585042393363854,-0.19695604465416053,1.0978554831885652,0.5564633579515124,-4.282900237656735,0.6181066148447178,0.4508935921799658,1.4808007723011936,2.99563272338263,0.3589168920816898,0.08221983138071845,0.08561543289612433,0.5294477784803685,1.9618714838870013,-0.17833816809427544,-0.341929912107672,-1.3585732138521351,1.8138018361291686,A,A,A
674,2,-1.600261852567207,-0.5496777214019434,-0.22130927748521542,0.08805580498252473,-0.17212945040364963,1.7498288498393544,-0.94764701413823,-1.7596330077398281,0.8827724843841543,-6.792381428958968,-0.17979718406369385,-1.079874815288576,4.818688870333764,0.5878467781843665,0.28868857018342003,-0.3187899202559292,0.4556149504268438,0.04398126731151324,0.888327678657048,-0.2713528078653606,-1.7666250650201767,0.02313057946101214,0.9728827000682987,2.0356907538721227,0.5154318170781085,D,,E
675,2,-0.92666347648932,-0.0570429243863492,-0.05161803076394309,-0.12065734530913111,0.6896851342803896,1.2353876105441297,1.5022412452870093,-0.05733042919190006,0.8557431358418928,-4.070479934145944,0.044289334271470214,3.961908389945164,-8.140733307411846,-0.5099656620092594,-0.9555588324487854,1.5781997127150078,-0.2676201120713364,-0.11534669822433029,-0.33108467818994025,0.0013700248044726717,-0.39177172755748507,-0.06435871091470041,-0.7927007373326993,2.0536865514419005,0.276698445149464,F,,A
676,2,11.17453977035525,-0.3648339448443232,-0.20123719996665118,0.06762184054339307,-1.1953212155182982,4.023041197174553,0.4251178966723211,1.2963573950166372,-6.8647194029639795,-34.043952993731395,0.38976639073034863,5.738283756445178,6.170712559059625,-0.6354836935140731,2.407404001525546,,0.35707944254924745,-0.1429923763034327,0.4075043916561487,0.11916905690337266,-1.1604698928366202,-0.2428728868974269,0.13182227440403244,4.375453068782754,-0.5664892997825726,B,C,E
677,1,-1.71032869651895,-0.17239685837738378,-0.04277617286161684,0.004644471461117498,0.7883371528604106,4.550920594862164,0.8373331247528581,-0.6082029438824663,-3.2236096890711208,-10.91077221123291,-0.5335053731659491,3.08126570135637,4.654731239555406,0.5297480569180253,-1.7339376939629905,-0.2041523400713738,-0.2586415414927612,-0.13550468332716273,-0.5759348777821994,0.010907164633102248,1.2811456228346956,-0.14814126082370355,0.4507873955151995,5.700503069400472,0.028253269508379964,E,A,C
678,0,5.051747032670525,0.1351771130888832,0.4917177181274363,-0.06864469350362319,-0.7328521072696389,-4.071757419795063,-0.30967457360948936,-1.4886506448249288,-2.4634146716007153,10.901919791017946,-0.23943917503872222,8.27382465426681,12.307678089157305,-0.011555630363530092,-1.3008604275672944,-1.9032831162890098,0.07272484185395038,0.06517253652824605,-0.10800960830681346,0.118407916633111,-1.7812059246410878,0.12547958197938933,-0.6888180925581202,-0.52733004439252,0.3607357698869186,A,D,C
679,3,-0.13102726770027082,0.15683938577884315,-0.008295338957952432,0.010797822741646467,0.6160736905421127,2.8551443142232906,-2.1471007776875726,1.2122782924197697,0.26725681872942564,9.53560071363234,0.3790020983142116,4.362015755845776,-5.070410865249988,-0.3165530457752728,-1.0035942734180638,-1.3677714243314096,-0.2575109656159361,-0.2259311330843363,0.839294398857197,0.2077379946507299,1.8996601115101106,-0.07704940640170535,-0.3914310762669295,-1.2717172685087634,-0.502850505711807,E,C,
680,4,-5.620366656738855,0.07744151611760522,-0.3724090035402512,-0.06383499671946453,0.37396226145025957,0.7348457030272932,-0.07961321755430133,1.0464719015839976,-0.44605357612429997,16.91985694483666,-0.005943862381218433,0.3006660233425809,6.733910846583851,1.5383602725433858,-0.9422663098354805,-0.4263467215974503,0.31170912195574485,0.029767840146433255,-0.002091228293891938,0.36446544450225554,-0.5824642118305262,-0.020210818665851858,0.002564452415534207,3.172126695679447,0.6106950649502393,A,B,
681,3,-2.3377775462250483,0.2322294239580237,0.17150557482852216,0.12640744723953776,-0.42778854530895943,4.758451487460327,-0.13703567033424502,0.5816363087616939,-5.332972709841423,5.8733276251338795,0.18986696186582566,-5.250911275177668,2.8491281081219464,1.0998720465416179,0.08507198422419748,2.3792024929838873,0.008034569954275893,0.10569773704594213,0.14818050497958526,-0.09223318969829745,4.679264876598518,-0.2357388486790416,0.2532026506395649,2.9316573804593378,1.1058268578123098,C,D,B
682,0,-1.527945307447826,0.26307939131554736,-0.17309872341680832,0.14774322842066456,1.5956162449147187,-0.6252637814503172,-0.16649940013368097,2.1025338438487933,1.2670829515322943,-8.558286389712553,0.7525169092802025,-1.8124390682627263,-11.50091552247953,-0.49105708284889354,-0.9274414207531404,,0.1944190356443293,0.04691795624083189,-1.1138597617197716,0.03383711346877215,-1.4795385140145918,0.46030030258082877,-0.42598547596268693,-0.84145995388907,-1.4207097627341947,B,D,
683,2,-1.6420632830764184,0.4909213205232241,0.4079969891408666,0.13848202913464278,-0.9184925317281267,3.951572717104424,0.04138615975259498,-0.5112523812640407,0.771621380506268,-2.9238215463709762,0.13435969173242804,8.362979758442798,9.457278619092888,-0.7337434127962164,1.5656890661062721,1.698858367787337,0.559167172890638,0.01736152550462927,0.4884996126877544,0.020275825637783896,-0.6786876941478319,-0.34846923594490403,0.18737129697900032,-4.172892848465036,0.5736082452849616,C,A,C
684,0,-2.701398460380083,-0.050247974250083094,-0.1997557516166042,0.17353149210864638,2.45830044795233,4.783118100802384,0.792856594171109,1.869062397860184,1.408161880282209,-15.774125562140185,-0.5102148883577847,1.3281219124148527,-2.9038626359353357,-0.42441896794665207,-0.6860124101198402,0.3135121084731019,0.6247639181280356,-0.03758553288100824,-0.06894686007549197,-0.14065135398193673,-4.182378194926037,0.07163693182357037,-0.8078381605812981,-1.6164283414339156,-1.3535462388827302,E,A,A
685,0,10.639311081710183,-0.38300013258640564,0.19353746115534812,0.0712010820835571,0.6158394326612391,-4.023754059139106,-0.41978936750053253,-0.9122736517524005,,-12.214563124880703,-0.1887621301154187,-1.914270770087331,3.414659444726869,-1.180187226919405,0.6637448279908947,0.7840101707021502,0.2855906452436996,-0.12622745010252512,0.3985987385112787,0.1707982950638815,1.335929762853567,-0.11748585725903118,0.48705069585506067,1.7521220642798832,-1.0973079009867108,B,D,C
686,0,-0.8517814795795096,0.21025206550060427,-0.5920575739352767,-0.011066525800109545,-0.6645910299823726,8.386529185720516,-0.09968839092656544,0.2574128286183828,,-14.846699514948913,-0.18504366372198616,6.626525900774239,2.6787367011674394,-0.412356740115306,-1.9288953727060636,1.4525298638924302,-0.45764462943962414,0.1287098081416398,0.75550949130473,-0.506316696120237,0.4396524162198361,0.0273005722139003,0.4243853262498401,0.14748784850741958,-0.16016459251897677,F,C,A
687,2,-6.295278784804175,0.6421876852792425,0.24112569831969816,0.04941786362397817,-2.160023260676264,-1.7820840176359896,-0.3819579607131404,-0.37497204251352945,3.218920897632067,11.059489744447708,-0.30894501758799087,8.797442961637762,4.0701804029757325,-0.2705475046557407,-0.7182351952563981,,0.5223834413055811,0.16776950081790812,0.3338287146808297,-0.4601380404783603,-1.0902343630904197,-0.034267941100029835,0.3342190385360594,-0.3424409792432955,0.795525728873761,A,C,A
688,4,-1.663997425924625,0.019109579999135994,-0.2374785414201562,0.06370572324477382,-0.9364770359555851,1.4086276959372173,-0.8785432472137963,0.04843579901196023,-1.1461246319405023,-13.36603587300331,-0.1014494166047983,-1.4895460568523922,-0.23140794333112222,0.6039650576992927,-0.33079233522440143,0.7952072735009634,-0.33705174679487476,0.09958339899948128,0.3115344109105691,-0.19781230743505707,-2.148877286189382,0.08949624914541648,-0.14645239886128578,1.3110987388838924,0.04528568870338664,B,A,B
689,4,-0.2586976449177946,0.129587495525115,0.23693132660552624,0.14453850836128573,0.048135930025672805,-0.6370387940471539,1.0105714473354521,-0.6369393304619562,2.6540468527310948,-15.721160418802448,-0.3657529529944782,6.212176368946477,1.9239320454840632,0.03326467497907921,-0.8097169554753305,0.7117366779299268,0.34716284922387985,0.02086739904372901,-0.08965738306565972,0.2864612583524484,0.819276472208881,-0.13704553838616151,-0.1238511872304275,-0.8706139502194815,-0.7672991888732889,A,B,A
690,2,-2.2093850765360514,0.6792507140313836,0.3182090934285878,0.24763439526668807,-0.7114846165612451,-2.102129316284315,-0.520990017187837,0.006593368396822821,0.7167638411872713,31.771009865299924,0.3166854604936146,10.987719545603792,2.396888287793028,0.36495805917130275,0.4474158697769137,-1.431808034459157,0.48679507627371643,0.0033566854858036667,-0.18586172949640217,-0.011013948878533044,0.31723815121485177,0.07019386909315117,-0.02916583630200259,,0.31353912386996896,E,A,B
691,2,10.951406070732792,-0.24092566502634094,0.08630151183247246,-0.21448524758753665,1.2141815151784103,-3.712108476923524,0.9613248921229849,0.6223438507644238,7.569685995587678,1.7824619133740127,-0.02971196151605236,12.56753046958755,-6.934427418324111,0.32498489211003345,-0.06063886830239336,0.42494086461789243,1.1208289015831157,-0.0023743076512326537,-0.6699755271151228,0.7401238356388052,-0.9913445431946319,-0.10922060498336192,0.698208123551047,-7.600659399918402,-0.5647651972985349,D,B,A
692,2,3.6254695057778963,0.3011074538104136,-0.18879904921197102,-0.05284229336998724,-2.161633783641651,-6.563621496537195,1.2036673019659685,0.4087615548911672,0.3089080683347639,-2.306899986299871,0.08680940956845626,1.248269663905815,-5.436900196641013,-0.22063114765017702,0.38014004150138136,0.6157553482452326,0.19531199150640452,0.04917084960018942,-0.236509009105999,-0.2328477253381512,-1.5795203427526827,0.1253899341652568,0.7051995809924432,1.1507677697504786,-0.6473430016443225,F,A,C
693,0,9.046405843225262,0.37900806003120296,-0.1947835819180984,-0.005865097400331468,-0.08618423245844066,-6.465798750418629,0.8899552897833242,2.212465243178637,,0.1180445541830524,-0.44019806233925673,-4.474765521939534,1.5826330440920207,0.9412616781650492,1.4221729306237183,-2.5208969546513753,-0.7176852932991031,0.1623086114329286,0.17766918399309456,,-0.6927553136183439,-0.19158139941571278,-0.2017292433100528,1.084232099129719,-1.2432103447037435,A,B,C
694,4,-1.8055522033346476,0.0355143035941128,-0.008519150147275988,0.05376255300237429,-0.0616330022063996,-10.703526430152825,-0.09274125844485721,0.693007269704262,2.955169466529851,-2.5162175827049498,-0.5476077356467756,-9.623356722357345,-0.06296539547388066,-0.34465723256706005,-1.3677674201212893,-1.8656513694105348,0.2150814941574998,,-0.5294719507432115,-0.14338196954112795,-2.094970988186146,0.013153616883489724,1.3204458138858282,-5.17103210513218,0.09851063560291333,A,A,
695,3,2.3196352114893317,0.0914627488439345,-0.21942295474146578,0.08071097333469664,0.9013291048564602,1.8278102221915171,-0.040642925327680546,0.31550067153700534,,-8.335897290114984,0.40145156885875516,4.315090798700844,10.689621327485018,0.07153633819979589,1.127358020615524,0.2298823571161934,-0.5413674162212537,-0.0009145335226712674,-0.3137479156852225,-0.16536723953815244,1.3495597093936105,-0.1821709110931423,-1.0779220672126777,5.177599583502261,-0.2771577655183749,E,,E
696,1,-1.8101293999590715,-0.2306043566061074,0.40116021411548075,-0.021845851649499103,1.3050018999265234,-9.997134249039037,1.252370745800434,-1.445491429135905,-4.131053783027452,-12.671181273856574,0.21542150762480466,1.0391718190930164,3.849020900591658,-0.5877103032856094,-1.5003576478038445,,-0.08160063142603675,0.012049658822985252,-0.015305365237256143,0.33412488211199903,-3.5187712305914247,-0.033794690243733015,1.1336835153180693,0.4488770133968886,-0.09301135275438013,B,A,C
697,4,-4.604750515847049,0.3805589294220485,-0.19476878338234524,-0.12408349663002834,-0.38131528976388096,-0.8718599428502232,0.6715583402895435,1.0210988068041338,-0.2767889666825039,-8.429990124311276,0.29188146640566354,5.454365316862197,5.297076287320156,0.05915996700673503,-1.3028536846116197,0.6035142075278391,-0.14587678867536727,,-0.32255598460166024,0.4203201483430879,2.708587167488056,-0.40214958310336735,-0.40723406777510723,0.8701141480809288,1.040524274169623,E,B,C
698,0,4.246222525324339,-0.0933356043421413,-0.651367122532139,0.18240085109295126,1.0338762030292024,-14.488406149638237,1.8680597191661321,-1.715985303111945,9.61055366949158,-49.25982962028858,1.0056135099320702,4.632665848464326,3.543631743298308,1.184049114303313,-0.12684345334019143,-0.7061677566034379,-0.6396200215306116,0.028264775386664075,-0.08431511451903662,0.019207432699918394,1.1698448571758067,-0.11212022671968931,-1.0560204613412867,-2.4820010025216654,-0.6218512756321893,B,A,B
699,2,-0.17740861615300033,0.38990125811928406,,0.16262200359533227,-1.1281513586204264,3.4409272750755946,2.4905119250543684,-0.5736928115836671,-6.582997347889458,5.374724238288717,-0.3757790544084285,10.82533410461024,-1.0011981738103417,0.7789031669384694,1.6771876686057237,,0.2424611107723788,0.14018068929710845,0.26145845450322786,-0.2675014337058119,-2.5122422167989,-0.08745771754094253,-1.0822606307071612,5.991512707470227,0.8894774673372247,C,B,E
700,2,-2.455741463692647,-0.20335204670462187,-0.3730864539877694,0.04550502874828306,-0.6087649097562884,5.961582080770792,-0.07048458694705992,-0.8534486842910554,-2.2952278127721293,0.7718017706196134,-0.04774926812342996,0.11041920789041788,-4.370950109410274,-0.06502272502753428,-0.1448880537913492,1.122816290238535,-0.13585205499417016,-0.007250443972296133,0.13362626911607725,,0.3962101197314685,-0.1376068076817771,-1.036866525005166,0.3450217892476855,-0.08017872950382256,C,B,
701,1,-4.0883904175723425,-0.21970488337421168,0.26947222079726557,0.014636681747721899,1.124704900571651,-1.9059082431180485,0.06468071487693522,0.5992935609875113,,-1.0327914848254454,-0.188575129737858,3.355091041698128,2.296958815493903,0.33672994355414365,-2.0710942316741545,-3.034049280842629,-0.9701410013202245,-0.02837197212330945,0.8414224331086873,-0.13173436781925338,-0.3990920116304998,-0.08272481598443593,-0.3164803696151778,-0.8250737021207327,-0.3620045464723528,F,C,E
702,3,2.827406018553524,0.04460002879150322,0.33078567278557314,-0.04331973272385238,0.5999529979884999,-6.434205414304334,-0.14956666397510646,0.5498616219080038,5.176937258779679,,0.3499241423466932,4.708220631192145,6.021142090908886,-0.7569035884981791,-1.2982321035960387,0.3911928159028754,0.523066612573487,-0.07248075729886552,-0.5291488240207162,0.045482638328031,2.6402309881543964,0.12726979904516647,0.19199925737174012,0.2924330266346415,-0.2676834258369426,A,B,C
703,1,4.3367503339518585,-0.06929568292688935,-0.17560280251297325,0.17877463971750165,0.7397972201964103,-0.5750540984225933,2.1199179132684147,-1.0706264639134355,2.237340028045601,-0.37580484756811566,0.8855227859575179,1.3416720745785913,-13.647220597640718,-1.3236329937389433,-2.4855213943446137,-0.5925051711771505,0.6782697360003351,-0.03231640896948681,-0.1315259178008015,-0.19974077383640904,0.5468104895127855,0.11198181580263585,1.6509519490017823,2.455041668124389,0.49953538873961323,C,B,C
704,3,10.966953248980722,0.08376281703870173,0.04274389236419461,0.06137845686731471,0.8608493029247503,-0.2035449032841947,0.638179298487208,-2.5019972534854085,5.492337204432873,-8.929622843619477,-0.5002922792834236,4.348006005074655,1.0694993420847094,1.0151354462352558,0.7260312024430461,1.1837732243326382,0.22905132654072302,0.08530088587148146,0.9698150648287659,-0.23337209157809824,4.021270373695784,0.12246425504576477,0.2406589778174166,6.3276475695309085,-0.2459556491220737,E,A,C
705,0,5.96228960457296,-0.04116964158841227,-0.08327652901150676,-0.09505904615184049,0.23446878620259018,9.788696471211203,-1.979836776718443,-0.9255603868793806,-2.9170545241538024,-4.5582968205654835,-0.391184004755067,-4.244259687590773,9.857082724256362,1.081006214202685,-0.8251986138483828,-0.22325831406438196,-0.28983773855940226,-0.07736385621607846,1.2860987574313427,0.01795141057732092,0.8619077541022939,-0.010378900963356228,-1.0421351933196235,-1.207266686128086,-0.04417783261107871,B,B,
706,2,1.4972334297666772,-0.12983424555138473,0.002649747995549211,0.03063717315855716,-0.059886016546588546,-3.6207020900601132,1.0052363885256084,-1.0089529624839741,-2.9212008558184186,-20.59374101642817,0.013406032701689021,10.769922121476313,-4.654500449279959,0.26858633665585196,0.5379730131013768,1.5961331375025256,0.456876239778395,-0.06839295039862309,0.5768840807983108,0.2575046874125548,-0.07828568732285335,-0.06777834186445504,-1.0943676739461017,5.141306003635664,0.4141389106174182,B,B,A
707,2,-0.09008276778991035,-0.0006824896829584709,0.0014510792763941477,0.1187987724333882,-0.9942183980522278,-2.8319313168859583,-1.0786339006025647,0.04296359747490225,-1.5493235461232162,-2.7589567225264924,0.24419786008823363,5.867867241958795,-0.5931700228640895,-0.20307863705984633,2.4440809109415147,1.8343208417017323,0.3261111025056463,0.1618505508147506,1.2823625112820929,-0.3945341597643599,1.6028612252362877,-0.01829458743117603,-0.34776625762099844,4.229800311582285,1.2520088411880759,A,B,
708,2,-4.527396610273986,0.2959005687235984,0.35072652474791344,0.2715302996804573,1.6608564766938814,-9.936636192126437,0.13606387299126793,0.7273300330588314,5.939353162255842,30.095744913488716,-0.21142226032894507,-3.9702935779584365,1.1400712235635528,0.5385858404830477,-1.5257336547232894,-2.3425993636654616,0.6608123092877174,-0.12232461856769317,-0.13876299457246374,-0.05081136624863757,-1.0004847452930268,-0.10280116700681508,0.3485165047436179,-3.7336560743919844,0.9641058543091158,C,A,
709,1,-6.62283173940849,-0.06571543813806204,0.08311532114832368,0.14006518381899916,0.03536433997684671,-9.446914088492028,-1.486301483806934,-0.2506623057981043,-2.9239118190439464,-4.070696442401565,-0.42276125531619907,-7.176559688284771,9.36614201312138,1.34079916289975,0.6831878899857876,-2.114944171151532,-0.5464517582576961,0.15688757318357058,0.3285960497325255,0.1300476585266359,-5.077173484607843,-0.3190243316019119,-0.44030698995506395,5.8327080381578575,-0.4487749474575749,B,B,E
710,4,-1.4031757213423208,0.11252476038220512,0.20329489952238813,-0.018429395600949965,0.4464159135209902,-6.081723555840626,-1.6591123604105948,-0.030324024614141864,2.615953774065438,-10.611548151953556,0.13234896348807104,-5.179411093003833,-4.559173257353013,0.1495370653571408,2.143049518195207,3.0752001834032185,0.11116338241153122,0.002813232434836847,-0.18030901555900444,-0.10008557839640954,3.272859700764239,0.15512146230487933,0.9123995150352556,6.734872256870398,0.28478625527796003,B,B,C
711,2,-2.4949372103670657,-0.1160936858261279,-0.025323549182598985,-0.09801682839371756,-0.8385508168014115,1.1188614023282732,1.0098035293588052,0.18727717687219356,2.784700008261304,-14.480585598372992,0.17707026706774714,7.706820592538954,13.51156941106768,-0.36171492322606247,-0.9013838790826953,-0.924037253760266,0.08191873039538917,-0.03267636996472744,0.020288749576110675,-0.27708346596938827,-1.666746796030334,0.3179417745454365,-0.08053818802145533,5.655539595123925,-1.181631677186704,E,A,D
712,1,-2.801318759894089,-0.19810991315576373,-4.921424427082897e-05,-0.0692592640056836,-0.6179865486444873,-2.0484804730431083,0.26276427443682365,0.753265103376256,2.062525950892693,-28.235358105252633,-0.2566911244357942,2.515744976732928,-2.1912432064665834,0.21869513474635127,1.5155821448422964,0.1502206684288665,0.6179295859890565,0.01432695601177576,-0.330458853451921,0.013105974138552166,-1.3128546544806134,-0.20403911372233272,-0.12261050569961207,6.7805820133375425,-0.7178253224883799,F,B,D
713,3,,-0.2401652774403242,0.3286023761868645,-0.10979436451493284,-0.46085413143305193,3.1734265470331287,-0.22063133144359687,-1.374507608117653,6.934801018127922,13.01926162721595,0.14618894109348338,-8.189069000358598,-0.6350276383404417,1.411269173510034,0.6366447047789561,-2.1050856653276275,0.45582236289780376,0.20422785087786882,0.6260727765772041,0.3004348759662263,3.482428184713317,0.22350292240648492,1.0745918395274392,-0.6945671881591771,0.23225983302365427,C,,D
714,1,6.923145959140842,0.4206819716281127,-0.1683188121036466,-0.10543276551233227,2.7706689901993182,6.620129539939044,1.2244398447784637,1.389094644275173,-2.019887863524693,5.7059272865581105,0.14166682521890298,8.239878317741741,0.9728568750437435,-0.39090209127280384,-1.7584573488000028,,-0.09109566254287746,0.2757221617936859,-0.8299543837396397,-0.21349918987760835,-1.2191394367574178,-0.1396958003728911,-0.18924921092120314,5.367258374073747,-0.009199310638098623,B,D,A
715,2,6.479977391170544,0.47057140599311864,0.3334869436454419,-0.20370468565328032,0.4639497974737794,2.759725467461651,1.0293855295727727,0.23438358378685098,,8.829201887797764,0.41652447887516403,5.276932189567624,5.0621793421190855,0.8805777446762214,-0.009991329717477258,-0.16700178781570926,-0.048300698344603196,0.20166232072440582,-0.3026226383425114,-0.17116643063186301,-2.7877492994493807,0.08022535308642548,-0.6391500587417588,3.78368864595341,0.3154960343319637,C,D,
716,0,,0.41168958186042004,-0.4995276863840073,-0.05541490920369296,0.8493871138621245,1.7753238954309616,1.4636381096746123,2.2126731521461793,2.294716318747537,-1.7377554308856566,0.19217195248624735,-3.22248856903136,8.684389774002957,1.0129798672410182,-1.381929609576884,,0.5377757756979452,-0.21931623092149757,0.31952495857528135,0.05055827630228592,-1.1688538711782488,0.0756646562469215,0.4586985553668758,0.7386631608725912,-1.2510655161304973,F,D,
717,2,13.368191348602549,-0.19753565806360526,-0.4138007231953953,0.051948868546178285,-0.5208718916076668,7.075292440565256,0.6366283565241676,-0.16616406337113995,-0.6922323528997621,-24.573797428352815,0.13544316758304067,-4.1984463467072315,11.392211316709968,-0.6770751091603733,2.443251071195525,,-0.020412884806639754,0.08021282229716252,0.03744168127712766,0.5438331646854656,-3.909441893292357,-0.24580695599218064,0.5785575392388347,-1.2058222534346663,-0.5701785978003221,B,A,D
718,4,2.776325718240808,0.365876119939873,0.41414142329293185,-0.015215099126875449,0.0020003211228791147,-4.421255125841095,-0.2731909415464084,2.3464490934847553,0.4419899898307023,25.519492822912817,-0.19422823972445238,2.8557038996803903,-13.880403312998371,-0.15922565894299692,-0.9595954166992398,-2.38016948751559,0.8293578788111022,0.14045783160338118,0.5431009273901721,0.04546427593654972,3.5691334588017845,-0.02778386360059238,0.7350359232932335,-1.803957360201491,1.235065637457995,E,B,C
719,1,8.099334762597172,-0.10967731116177666,0.031167586002801558,-0.058165075223058346,-0.7492925114385455,-11.478800115110197,-0.5605954733714152,-1.0691506004881959,-2.6899547256609844,-23.972536630734723,0.2246936142676575,-9.849873419761733,0.499375094650967,-1.1734497222688427,-0.8754751818685818,-0.4709734111781954,0.07591362251638259,0.15226804541270642,-0.111303021202646,,-0.24488540324829058,0.2398284979772834,0.4141946699500589,2.4992702569567284,0.2801205122919775,F,D,E
720,4,-6.351411317085696,0.08100712517735133,-0.1520577142646178,0.18565217956759972,1.2861863496902741,7.8782316206514205,-0.2695995659460867,0.14590590732621936,-1.403545834188067,-8.456981187227976,-0.21072082512381973,-0.054155181607480445,-5.419744884002322,1.2737522432318165,1.6309990717449758,0.513652286108259,-0.0030061751458976367,-0.05428705215178886,0.26487791783245657,0.3419619423695205,1.9388824367139132,0.29082231667171327,0.4842675467153224,-1.5540181427814008,1.6520207462636676,F,B,
721,3,0.21587529683726603,0.18384525155139916,-0.02460005442398439,-0.11233608076711539,1.2560247994526779,-4.525447473871727,-0.8610473415780471,-1.0648771627759595,3.1486546928610664,5.470276277579386,0.08379282143773387,4.442469018261192,3.103714106930948,0.04979112233667914,-0.6713454152325697,1.2466625989420026,0.6533567894314369,-0.05988866551783672,-0.028273324079354033,-0.050030485082290306,-1.587147962644513,0.00745848200699481,0.2089093292010149,-7.973884201721096,-0.38117002133264605,E,A,
722,3,-9.52845094409895,-0.2017380037395185,0.20865685711440365,0.04720494616204545,1.9906142254152424,-1.2823946428057877,1.1234421213383623,-1.2028307770193216,-2.17903880083916,-21.829499978367377,-0.07206717434240066,1.9518253570808386,3.077924741755642,-0.13362770028324744,-2.9038757884030835,0.5972994816084427,0.1623522627272999,,0.3881918556647157,-0.10367704415062826,-1.3126621945619381,-0.10380488988461868,-0.236789646174656,-0.5103928486942291,0.21598530257815227,E,C,C
723,2,,-0.009527158963715317,0.0037287796728722334,-0.12630273236967532,0.0541056976050746,-6.487562693384741,-1.0955693497721508,-1.4746811631219199,-2.513968957564743,3.398697953495212,0.00927130834201979,5.873609376637937,-7.544569545322806,0.11600404813548508,1.805457202238275,1.6238622159763831,0.45411608251080304,0.05136743019230862,-0.7565119976134159,,-1.0576327385770512,0.15456586432611052,-0.21876810435153388,-3.192754507197664,0.73142578577069,F,A,A
724,3,3.700687704412271,0.08958658285156103,0.34137828523536745,0.08787611111917959,0.5665843739695835,-2.9388180636309738,-0.45294552932370535,0.411290460315705,-1.311872826143071,29.71737661161211,0.16649301388445184,-4.847697735261691,1.0483530959992111,0.08088543285059242,-0.5008979125577034,,-0.3738468933549189,0.07522924878954378,0.005361174742021372,-0.33021915145825337,1.8359120947253011,-0.28781743321622405,0.7248735774997026,5.719124258648744,0.6561526896473672,D,D,
725,0,2.0702968378764632,-0.06253426806779132,0.2717703610749722,0.05437971232592822,-1.840200522415389,-0.06264917011210988,-1.2289946464434074,0.307809546790974,,-6.084241764326276,0.3774482126683484,4.483739184125828,-7.310364898193827,-0.21365680625782726,1.2449487635665637,0.050459715097646594,-0.11020386586375244,-0.12411220398996416,0.3856086057609941,0.20047194072576133,0.22647439033183803,-0.33388038530020675,0.3434882964792964,-3.1896598033877033,0.3782724838280225,D,C,A
726,2,-7.184250996753097,0.12784003619042936,0.3267879065274285,0.12259396742471235,1.4193415863602927,-10.751321521824282,-1.5941654891624233,-0.1702769133441467,-0.13753928917658853,-0.35131952564002394,0.3696142992921094,12.931600846097512,2.217877679938349,0.13458529319103288,-2.022839671278769,-1.0137437041324768,0.24674353745879704,0.01743315116162869,0.561037357187686,0.33003658921710904,-2.6200156030954123,-0.10546285595051091,0.4429057984893956,-1.07769741177231,0.3651897845329914,D,B,A
727,1,-3.337057166365858,-0.36285528674256884,0.12303292774954366,0.0004510025071133998,0.15416669786627954,-4.118633445837027,-0.4208166306613029,-0.5930142317831512,2.5703834090171265,-15.39146636887198,0.374140819439989,-7.646626434333439,-6.77259206321626,-0.507107463707566,-2.40868974747612,-0.782292449364944,0.06570247593549224,0.22404359945191613,-0.982799918969971,0.029944765533319522,0.08898331900974675,0.11770404016936203,0.39222237333247545,2.202639974500872,0.2796497575295604,D,B,
728,1,-8.176627200601166,0.350161752309172,-0.0855704629236612,-0.07422219201511465,0.5920806282226295,1.2601285409997758,-0.5653657044439345,-0.8874668920343305,-2.5770220692082355,10.850232746713669,-0.07768131981230335,4.079252778776336,-12.997144028946343,-0.44241807502458413,2.6648375071455077,2.2187347748739317,-0.4301523722322461,0.16306408797003172,0.6466524827339646,-0.03084144833395409,-2.9291370905864795,-0.2555854560925827,0.637489344928991,3.6251477342581824,-1.5294223675776017,A,,
729,4,-5.119266976803629,0.06315467857613914,0.18993123831175168,0.07099834923408078,0.5607135820851117,-4.141093095059149,-2.170296715430645,0.32777760676723483,1.227099011760775,-6.251508648359266,0.07612173030465141,5.614127186876528,-5.144396611175239,0.5117897142295317,1.2692230028070721,-0.8543901294812964,0.22463397230908874,-0.04680013876494068,-0.18532258822861183,-0.04198554769290854,1.5789114368125368,-0.2858288118358156,1.0958218944669653,4.655961996680858,0.22413264527766555,A,B,B
730,0,-4.383148931164875,0.4502503381193583,0.3827941267974651,-0.0685984973350303,-0.6485544840965493,1.9507731685664522,-0.46990781640116874,0.8364788420841702,1.2979967655998548,-8.882845969709706,-0.45154838355798443,0.8024393485278043,-1.164596922136025,0.31475969671723314,-1.7142171498677843,0.48503261797925273,0.4489314705850729,0.17363720256700854,-0.1574494976658456,,-0.8737902604300849,0.06109742499831577,-0.46683785490710444,0.2750791541480881,-0.9911529913394779,B,A,A
731,4,-2.538600075347731,0.46421372885526996,0.20626919137326447,0.0227794939680588,-0.7082913565076719,-5.539242079570809,0.482225784127161,-0.4996099368428029,7.903425222670542,-5.9610375516985075,-0.3295006442601655,-9.044586944744102,4.692310163932331,0.316254857829824,1.5433143305116241,1.4749981361102864,-0.5746623420956857,-0.0006210015880735732,0.11384413136959694,-0.0507874106565488,-0.7942153362877066,0.0903746110336129,1.1458812974590324,2.7783193418576055,1.0391576631823765,E,D,A
732,3,-3.297422870589909,-0.02156336926275195,0.3463086827674136,0.07132608279308286,1.8702298656163323,-6.60518658894419,-0.05800584884289602,-0.815031230938356,4.8761877235856925,20.143469249304705,0.08164001729805323,2.1629883774811436,11.763261090456117,-0.09303521071681278,-1.0068790612290528,4.220700599646617,0.6223298908248833,0.11778097107827358,-0.3013509344021869,-0.26278416153491035,2.028403164798862,0.0012064239703118932,0.387563224902229,-8.693892486699895,-0.11718175812706287,A,D,A
733,2,,0.0025367175806637844,-0.007106770134862747,-0.08806076180473932,-0.8072500679296503,-7.887726876775527,0.06730648959704912,1.0817358006444309,0.5769755356215568,-23.94151434285072,0.1388657496009815,6.834130910737895,1.0888101092509046,0.30887283368002344,-1.5886818997415182,0.34231988918214423,0.20782071801321672,-0.09654739703438142,0.0698561013740354,,-3.340846864708118,0.13654914198706014,-0.3468245413662764,5.899075743746319,-0.3265224876997476,E,D,
734,4,-0.11055014737032966,0.2564769173273317,0.18880575863688076,0.024495440880537747,-1.9318489607837133,-0.43457357348274844,0.041129126984180205,1.8856247224355096,-1.797633254707124,-8.666521110179138,0.1987984985344257,-5.489696085231214,5.396893118619514,0.6160381377746902,2.0420576164132127,3.093676134055971,-0.07800106118301053,0.2564894590118498,0.22137712212234534,0.1424902357492907,0.9562380309038072,0.478400435235465,1.0823297087736474,-2.829778729695709,0.65826611957485,F,A,A
735,4,-7.57584374664462,-0.07191533844874021,-0.07069943043686047,0.004342168298302143,-0.8788483982570463,0.7651002028280178,0.760976132133043,0.2241725679434872,-5.805361724809089,,0.4535323987040941,-8.71772479698728,0.5056052799429461,0.008853816063921785,-1.1016159666185739,0.7288421726650111,-0.5292803675576454,-0.35291975344101456,0.035984448258916155,0.21533974591255428,-1.629438585023393,0.12544314180887337,0.8253752665980353,1.839763859776623,0.28688537131330344,C,A,C
736,0,13.523795996661715,-0.3341208956169557,0.16370024256578886,0.06587908169166294,0.4508013229466065,1.2686412080776421,0.6006745526513919,0.8394428611939984,-2.490480850100031,10.012847895121428,0.13659945033090842,-5.030750188041117,20.108992950583865,0.6152280590137393,-1.0063085944644532,-2.1212660124551377,-0.019416876604594444,-0.18984362979417027,-0.2780580667034477,-0.02674397573990322,-1.0548764355208655,0.05888024622728816,-0.24210024143351824,0.864380226724955,0.7117434726400274,D,B,
737,2,-9.878265959422146,0.1389949766989751,-0.18690076537465883,-0.04086945608854266,0.579005286139765,1.092356133056224,-1.3338665040147604,-0.20259198992723176,1.3944541811155435,4.535310216748127,-0.34112858100342436,-3.324982439686861,-2.5761659837789437,0.3866601236037762,-1.6488971385675024,-2.220668672548598,-0.4553182343726625,0.14387805533738895,-1.1651690080182662,-0.08196716988115621,0.48727155494455066,-0.00894943784774928,-0.2948556323805005,,0.8366061899219399,B,B,E
738,2,0.8784367622970177,-0.08428669174038,0.2434066215781385,-0.007353654227851342,0.16379235691451435,-4.11787392193427,0.33166199322975737,0.18249134020689559,4.958462711801748,-5.745929463164791,0.30253991243283773,-0.185126789797964,-3.634630794272516,0.9345919959722387,-0.30090861838820276,0.6437801398612852,-0.17387416441156428,-0.014501234492533276,-0.5712454061003416,-0.41701895668542904,-1.730001359821071,0.08967759567174909,0.5163740608605728,5.53743048435363,-0.2267281104651074,A,B,C
739,2,0.9913025313143428,0.3778062984174789,-0.12982997516346106,-0.01283941665854091,0.3215843536987829,1.189557721298062,-2.230665698016588,0.5776146173450063,-2.5236788798591356,-0.3044567175718436,0.027764690660903427,2.2345060659914546,3.3770322064144827,0.2058868299730089,0.4397169011548061,-4.3940474419223685,-0.47177017355759904,0.08001553291956642,0.13469879098321683,0.06774690949209598,2.7460755274358295,0.05830910704093617,-1.2285754111384708,4.272835554562907,0.413030847168956,B,A,E
740,0,0.3673207417496543,-0.18114933057070123,0.2469705575240547,0.06779968362746772,-1.5211561940923897,4.586902482768533,0.40052937997875937,-0.030556527867219657,0.20598234347502276,21.439904421942728,0.10290577707407769,5.896748341826713,0.3671772885051955,0.12566574847692333,-0.42153689751242907,-5.182084436237942,-0.16161614862864448,0.13596501186157273,-0.16798240262125777,-0.15401029014927772,-0.4968366544258832,0.046681093776593095,0.17025774360063414,-0.03355175803524311,0.37861547875301904,C,D,
741,3,9.86988376072048,-0.08031354489189359,-0.18419691227323584,-0.10396272630044148,0.9178499073571208,5.172901751157178,-0.5534065598864754,-0.944432068069642,5.8159517876605955,10.722340106511997,-0.2394750167876131,2.1644672761680313,-0.6954831589234047,1.5347742693519215,1.7700283583343894,,-1.151783479676375,,-0.3598427056327251,0.24714165947949204,3.5550458368498723,0.3758430773062725,0.8490185217915333,-0.1528673747683203,0.01097301436370566,B,,C
742,3,-6.7118679466132445,-0.02916552864613218,0.15124561641909767,-0.1600099023328864,-0.13966122394708744,1.3166856128213307,0.1770617536974612,-0.8266163914489955,5.670028528866737,9.47150763741719,-0.2609870956261412,-3.019505375991606,-3.9183641053746205,0.29917365938534485,1.211060322065291,0.5262278300186665,-0.2148798443086854,-0.1780422124386642,0.8124461791346083,0.00612074187307329,3.217417881583152,-0.08606567917139309,0.07159770799685314,1.2512508297242764,-0.008424477832081936,E,A,A
743,4,-5.214104685294665,0.08205384030008714,-0.23989914099348886,0.1826469570267671,-0.6496253946520149,0.12915731362332145,0.8907290520001078,-0.20412547415561882,0.8693755428835295,-4.5365562648777695,-0.39309060609020113,-5.371773695729028,1.2220387657852956,0.27008792628508405,2.593283024872664,2.6121377909256975,-0.5912875515882039,-0.033648739015307155,-0.2840723314394684,0.22592499132314395,1.4237595982094164,-0.18625848472463963,0.217043258315495,-4.35935839022074,0.9846301619549613,C,A,
744,0,-1.2854189362916446,0.0915156866692028,-0.16435510054261546,-0.009743396654153642,1.5700636811040345,4.259138679374405,1.2115207584002896,1.1025065043884934,-0.5922422907186017,-15.548646983204021,0.07976913993015727,5.987712622671947,0.17346054947020667,0.14345638843674424,1.0661107305158113,-0.7775088963292671,-0.27094679841420577,0.12091393836974065,0.7847848999616271,0.20360510706883228,1.006946538190474,-0.15993955519201825,-0.22476637563200258,4.1185088432254355,-0.15302825061649136,A,A,
745,1,3.5646460417966526,0.02500385798467206,-0.11913274721314633,-0.0818058649458289,-0.5977573119159817,9.796222584319333,-1.6903420165247456,-0.8179248601966632,,,0.29929532657609814,5.026047840806274,7.235868523177384,1.1010013569988366,0.11450055438960782,-0.3925524917404297,-0.4638948676180973,-0.11421677789068431,0.29748758409546644,0.1762804145963325,0.30136733812204897,0.3552333404122736,0.3119838822166633,1.4054344588950303,-0.19349020606884457,E,C,E
746,1,-0.6795092668161794,-0.09473270447467753,-0.10989866545106747,-0.18967968349651437,-0.737474588114526,-3.1897600991754813,2.3211933393731483,0.35574263112573545,1.7262077022782805,,-0.32599325719706723,8.049989790245396,3.538485660908675,-0.4772339592052614,2.713628111223091,-1.5975647652182199,0.2806199223188636,0.14182255118766574,0.2755980118345318,0.21587554932385986,1.9214815157272895,0.11553397449033487,0.6464153503353254,2.4268166212035576,-0.5324887687803327,C,A,C
747,2,7.741249862334461,-0.25623284696662896,0.06360763263380705,0.04799392822451221,1.534228005056759,7.55351529867112,0.3680508401523847,-1.6104697424067917,9.294176296817314,4.121813624933044,0.15858410512786694,-5.689101253921239,4.836933129582819,0.7085297622044839,1.7478008497099626,1.0823539529084325,-0.6103789584596392,-0.10764185899165715,0.7607399597284397,0.43311513266351714,-0.7545252538179169,-0.1474619008178108,0.5550225906491171,0.2042641901669463,-1.5870674854624838,C,D,C
748,2,3.6798640372485614,-0.1777773849141576,-0.15712194291415482,0.0845802655223199,-0.5831343455574519,0.3887702597004961,0.2037563899807132,-1.6993644948466622,-0.7938169826206862,-1.2096526880383995,-0.4194068661911111,1.8152375892853985,-8.142131753566254,0.0029265614763470563,1.1448715678786965,0.27027321325547515,0.1632158498649691,0.04089406861372715,0.22913252217369384,0.22002480192133717,-0.9052679591129759,-0.19053463666457668,0.31937406480831454,-1.5108911900357622,0.08812740643862495,C,A,C
749,3,3.3955994031973376,-0.37020603088244336,-0.2423946913060861,-0.04904094261490671,1.1435599543605475,-4.718332888311263,-0.10466466585967932,0.213788631712247,2.4870264467498595,-13.536008227613618,0.4530234912432723,5.561343102976264,8.10244665953242,0.07806584280579973,-2.883875621457314,-0.6805778428501137,0.5256792013714481,,-0.5516572914452252,-0.550225868365628,1.9064356337479809,0.2678946430425029,0.39972984379055715,-1.6739706063308992,-0.2475539885718213,E,B,
750,2,14.152872872814914,0.150908953821714,-0.43724366699973916,0.05184667507990698,0.7681126039531958,1.074174934126652,-1.1214154154515155,1.3886934445116987,4.89100139658061,1.762106851257495,-0.8776773983108376,-3.010841766956986,1.3920426766729774,0.327600297813997,2.4057273836685793,1.2419545763076738,0.1829658030504623,-0.02134564985191516,-0.4043838543152238,0.28360341425419994,-2.492336847518922,0.3274423630129492,-0.7811919209633436,,-0.3583083148341979,C,C,
751,3,0.7664254563892945,0.3015753715354542,-0.30783199437208475,0.06995577006476365,-0.3338215776121847,-5.358301325101369,1.076744912690916,0.6998081447546879,-3.0520882321418936,0.2767410426559969,0.3673741496224473,-0.4163730824620371,3.210188670163553,0.2551058017198523,-1.8360386984873975,0.013461306379446498,0.07440404811225383,-0.007457632351808272,-0.45414033487902755,-0.2756454055189912,-1.0565137398415556,-0.022843696894872884,0.4925556186506227,0.7949833926777939,0.10054599691570279,D,A,D
752,0,6.288754411016042,0.40743505055477397,0.14447638657761297,-0.04583433917840048,-1.5607819855705196,-4.999445308258781,0.16486565428330313,-0.09462672445553272,-3.336965472322103,-29.4877758906159,0.2314562625056284,7.291805081920442,1.5774426444516385,0.23365398547858807,1.1554614437898607,1.4239895017968662,-0.028405512108422317,0.0038155740184820314,-0.5233709365131821,0.112968984571496,-1.719856029343487,0.0354110649237095,0.5728076299066842,-3.820056140396742,1.1267914709673217,E,C,D
753,4,7.2899505884960165,0.12480267239620713,-0.07234096751220698,-0.05073229738370406,0.8699488169136389,4.170999511819777,0.5788156015869804,-0.4762838239034206,-7.726353495399422,-22.044536076981395,-0.003339031254438901,6.120504998291129,0.17962092427278503,0.39879928030047335,-5.592451225438349,-0.0828183410747275,-0.5884768456730571,-0.08536092432146282,-0.8462838056101843,-0.20631097575945034,1.7866699570400055,0.4814255698485528,-0.6205606088625032,,-0.32991796601305945,A,,
754,4,-2.7714559230804947,0.06724301521507497,0.08820029548643697,-0.21690711137293156,-1.1454359867742185,3.925304386715539,0.2522690882286674,-0.490037217484139,-7.130858591691247,-0.07812509721086837,-0.059754018753412276,-4.899309875030478,9.745802185931673,0.2032912274161286,-0.5650986122505031,2.1588004233330715,-0.14466309889454343,0.09031387035403074,1.0812622104789444,0.1963221427015078,-3.242957760589582,0.10755744436996302,0.027859876527954085,3.031294896722561,0.3634091081144181,C,D,
755,0,5.608572346350687,0.20503859079176498,0.004096712824401175,0.20032689756818953,1.4487140923258806,-2.269233307642335,0.22119270227518628,1.5182643224770622,1.8075008353816489,-5.871475640166748,0.15571183041235995,3.097710929142797,-3.1820972359716757,0.1796034793697062,-1.0901817342648388,0.917151290971282,0.019414403736891447,-0.23097318288448024,-0.13338197148907358,0.0036155493641849847,-3.354874054979894,-0.165140435857802,0.9764518919637949,1.4152805544914466,0.5472672295696402,E,A,
756,4,8.02593107134808,0.14378551921730715,-0.1856227607851004,-0.025543581219898005,-0.3899120065342731,-0.8248247611761463,-0.389993996779617,-0.6270294589932971,-4.097462428787771,5.998852049173996,0.19985802868699118,-2.779725716252807,-2.7359728898229903,-0.7633864510886752,1.2848003026625165,-1.2261656684923703,0.08233424918112033,0.14963797553888825,0.3434680198670566,0.23432843841645307,3.733941990935022,-0.07340183858132825,-0.46475362575332124,-0.7474478682023395,1.4066064190602607,E,B,A
757,0,0.45414473737658234,-0.1917679329415673,0.07934501368085743,-0.10390713788734719,1.6226405837140847,-4.042573966336869,0.281020181031053,-0.47863631107478294,1.6215653150631686,-5.504964461474716,0.24705820746025509,-6.165360511760921,-1.2770751742935382,-0.9593971256352616,-0.12750531780347374,-0.5176814840563877,0.39531474245834547,0.0652909068816889,0.33835740747941123,-0.25104477519366464,-2.991663057547431,0.2410896482084305,-1.4943945780126378,-0.866810545321687,-0.5002174509960199,A,B,E
758,4,6.528454167221652,-0.0781999528697915,0.0944518314990214,-0.05281902708258295,-0.7869348949234802,2.1607896116745167,-0.19061103480646688,-0.007479982635702151,-2.7265228883111856,-5.757956255801363,0.08826972835523764,3.4185770684107686,-6.610289500056247,0.07787241964007154,-1.3209635920870433,0.5516258823136463,0.01685487125715503,0.17799391289983432,-0.0587520457382743,-0.24118038062172728,-0.5412322020883408,-0.1505956906400394,-0.3673408138615231,-0.21210357413270892,0.6615165660094079,A,B,C
759,4,2.454770214758294,-0.4393060205342985,-0.6500070359235484,0.08563706302341892,-1.027359504807234,-1.2257926924470242,-0.9482247337836633,0.2623470404820243,-5.591388524044401,-35.162628114970445,-0.2871557924778938,-1.074286916240757,3.8966171392408873,-0.3978966418224717,-1.5360972126908894,0.9905421415677558,-0.26030286880825615,-0.11464019700112488,0.7052962168517485,-0.3135636588244642,-5.267713897418045,0.1775206475970857,0.2765884515943884,-3.020004093066066,-0.025585580217305486,F,A,E
760,3,-1.4293695229948562,0.2985394416826674,-0.1912439712450334,-0.07683346344833315,-0.2612855956246924,-5.83473769669172,-0.6129401825125278,1.3643456517830812,-0.43672379658076865,-5.860601374160523,0.03256845364490063,-3.2305832479724508,-6.1878913568736,-0.5162184678110742,-1.4250961777805975,-2.225647547841017,0.4420095859332747,0.0771145576099893,-0.19332692082813,-0.2710930119353223,-1.898664312458875,0.12822329412072456,0.6086542045396628,1.977890010099317,0.46320928765848507,A,B,C
761,4,-14.072151261527862,0.07232244161942963,0.3117850948549176,-0.04596667069444691,0.709505322713918,0.21257281858411303,-0.7735180513326984,1.9678143970610231,-9.797157525665796,3.6363269530922393,0.34665719385034427,5.3778074125334685,-2.9144913089997346,-0.4779179695655154,-2.379398112228325,-1.7748974729252653,1.1668172339316827,0.010256779395296723,0.38853524084892427,0.5637994140950976,0.3006553847342338,0.06626648607347228,0.6607865709017163,-1.9489421988924056,0.15021027005805304,E,A,C
762,0,8.86387996966761,-0.14447217971659485,-0.32369480024515396,-0.043238757401905886,1.4629087100315208,0.576029682832969,-0.33594913307936175,1.5369803555959374,2.02070955006914,16.848052534203106,0.6754533951036803,5.286268739206541,2.3888941843922717,1.2367596304234816,-1.7289766971398748,-3.582334677396181,0.02468389697349198,0.09750294571335279,-0.3718190611853407,-0.569487502406173,-2.8330920026662394,-0.10322610047966066,-0.026808790195055582,-3.7629021393753157,-0.03215174799335819,E,D,
763,0,,-0.04000599087786676,0.07091233312861066,-0.05500168911775101,1.1437732160628162,0.3473781695027061,0.7358150621985735,0.599907526358608,-0.8488994826721274,16.22385830051291,-0.07566503555698562,-0.8835346918916129,9.800038963386928,0.8038530136253916,-0.4208879646876883,-0.06255987208218917,0.2544331812680694,-0.02558100021210392,-1.256967399896859,0.2564411637829132,-1.154737371066019,0.4437162708049537,-0.2580799539848258,3.0164836109973874,0.44544978434975785,E,A,A
764,2,-1.2114558867741383,-0.3022804072244358,-0.12643121593134501,0.06822655188857778,0.02217501202794232,-5.399125035279147,1.027973123431084,-1.178493120992767,3.6170109353367255,1.6215898172299832,0.45845519905851057,5.998447997940086,-8.44679012792643,0.7217257911644424,1.4588028469279375,0.24973587772450367,-0.24103624691760986,0.19145501040705004,-0.6336269790348379,-0.3790758702034286,3.0873670681308267,0.2888026557753115,0.22167285313861376,-1.9936332506635206,0.1699407334665926,F,C,C
765,0,10.246601608406593,-0.021690734575613116,0.2029545777113164,-0.1144777479441082,0.8226632684189156,6.00134446980698,0.19181728464504247,0.7689456593756575,0.8924008039592405,-7.681566157755574,0.03160981467042247,-1.108598757026928,9.502660707580015,0.5059201987856797,0.38786755534445394,0.8625282354933046,-0.09683153393135012,0.13135202877832522,0.28068129234041683,-0.3022202486060618,1.0484671817309341,-0.20279583070046683,-0.553487088843341,-1.1788251592205843,0.16776272572090764,A,A,E
766,1,0.5219115020686499,0.019785230465697034,-0.1140199567893232,0.20664944135880925,2.295218451680787,8.291962989399993,-1.8810394768178145,1.3928059582919012,-3.972774058569911,-3.9426725882406255,0.13096862992611155,-3.0790156550931735,3.589402426298827,-0.028744375380034267,1.0927158467902058,0.31222932218713206,0.340183651204347,-0.16637677529883993,-0.8016956427820837,-0.34941224855817804,2.601656993854406,-0.2345167935985562,0.9786357162825653,3.430257925973682,-0.48213078850964075,D,A,C
767,0,-4.1896773449487945,0.2673220220644349,,-0.006335075694569586,0.6774651872432539,0.25721160850197794,2.3319117071872117,1.4527116942341447,0.4058428836663099,49.914545730200274,0.13187099627409146,-0.1849708684902292,-13.059520830716487,1.5941505360106,-1.5262799015111372,,0.5519686700737879,0.1238504657214661,-0.2749265713859493,-0.7363856684903768,-3.9986883015319603,-0.07189407612550493,-0.6273799474502469,,0.24455819846616486,D,C,C
768,2,-3.7146537034818365,0.040608664567807005,0.05395567667126274,0.0335296425586002,-0.8222962434947709,-2.336085902860665,1.7686874963847992,-1.1997641807758768,-0.4663325806223857,-30.355891105185265,-0.3475781650492003,5.178192816600865,9.83196303187246,-0.4674039677815448,-0.6512978394427981,0.7644017406031597,0.24918086351867771,-0.008696879474696235,-0.14629335971427695,0.245644570244329,-1.5453971187520659,0.17658644350891736,0.6071648159804619,2.997452769077232,-0.14724469794413308,D,C,D
769,3,1.5261569987832573,-0.05796619842391802,-0.15594028520377382,-0.043534701637331134,1.4633480588785288,5.014089763635154,-0.06862780085171047,-0.329853690329823,5.403786703254506,21.884739053857672,-0.09139549174122379,3.2865956022212623,5.785735689003595,-0.6636881969601248,0.27267476404059143,-2.5481036361495124,0.5615165300370774,-0.19606852709958517,-0.18630275064653468,0.23669407610006044,-0.12141000912639162,-0.2019264320360611,0.6465283444716339,3.705955745913534,-0.7060752128339568,D,D,C
770,3,,0.4278571470032446,-0.034053521536075305,-0.09283902274110611,-0.9130969069997028,-5.2670669807893455,-0.5747817309786405,-0.09049283295494101,-2.816568974839542,-4.735172462524036,0.31126814238139827,1.9079099112960967,-1.6198163716917127,-0.37609862223164525,0.2534073411725005,0.7974642532858867,0.3307360068969486,-0.015054644324204459,0.535508515926316,-0.13308953762580586,0.6956596790753865,0.11703666148129463,-0.2591347115789473,-1.823489962585489,0.3046486077928738,C,D,E
771,2,-5.316180404184155,-0.29648110947779854,0.28274281051909184,0.13267533759126698,-0.08613409349533964,1.8392645826298912,-0.05385789873892596,-1.5338696465842157,2.5116638788857366,3.3839834166884537,-0.3980372484944657,2.551000856890117,3.4229248182948564,0.08254026041572932,-1.0274674682465932,-1.703414244138442,0.09000068146230314,-0.07986668311063226,0.7717769958209038,0.294621015599941,0.9684377989182004,-0.04375210471451072,0.735896782171561,-1.3612858406366746,-0.6067393925663315,D,A,C
772,4,2.9541693453015347,-0.05551983332205084,0.06160757009524644,-0.06183111924083761,-0.531710631581258,-6.843254837561854,1.0053797875076056,0.003778058445880005,0.23892127169034524,-10.611191581048326,0.11406750185424237,-7.539578169615309,-4.863229076127799,-0.3815854453790867,-3.018610637303183,0.03483200207757436,-0.14215563881034043,0.05182720423895789,0.0804539647793878,-0.3445377516240832,-0.7551486335218512,-0.10538440670619804,-0.3224772170548627,-0.05101158833922772,-0.3269292099059733,C,B,D
773,3,-13.675965858756834,0.3785107186369078,0.7344798674582701,0.005788977176201681,-1.5379682564699024,5.344385541913477,0.39849113936385827,0.4820217587686825,-1.3586777210206993,-9.060810384741531,-0.19806319242447448,-0.8772787931800885,-7.437603147854968,-0.4205547796522757,3.0230375721665186,-0.4661551853565334,-0.1298348705909471,0.21901949781424615,0.49624833807866325,0.0683615107306589,-0.23875976756037182,-0.16852491329256758,0.4085260794062447,1.0564351598381583,-0.932088687160419,C,A,
774,1,3.160658250380345,0.1761671476520801,-0.17369306315781993,-0.014253741105362653,-0.29489559162334017,-1.451529015984078,-0.17929703113834386,0.210716478151068,3.1274044523478253,6.335355099950924,0.3974452569230232,0.1201141554611672,3.688117600759636,0.17834603187666648,2.0426550742476737,-1.1904341009219819,0.32152936507174956,0.059238219228913036,-0.20068622252280885,-0.11659611106998856,1.4808675845346144,-0.20438469203147586,0.4692784280519038,-0.20035477159966333,-0.009687614942773065,A,B,E
775,2,10.092762112789543,-0.02928327131568717,0.11992385221332774,-0.07118309138656347,0.10396535468959058,-0.11503417396230362,1.4867396298081006,0.001882623863112301,0.3706893149084048,10.046486682338044,-0.08227921234894058,-3.7898554389877064,7.568382360054728,-0.3994893793254337,2.2197405682374005,0.6255970914612247,0.532632917294094,0.044181568144845335,-1.3435624331188527,0.3443278520748511,-2.090162686769755,0.44612093282337983,0.08455547127923126,-5.107122121088039,-0.023468706074775404,E,A,C
776,2,,0.18409416738548265,0.0979977873098334,0.05087781018259196,-0.3658734588560372,-1.0010616686366058,0.002779708020000472,0.3445900886514237,-3.3775803804396705,27.91087817759369,0.01983884400171878,0.19412770413901545,-3.5545403748032998,0.2125415854082261,0.9805946859381921,-2.194496914856394,0.8902541174931281,-0.1612187168691415,0.40926123571301326,-0.12096521689598719,6.078042294347591,-0.11515959322079575,0.905842116400856,,-0.4263083843328172,C,B,B
777,1,-0.28491893879232555,0.12098441363703313,-0.4340014571228771,0.09344709936232683,-1.4082193987177922,1.3764252109749648,0.21411085040444267,0.8326568245898167,-2.2203576679269195,-14.873186631950512,0.7846608873228009,9.807270152007678,-0.6902361886744753,-1.6467358830225514,0.9516140997554544,0.5019568944100689,0.3550847835467929,-0.08852611880064803,-0.3571549717709698,,2.6519306573892294,-0.09266301963655496,0.8157345973333728,7.046215724375093,-0.6500434339146555,C,A,C
778,2,,0.11867943742532355,-0.2753310256259958,0.17090363989885698,0.11699142180625471,2.7177366141891364,1.8081341178501928,0.23683794633928584,-0.4305642081393415,-1.682772889141983,0.04619101486475095,4.581268349017116,5.31798149605984,-0.4931582333712991,2.9737826300117307,1.654547998153568,-0.18514430181910246,,-0.7637995879932621,0.19648918394454506,-2.8572564582591733,-0.19430167557445394,-0.7160651629420949,-0.5182990983127089,-0.2823229860978265,F,B,A
779,3,-4.2840846637725,0.016404127150452714,,0.03165816401774658,0.30764726476003,9.211875319923916,2.2168134710888507,1.587312298180922,3.318678545668999,7.614225470870518,0.008277237294528927,-5.852665182967997,7.4942505040264775,-0.0054860457062451615,-0.8372172679834139,-0.9899872386072419,-0.017470827332621914,0.1471070759491444,0.40362011972578515,-0.0439225303584871,2.790570129477213,0.13704595622265994,-0.5700223799745113,-1.3923910210943606,0.32399287154474266,E,,
780,4,-1.8806601125621811,0.01836535244207898,0.10841820293878272,0.03453602936722011,1.4683424002255767,-0.8439299431276764,-0.8374984313035424,0.4443147333697819,2.8050772757831397,3.398318146797609,0.3379958037785844,5.200649829759765,8.788690328587661,0.6293727369109104,-1.6226014295392086,0.5926648281169077,0.09385954185961169,0.22866402122370003,0.4378226284237922,0.009753994397629053,-1.0127332409524483,-0.21578689268531107,0.6012407780740682,-3.714546802229385,0.31260051225496355,E,B,E
781,0,2.2283597446885723,0.027695357437556394,-0.31798947241100667,0.08663292499237889,1.781099789578002,5.621130647147225,-1.155917374298894,0.5512822349643673,-0.27638364024019707,1.7851411265816521,-0.22197981890913662,2.813538717015977,6.652867841690211,0.238071759131767,-0.90324585409777,0.8807615254489842,-0.5308663273664233,-0.14968923340834736,-0.6159511537681421,0.121506880164978,0.758505993991947,-0.40417092770130353,0.12437963524220362,-0.06314641599431138,-0.1115313959113455,E,,C
782,4,8.96122626941935,-0.16042911509183658,0.1979192970042172,-0.15898247287640938,-0.14786891138290645,0.6834543386311219,0.7767559645051892,-2.504496846034993,-3.460261159525276,-10.57356842243244,-0.027829514196076634,1.6140634446678623,1.6137483625602524,0.2520516351896387,0.554269656690548,2.9800775637582544,0.30517542998362823,-0.0022351799743891222,-0.5681230819657517,-0.036064585938850445,-1.78395515715078,0.14537076836981402,-0.14857722206407223,1.0796794043091456,-0.11207529443132715,F,B,
783,1,-9.516427882876375,0.6185971374114003,0.4267545007803078,0.09104936149082757,0.4756152183664352,4.507344046057191,1.108955059565334,-2.6871380124781994,-9.380109876011444,9.143926766187256,0.4855053813638711,-0.6641245005957962,-8.01383415914988,-1.7625613013098977,-0.01911978769458883,3.0436868381060527,0.7769290469716492,,-1.297749774659478,0.39381188454648514,-5.5284275465997945,-0.09157927986836657,0.6925138077757161,9.198806398947323,-0.8767314194272716,B,,E
784,4,-3.437404397604336,-0.06633676726110836,-0.383836567849141,-0.0973185222961346,1.4585571029429283,10.035448462581556,1.6536334744302053,0.23480255683309512,0.30797624821814684,1.344716544700674,0.4394534755337092,11.933668710745367,-3.8052713600972936,-0.2340377240869423,-0.9516056741230943,2.479543217562483,-0.13451851646933005,0.10375041665374081,-0.2865765403400456,0.10870443706378628,2.23342885342197,0.2639470091098352,-0.6365662453230319,-2.8083894376991947,0.6614387307496188,C,D,B
785,3,12.448284787163665,0.11419998124006368,0.013562779672721837,0.10737696352801748,-0.14660732096688198,-7.222600652288193,0.8028622212576249,0.013469362400783233,-2.0962924589439194,,0.04575159185915346,-2.7295119804890353,-1.0356319316186913,-0.6491918978402459,-3.057766598088778,-1.418783471992261,-0.19767010120144168,0.10687524406202312,1.0665282106510592,0.17189228006127272,2.1612243171295806,0.22395633982458973,-0.7523402786776066,5.766454865226041,-0.4894360826942042,D,B,
786,4,1.2040789482008472,0.2786280623263475,-0.4526387587102224,0.002555368904761091,1.1874505570614866,4.830413402906134,-0.0935905746470024,1.2197073210002252,-1.5528465491355972,-12.587874376310202,0.3221601208263507,4.092787309846154,-7.847901601628999,0.6676461652861635,-2.766465109618588,,-0.09966361605082653,0.1989531698850633,1.9159745136902195,,3.579143544712809,0.13612412835502238,-0.36418550352695417,3.025556302825356,0.16738361874217067,D,A,A
787,1,-9.583738118987378,-0.3945406134571726,,-0.014942931525408125,-1.35100332849468,4.2804028934124085,0.6493853231075193,0.9725134218594073,3.2775290543507114,10.232328341816443,0.12435115043140824,2.465187784000095,-8.850523098095332,1.0945691580054733,2.4538666236453897,-0.8551469488991748,-0.5458867170417818,-0.2039022885568729,0.570562290287319,0.01967597871139971,-0.8092498127917603,-0.17464639422267456,0.20983915848406898,2.4588990324521713,-0.03657444687556704,F,,C
788,3,-1.7495427123024136,0.0004819623564656263,-0.11746511416273692,0.06109472092481064,0.2125886914291748,1.9199778228973787,0.8605019859342603,-0.1382932224494988,-0.4438451083674356,-9.784597861510672,0.2290875447328216,0.21180893011282265,-2.6676601326578386,-1.3250912434117392,-0.01985079025448264,0.09335381823562572,0.5828590679274146,0.1353443411427675,-0.1543274779985896,0.08239233193896713,1.2615332061290818,0.17911928909746772,0.537030306609287,0.38083371843506375,-0.11282701379942896,E,,C
789,3,1.85359033709023,0.23799706536405735,-0.10484244258194245,-0.11858273536522564,-1.5055297806015548,-1.9083845605718306,0.8720279932004867,1.0090807517199185,1.3412802048834271,1.9116829277267482,0.19160052693019744,-3.46685142125498,-4.63367086133997,0.010875714989342738,-2.095031671080566,-3.96882620081735,0.08644189078052018,,0.19624005867952798,0.2425940056059748,2.5302682372113376,-0.10199604550533509,-0.216975015974766,9.657393047621486,0.2672050331254532,F,,C
790,2,-1.2545733212020436,0.0001842192420007731,-0.25223274413167884,-0.005269481250151399,0.08781692628141469,2.4680514508282765,-0.023425848678199954,0.6764360487056893,3.664351802701977,19.34264231466671,-0.48686622647199473,1.1160288729047523,6.375349274825747,0.07753420792524052,2.038802099124176,-1.7842292008157434,0.40562983996009255,,0.21098827483903157,-0.014510012841091137,1.5845217979784063,0.1720271957954694,-0.7043945073825219,-6.049012059659967,0.11089491298008049,B,D,
791,4,-0.9513298873692652,0.1762330843503638,0.4944797757269288,0.20598503080509323,0.23478112235903523,-5.034830106562532,-0.8421675221850244,0.36510834377414236,-0.944115940271105,-9.22455182198321,0.31723835671502026,-8.616951062518474,-4.740543691771461,-0.6100207003435874,-0.11362826126550254,-0.7541446568674475,0.6748125310998041,0.038242814050470884,-0.28124161239442175,0.03270763020630477,-0.7452391131443284,0.26759497791692793,-0.02393009958666018,-3.701447705219558,0.23656247100887975,D,C,C
792,1,-1.8509141478000855,-0.09372565002084726,-0.18347350228697154,0.06582849213654689,1.4208720551717877,-4.3370467577830345,-1.9729819167139153,-0.12069330309093572,-0.6653123415841417,7.9071692519602585,0.04715179227008853,6.400792131578871,10.018469305249058,0.9401053137655927,-0.9666870990572217,,-0.5389076372447306,-0.1093649787263592,-0.4332421476866095,-0.18084162088749098,0.3466577401365849,-0.07740131072042367,0.20784487069222038,1.6518500011096633,-0.0070854203019870285,B,C,C
793,4,-1.153050537167321,-0.06438190751779821,0.07290313641625255,-0.36928248634829863,1.3783792834877073,0.21751237277097468,-0.26409320972868183,0.5497640362005815,-3.382124380243098,-13.318011494501455,-0.21541290379372502,-0.8380672030622773,1.8403431486934694,0.11647729956535662,-1.6990058488272075,0.022870771169496686,0.8659351702654645,0.03774865992735592,0.1566893778309789,0.2725751722505048,-0.6661205170397665,-0.005326377909216474,0.3372933946859401,-0.8317767448610773,-0.2021681215564076,F,D,B
794,2,9.872840319305807,-0.25468156271709763,-0.0889708014271719,-0.13731828840416815,-0.6969451549595034,0.4987085721153096,-0.5806966080626712,-0.9609125996284622,7.363447847306074,-16.05516417426889,-0.511279012680408,1.290196686935034,1.6300188817456867,-0.5140072096194861,-2.1345618571856195,0.6045426169496957,-0.00361042000676121,0.06390674205925806,-0.38764514375038395,-0.2594086899021274,-0.7793575610503709,0.22282712316655717,1.0341916123083565,2.794742637133324,-0.4845912435215548,A,A,
795,4,-3.5048332413170815,-0.4780116610004604,0.42439201964532663,0.15263856236606066,0.8169814729397019,-1.340838620251325,-0.2812064403828417,2.113773923619179,-2.61476343976799,-1.1681203807635967,0.19488655466102528,-3.638828805603116,-11.129432781118396,-0.05551253272584169,-1.2650165977971453,-1.3092081136852929,0.4912154712851834,-0.1518336028920349,0.39733755141553884,,1.923871068980855,-0.1064096813989688,-0.5597754483059932,4.229746511720991,0.626991613907685,D,A,E
796,1,7.879627959309452,-0.19499948878864698,-0.028386604036231656,0.023310548836286762,-0.5949629549038128,3.898317862046754,0.399124938499358,-0.4059472247476707,-5.787590784429284,-13.331709498253627,-0.580127858229472,2.1531444551327605,5.752253920617248,0.01257541612813091,-1.9491288770438855,0.5359542325200598,-0.2718912285222133,-0.1390992406903401,-0.40695600012248684,-0.20581101955516623,2.3918767089002047,-0.23914557357377078,0.10809657059407936,0.4680328603415637,1.4945796526843989,F,B,A
797,1,-0.6814717908638908,-0.18405074149364936,-0.09149655087027225,0.09010499553293932,-1.0198536261707731,2.2844522338372006,-0.07830205718034923,-0.976104930349454,-1.0190988316909577,-23.458738342380332,-0.20595422177875575,-1.707522401323784,-1.538513430597403,0.36170737787885543,-0.05157266114931281,0.2928123809089314,0.4176822722057701,-0.081540649014606,0.11956814894479922,-0.02606758885340913,2.505497037787076,-0.13233492507541436,-0.47734277905607736,9.02132938475386,0.028025157050681624,C,C,C
798,2,-0.0013990197006571935,0.2743510662581154,,0.06933544254013353,-0.4060843606806816,10.476415866124515,-0.2032889892261568,0.38564608891754415,-2.3829677485418976,13.369949424267762,-0.096322948250498,-3.554252738995809,2.0814526764173404,0.6616046870088486,0.7126991272306653,-1.23990975061892,-0.42905074519966285,0.18184639533740796,-0.27970547892713454,-0.28250603642672495,-0.9421771442402205,-0.13444191261017255,0.15773663269925803,4.271004947104747,0.5675204612447197,D,D,A
799,3,4.518714413254836,0.02049993008310371,-0.16586015588981323,-0.0333222124575345,0.17027362370766097,2.029509221787327,1.1446576363760315,0.9869622869254838,3.1731631191849665,-9.226391078882314,-0.018258562883257324,0.7483683829079004,5.0809914904006765,-0.018864325767936063,2.2000969928304603,-0.2002851366973928,-0.07440280785580618,-0.08294521331253187,0.1760438760363119,-0.10550374981292432,0.08110082011153553,-0.3442013557658575,-0.20310038451429033,4.153441001309633,-0.307011285804881,C,A,C
800,2,-6.569419948854577,-0.13539717080753555,-0.0872472683721908,-0.04290495227396158,-2.8825217050526666,7.995174238020569,1.5950138498275386,-0.7390143315634542,1.3169434683407146,14.345231982452523,0.7034801506942605,10.658264983580237,9.696367144899943,0.7723024106794726,0.12274259214187212,,-0.47845353337771396,0.12188628017442041,0.06918769881742391,-0.4947048850611477,-3.916890914908021,0.015578602510209268,0.7439567114529113,2.867822793462508,-1.2536878214521137,F,C,C
801,0,1.8948822781351145,0.6674155596452045,-0.6055801137714654,-0.1335901006467338,0.4364452485021433,4.030294345236181,1.595763470506828,1.551009233062565,,5.957264956971048,-0.3047910572535368,3.336954283738368,2.174851352242901,0.23810054550210827,0.672310582715443,-1.181644080328063,0.005707623566781074,-0.05952988926797333,0.2937143329848172,-0.0018871916893616267,-2.7994423540798956,-0.01595659396074578,-0.8663676961109963,0.8431137751131311,-0.4705508759093724,A,A,C
802,0,2.8833841862134375,-0.10023385182951457,0.10000743062404598,-0.0173780660606519,0.622192512667436,-8.367483778511348,-0.8188955401892383,0.0039737745175981954,2.9031095649396255,6.154001033475793,0.20620079469499727,-4.6776128210591175,-1.0944068449693063,-0.5461701954905958,-2.1484971553351837,-2.080471060842178,0.951001341785534,0.05250052175440212,1.0226721318869803,0.10398705456103398,-4.601551211146674,-0.34687768937898145,0.379105630078511,0.24334376284398057,-1.0289656406781298,A,B,
803,3,0.201561016672576,-0.2078723394419336,-0.03464742809983646,0.1994928153848254,0.5583248925604967,5.189832634817016,-0.2568624241889608,-1.026642732326362,10.385545792948365,-5.853159453678761,0.10578816661887505,-0.5337553082439953,8.28535540114856,-0.1191597992597161,3.5253920426183676,0.03297344672486908,0.5580616725465788,0.15717312513649756,0.3108484425357934,-0.0664131311304133,2.1020120693226794,0.0254121132768347,1.194372596080183,-0.983832057085307,0.6748414389955687,F,,B
804,1,-0.3233355172866186,-0.35370231925050566,0.3007869482372118,-0.30151673702526804,1.0067233639020914,2.47981046378333,1.6869293616377605,0.2618999665814331,7.259039693595526,21.165156589668122,-0.4329214901762595,-3.898004580315129,1.180826434610008,-0.612384719098175,-2.6278641199757176,-1.306286310231628,-0.23768937053816577,0.4382313261775235,0.6460058484373137,-0.09629890495240044,0.7603724663896133,0.2553814001140792,0.7046207512789958,3.6997653766419663,-0.28591781300463565,C,A,E
805,2,9.576977344295818,0.2545663563496513,0.38468117415181213,-0.10969026522611496,-1.0591587735860535,4.502616264029912,0.4889506488328419,-0.966439737213359,-1.5426815349384437,-0.16796418897587537,-0.3408351243646069,3.0422088784427004,-3.883650274006973,0.703489545810524,-0.4396205995258898,1.033579611883836,-0.06943469117394319,0.08781124771068718,0.24429674391202408,0.12007931080667458,-1.6332930763194926,0.09202318203826741,0.11780813360838992,6.764324657117095,-0.43168558198787554,B,,D
806,0,-1.2233408958602474,-0.0785441334322896,0.3091440085363667,-0.065315893981473,1.1019559966715673,-3.402849095627331,-0.2113339924426958,-0.1554510912120749,2.1649099999268855,-20.96267234214766,0.5195551294597467,-2.3385883094315036,13.348313401749724,0.9581346242509221,2.143303338882462,-2.3667638306206853,-0.3259311653151124,-0.048516138903298346,-1.3602570995553933,0.18088134019027458,2.9695365760556642,0.15459882487452542,-1.39570409501914,-2.7984137536858804,1.4274834122738238,E,C,A
807,2,,0.06060239497574515,0.17323450611946953,0.030075956461017996,0.3973984294900121,6.897098820584925,0.8363256352769527,-1.39601666899153,0.6591112548631816,,-0.8152877049461225,9.3872452261507,14.095437094672512,-0.4572571002620365,2.779920368436097,,0.30829346871894403,-0.02489398201559918,-0.607626981209358,0.05685435844045284,2.496321141917941,0.09326996231374139,-0.5786046774424055,,0.398307070437805,B,A,A
808,3,-5.900369800293299,-0.19323284997261156,-0.365572763379776,0.05776277589297989,2.98006361953615,-1.3488754886948962,1.1111764111295073,1.818462081592336,-2.4738985746154176,-2.218438155005351,-0.30604788156355445,-3.6781500991607277,18.93623950342305,0.09242430072566835,0.17868261813115988,1.8861074690795776,-0.43648138769939326,0.15029876360508798,-0.3029509037571675,-0.07975460090235023,4.465546810884893,-0.07919085451056826,-0.5789177263959784,5.110936635070191,0.3518771270875604,C,D,C
809,4,-0.7863454921974781,0.27343026735149734,0.37315264670391607,0.053564434429136686,0.4678118860167143,-0.311128064061362,-0.6671400495438333,0.36851206129469194,-1.2152129640214542,-5.6863952513515486,0.262098142307297,8.723624945943218,-1.1982055983967825,-0.6262646825430068,-0.4322029702900426,1.6735430189575944,0.20502340086815635,0.25095573405461913,-0.3993870403285703,0.012398965815832929,2.0794869269195844,-0.09478373813487548,-0.06795657441110343,0.9361865955164007,1.7894303906697655,E,D,A
810,2,1.4096376928526124,0.20036732740814261,-0.12318006105768818,0.08229525623204435,-1.0421206442245567,4.657649461466484,0.9719710131662888,-0.5438020387543575,-3.8341993251409847,5.4522031422812285,0.0645689154852916,1.5575086694119042,-4.846543136310016,0.5998150766451434,-0.37240763092936074,-0.09493240932896514,0.4084005744521575,,0.16614221301868295,0.031388924837465866,-0.04393804611754817,-0.5547704854412179,-0.5520853819046632,5.823774605109085,0.40535066199455017,C,A,A
811,2,-4.884158749531146,0.12876421685586284,0.16033657727872894,0.08454445226118268,-1.0904399255454253,2.577110344129776,0.6284594819167663,0.3838700680653444,-0.6063422459384784,-1.572226033543305,0.08000859630573567,5.889322806856328,6.922169562492253,1.036478280330076,2.440682452736312,-1.1957647310748154,-0.28731074986381,0.04475450368941223,0.4401151669455343,-0.340451911103003,-1.5096329196860765,-0.1908781340190463,0.32847126326476905,7.557902755764239,-0.13620419331027037,F,A,
812,1,5.079376163702647,0.09236720977205984,0.09314013544174501,0.05109815217731763,0.2764076078285193,2.8639880881254984,1.8057038114774409,-1.5166453202791257,-6.536502227455146,-9.314518449800138,-0.030179795903685597,3.3327362183752616,2.5968473559668444,-1.2299489993469095,-2.0493074472715955,2.3602714124575925,-0.31819192676586305,-0.04222532727334397,-0.8617316164005566,0.025540251498393635,-0.17434679886496715,0.06780617710938631,0.17207927229741335,4.073457116662209,0.3497516142023453,B,,E
813,4,4.94012666142847,0.2462683110929462,-0.19408631847280167,0.004341630997483482,-0.29325431840928373,-3.016681364092933,-1.440081171054058,-0.07063043408297547,1.2340241946589978,-36.37598017132616,-0.02301477592781111,-0.07796826218423468,1.9442742614197956,0.6386923589460285,-1.4309426751628298,,-0.24834718424744362,-0.0389552413862194,-0.04534931476820945,-0.04410540300260839,0.9826715253829971,-0.07830482774698214,0.47887404124097477,1.0960755123139625,0.2871517169739499,F,D,
814,3,-2.53621534888249,0.48445181682174177,-0.6986129324406812,0.010036002136981014,-0.6924955097435869,-4.348307351586239,-0.5213477687429636,0.8215205817198098,1.7200364944509106,-9.36143530296644,0.32162724990550007,2.245673693191053,8.93197466410055,-0.9130117402935896,0.49968495893665665,0.022730948280192835,0.10536054825812163,0.019731060940809397,-0.04290757313155172,-0.19595035952922407,-2.153420110114061,0.04642024978261051,0.3434106779812657,2.766440564781909,0.6493966822132522,E,D,C
815,0,5.675947883644289,0.30550450314757555,0.3106190280072949,-0.014236293077751212,-1.7351381409738384,-2.3756568954524284,-0.3359784170904189,-0.45775890290123883,-3.593472931374357,8.473884701785968,0.3528275225862196,-3.596116672907615,4.867365233277716,1.745699894513972,0.6635254627059696,-0.048602591320961265,-0.233723536710133,-0.04121336100368061,-1.129897189600991,,0.9940873156270481,-0.3693309784032876,-0.6653179654798342,0.0761336342400666,0.8478292636442459,E,C,A
816,1,-1.919720081599154,0.02841762573563478,0.25485147660659263,0.027488149532586176,0.8590092697376356,4.3091854002268235,0.39057748208013576,0.6509505061926845,4.881059290511085,-5.931811929464989,0.4374520243615625,-5.34867708378095,1.7419436952364074,0.8611300028363869,0.7444926564877169,-0.29201205839073535,0.5562044027392248,-0.031643535345305465,-0.383227168710799,0.23887878718262873,-4.075958250327753,0.3412299915577902,-0.48670630952931043,-0.22625180039186643,-0.9482519983529901,C,D,C
817,0,3.066523617384108,0.3242613763671441,-0.3113884812183876,-0.05652494726526004,0.6287338089518391,1.8118522857104071,0.6605191375814822,1.399847299306405,-4.095879695006526,0.38268470331664284,0.3920276292872826,2.5321347919168065,4.379545780727683,1.1402977809800352,-0.00018164577282686633,,-0.5409886269573799,0.3452320633103823,0.41908382861654486,0.09473216570946211,3.2306368983255633,0.24052076113180923,-1.2214367966693525,1.3682655752376778,-0.6181118463827839,D,D,A
818,3,4.546360808000355,0.2505562074319539,0.04810510472789208,-0.010416166670604366,1.9168781201000393,5.947294351245279,0.11274533442107906,1.9731841355722695,-3.9477277737450605,-19.32692431105,-0.6253748107565703,-0.22005380757931883,7.227230135296004,0.732096736171106,1.61210108340964,-0.4187960200919171,-0.6334424606267235,-0.11088989897638006,0.3428724698037806,0.3113244147445748,0.008725268360465282,-0.06778489973472233,0.03235731367822338,3.8499167577254996,-0.6448298364481275,A,,C
819,1,2.2746686476059454,0.301303486176657,0.01836910428662556,-0.08948663232197523,0.29995354925498785,-0.5747477331257734,-0.6334141079621814,-0.10544617807434893,4.117285657925378,-8.096238883787787,0.13835189200863496,-1.629481017162646,4.263023512845567,-0.4146413766791395,0.5241843972992156,-0.8836687768525193,-0.06018502062728592,-0.26435583303993804,-0.05318233743554711,0.01398171083251966,-0.09739984966272933,-0.053269707165975184,0.09914801303969009,-2.4935148969207184,-0.5062216271349593,A,B,
820,2,5.657085619329994,0.20285167910069998,0.21023620053619294,0.0685680772038857,-1.951698691008349,-4.155419563208114,0.35770142259389404,-0.7710914068622935,,-6.514965149160058,-0.20255172396265334,-7.201695525436872,-6.401174107529122,-0.5472651847130257,-1.2540238227681417,4.301014778454338,0.27640069665046085,-0.15107757668155467,-0.41279190741672633,0.38753467780242074,-0.7033054479478718,-0.30066247537945157,0.04556821038255239,4.7051642574336885,-0.6054471733988006,E,D,
821,1,1.5964143935378075,0.2242718885014144,-0.0627661848427775,0.07619248574683234,0.4694077487879396,7.84789726734021,-1.5017716475292775,-0.5483865148705789,3.376135489019797,-3.929440979132902,-0.09566340691653974,9.585593303454365,12.019486501054823,-0.8523076965738677,1.5333483251220712,0.7286655452656027,0.2484372659174038,-0.10186087068383509,0.3335988128949988,-0.10115101398040824,0.7872860595420416,0.2307142058636808,0.054801906421758605,-2.465212743946673,0.756535715592109,D,D,A
822,2,10.892520422977702,-0.46557499698218036,-0.014314772711494776,0.035545929416204644,0.731908904407867,6.787815765450325,-0.21981694594996687,-1.4821540515502274,0.6726008317171607,,-0.11270500080986116,-1.453338345929152,0.7092877275936788,0.5127946995440487,-1.4392778608797367,1.6796409016204283,0.09411612850538756,0.07089866366174122,0.49011701854272127,0.4502306668638208,-1.5228549676011542,0.21083837019443805,0.35759064385913475,-1.567220289009724,-0.7777243551655721,A,A,C
823,3,8.66212842086001,0.0989628516981424,-0.054454329467426114,-0.08562788810628902,0.0793917776333362,2.5706175917717364,-0.23624740396059565,-0.27067175971044855,2.685001863945157,-12.61108415731222,-0.01598337674576198,5.623607680700431,4.581375986592382,0.13103473787237627,1.2786652144363828,-0.03757301897902333,-0.7117502917112009,-0.1070805136002974,0.8837015775949754,-0.004982267116272112,1.6030312135330615,-0.11415011141719929,-1.0488509694818293,1.0087286932170056,0.07155274159271381,C,,D
824,4,-3.8919115047264823,-0.19762999904196027,-6.434736727800511e-05,0.12421941957536257,0.2432781633498994,-4.035053456165995,-0.39933349635196874,0.7217294933714575,2.6677071742304515,-5.532208844579765,0.07972666651790823,3.408391952125172,-3.5160830463985726,-0.07936324371561813,0.34020881691611604,0.37413969279621284,-0.7046103215458762,0.08867091855490926,-0.23962446717976837,0.059971455362367525,0.6672085365661543,-0.23169487239578399,0.3668058386886452,-1.3587739014501419,0.25174399843013123,F,A,
825,3,12.992021147811712,0.017710341696985512,-0.025222653692671203,-0.12158182195163166,0.22454217448666233,-7.261368382186588,0.6544688720814268,-0.41900854806927135,0.3275098096248762,8.635539535695495,-0.04745689448992583,0.0792673412070206,11.106400259668131,0.30758123125557696,-1.1476549877949165,-0.4397487659940761,0.0538242519012097,0.2915707243515804,0.47057472129634026,-0.2845071981941784,4.497455176308939,-0.06623998967277252,0.11773291834184672,0.4867994616101206,-0.029347259588837687,E,A,A
826,3,-1.0430530483796134,-0.2124242710787112,-0.06364986943763139,0.051371276088310526,1.488298788839538,-4.164321190820551,-1.372951949757373,-0.9870350103111327,1.290793253193552,-2.246029024646276,0.1259025756047867,5.436125954899965,6.945903406352383,-0.45582042258681416,-1.8852396736204633,1.227130976843361,0.6019085020153578,0.11766290483155639,-0.5937888162794496,-0.327545292613139,3.3106747134926477,0.033896320850227736,-0.25827458529262004,-4.067776270923918,-0.2145653271487176,A,A,E
827,4,-1.3877834826225484,0.10948479329630183,,-0.08095729859821169,-1.135695904192162,-5.88369910017594,-0.041790395480924614,1.3906626035659777,1.7182067488747332,,0.0073071828605443725,0.29299700816745233,4.994930319931523,-0.37619524828130185,-1.6560370624776992,1.5674538479655196,-0.4701534443041901,0.14263373658535397,-0.7573686339626575,-0.09446788607688429,1.9431881870659342,0.17344999659415536,-0.003024114241416157,4.044266652210581,-0.06720801826180875,E,D,C
828,1,-0.254490742971372,0.06511752881477169,-0.19453827644862326,0.06129139004879669,-0.2960582417664561,-10.93150533437669,1.0076320723375198,0.5651996694010808,-4.832665502697953,-7.7317761154749025,0.18776592356579305,1.0917437733917796,-7.802427572762628,-0.4532869466556337,2.9146455874627026,0.8817539510021085,0.485302268838097,-0.09523214916148859,-0.2861677381754225,0.011351564309809214,-2.446265183876265,-0.10865499278342976,1.0649948347307963,5.3960788369790365,-0.7312428640289872,A,C,C
829,0,-4.86581910293913,-0.20321634437327663,,0.13772083442304825,1.914725124002228,5.586723382496833,0.8244181089402186,3.041208457785316,,-9.718529258070532,0.012083773442644146,-3.1280371406290555,-8.254075528550642,-1.3744874996633711,0.13935109205213375,1.3076373443097218,0.28058586069147434,0.14763376622999752,0.21504017522139368,-0.35708791583578287,-1.9374895535925978,-0.21830044133921672,-0.48566142128798073,-2.1139673632930513,-2.073376699646706,B,B,C
830,3,-2.112135114716296,-0.09127843255463994,0.07566200521320446,-0.043794702258791354,2.145166547182841,3.6421005970092266,0.465323367197551,0.172863627900446,-0.37134528917676896,-25.543101325803672,-0.5340485125060318,9.626675932279488,-3.7181146832064296,0.741160142905408,-1.550722773224165,-1.7586106137878073,0.5005543875479542,,-0.6432552946507399,0.20169454852492952,1.4092541664438336,0.39936142164972116,-0.26070162875050185,1.723408767060756,0.034209890174689006,C,D,C
831,1,,-0.08939932579033964,0.1820443502317177,-0.17437386935040583,-1.5314756948843358,-4.560430374536475,0.24997543576175027,-1.3236181081208909,-2.195429777322787,-16.35484591800974,0.9448378308429469,-6.236832205111664,-2.2835182802292744,-0.5639039895302874,-0.45253427860524426,0.9067511790351145,-0.6004936266636451,-0.09389789058330147,-0.59811863976208,-0.4352617112575412,-0.3561826361182503,-0.010868233606428496,-0.11709504079710314,,-0.01755226165690529,C,A,A
832,4,-6.273770360342762,0.19950054546526375,0.25574561675407403,0.20842865413673195,0.5806029535014011,2.2101271675568084,0.2300126674507897,-1.9271125848888664,-4.697097170946284,18.46387598496991,0.5109611607786787,4.133639741169848,-1.226711584219946,0.045884739077777084,-2.4201279769965773,-4.157970103206315,-0.714080124616564,-0.2508537272402879,-0.708558099135769,-0.1626956888595736,-2.677841652551483,0.13493420891013105,-0.5361425429388029,-3.2183621243294915,-0.5251940703749578,F,B,C
833,2,-4.537011413756341,0.4829841751294093,0.008057959842252828,0.02264321461380752,-2.0335213375917847,-9.653987942954776,-0.35257882721592054,-0.03802274311239412,3.264723730206006,9.003393892189532,-0.023572134568099878,-4.389952045515798,-0.45564635820555094,-0.561447325862564,-1.9557055782274857,-0.8039145976103589,0.6555277667425957,-0.026323496229124718,0.4962664197929654,-0.193060332810125,0.9603517463345826,-0.0027627480922802214,0.13979230772761314,1.4958761757739416,0.44221864533168564,B,D,
834,4,-0.446690267102376,0.6396282211887026,-0.13601987165363616,0.14454305896932845,1.0423845684015245,5.300373824253141,-0.17427669491926162,-0.37465124805744277,-0.7497637860831863,-8.461358497591993,-0.2533169961616829,13.338825512309043,4.433272746042441,1.0239306038322595,-1.3196498016142866,2.320024295980261,-0.2837372343985826,0.2219786330364767,0.8092661572822729,0.34949221945403847,3.075260813153739,-0.033625021600534086,0.16632189345244783,0.4227748857215641,1.4515811302589297,B,B,C
835,4,-1.5494030343401266,-0.006656353968775973,-0.21920948523214356,0.13071686780158703,0.6515738975089355,2.237488469382953,0.8572914644339458,1.4395631099533033,-1.5833917082108873,-1.1624932234020966,-0.7100945520350043,4.466404598452794,-3.555105773206777,-0.1305592627652618,-1.0395492932613233,,0.2660780564533129,-0.09313356739876193,-0.003242612167463812,0.27813658804612684,0.4443794751998829,-0.4939742342326051,0.292958955906448,4.975480818694692,-0.5400772631762687,E,C,
836,2,-5.903410670510517,0.0422172693269129,0.4386267633833691,-0.02801295946403689,-1.2581178651866696,3.099890188559453,0.6274906847989744,-1.6885870660969784,-6.126798680048314,2.6000831931037616,0.10449118472088499,2.3077100262572587,5.984718238767471,-0.6531273680647214,0.930857901521294,0.5283305372232007,0.4348603391334632,-0.033449952687675893,-1.642506843828036,-0.006708685099595725,1.0838457478071015,-0.38788242743054174,1.3352177489779082,-4.1406294328452935,0.0933813843041359,D,A,C
837,0,-3.467099351112727,0.09198891399985384,0.0042729196603108815,0.10952736796446805,-0.6427933233533097,-3.9845479146797147,-1.3333930396712137,-0.6232395554000095,1.9166319802016607,-12.543257751913435,0.28652125741619894,-3.243440951021488,6.051934972044018,-0.33270162216196153,-0.8228989448710509,-0.32239721811968,0.051732431375897066,0.19145268543822147,0.5313306956858396,0.38822567870053254,-0.5666582737918824,0.00028950793939990004,0.1148248746687443,1.655139080259982,-0.5824394284263599,B,A,C
838,2,-3.0549166208636516,0.12685437722011955,-0.0404647470326345,-0.22415323813609844,-0.5441843185351329,-3.061616422959526,0.959340697739636,1.0770929339844444,2.106213785006818,19.89846559696786,0.08819749202403535,0.3272182148956726,-6.340977254788557,0.06317681752760769,0.7985027711747411,-0.6302732196292339,-0.5172591743140023,-0.036983114823743654,-0.026181227278027897,-0.40313064808765264,0.27350278890249136,0.14453519043143853,0.7405574925967415,-0.5763711668170575,0.5251407066921299,C,D,C
839,2,7.248897211024781,-0.16370307799908562,0.047642251730394186,-0.08655200405240009,0.23207243095059485,0.18610684606077818,-1.1075289367194252,-0.9179671419544266,2.248747579697476,-10.527993857476247,0.05254127396740295,3.09083883972867,7.657288784718127,-0.37582253739368665,0.9319192043709426,1.3961686029242457,0.16179034630772693,-0.12193255293544207,-0.5427261995087409,,-2.2605426895788776,0.04155774376122192,-0.06413571468650894,-1.3336482804019192,-0.5150222049534082,A,A,
840,2,3.542707536986745,-0.3305428235669949,-0.27155334973968437,-0.010322033126378846,-0.41385671584684003,-10.952773817130055,2.070839536043717,-0.10217616751644325,-3.262631039243792,-25.407936592322873,-0.302836941210527,-0.7135444366878011,-2.990004846871455,-0.5522266670688205,-1.9628458148641204,0.48926456657553563,-0.2550052473737719,0.19786267339154764,0.6697937104785463,0.29594274430940903,-4.115019252173798,0.024937414360412583,0.7760659355856222,4.077984879212524,-0.6799456585041983,E,B,D
841,3,,0.31557749964762905,0.16329796086740783,0.02072689856877494,0.46509096547172757,-0.7829767207055313,0.6110653632668759,-0.1916193301102807,-1.8800453575183491,17.786165657316833,0.7658032475964938,0.9576228758564345,-6.775751579610473,-0.1537037758376723,-0.1947794785578305,-2.18658666899635,0.04680601868979205,0.1265312159372872,-0.6495321764446581,0.06558677501959816,-1.0569481319551788,-0.1153898236639242,0.47031554818417587,5.2444469244411165,1.12813392761253,C,D,C
842,0,1.8336911668982816,-0.005756146615444458,0.0886705270812086,0.003918051069266037,-0.7168609061518131,-1.1551501632659502,0.8024260836883351,1.2400568987375793,-1.8990352823635661,6.969482579993307,-0.5779930702568071,6.194857875570259,14.795250144465944,0.9374083238683004,-1.263101204338649,-0.9294582278466752,-0.25317334603212854,-0.188937835294125,0.6165667401859858,0.10570725862480441,0.29007986204997016,-0.09619767074296015,-0.17382423839264027,-2.247382019885722,0.6514066630003488,A,D,A
843,3,5.874355793721479,0.3719919228323441,0.32336424055820856,-0.03768276457877633,0.948724025447577,-4.52172823231465,-0.22007232167444718,0.07943193059377264,-4.171333646749268,10.535647249767518,0.25690537136048536,0.8055171495995012,5.73412380282203,1.0436533109177042,2.4694407932493583,1.9347526328884999,0.3465586444809885,0.10882349542162459,0.41252370287973306,0.31742420035674784,3.3041654540359446,-0.025439540858460098,0.7118092918431278,7.505472856824988,-0.950762868390525,F,A,A
844,0,-1.846163108684258,-0.014023373606061451,0.19128538020350208,-0.08391024486726342,-0.6498442753486449,-0.17654171191189133,1.17282011853903,-0.8075175434551694,-0.32646321728973376,-26.619285119381335,-0.20901665458070315,1.0650304256724337,3.4983709660957216,0.6116015425549948,-0.4113212541259771,0.06577197404583227,-0.542745581231254,-0.15458164110101397,0.13581827633384486,0.2571955508680882,1.9615194926236141,0.11237073428075355,0.5160879578369657,2.0948686679970923,0.5322128121928021,F,D,C
845,3,-5.192949954449337,0.20772527899783147,0.6960078331218038,-0.011239011512471218,-0.10855148239273031,3.5767057828803366,-2.1003027934789875,0.09040422183506848,1.2941293429775202,11.892173102194958,-0.1042742513870582,-4.143549467579755,-12.23429668314781,0.22685886802462357,-1.3261863007592027,-0.5424894246466079,-0.46190140456704754,-0.0800578774904932,-0.6023513270011547,0.4280375381556178,-3.4040938477961933,-0.05854492642362691,0.20915666452978116,-3.698454633155464,-1.1911953956314933,F,D,A
846,2,3.46325086735937,-0.007985051698666507,0.11423833260166412,-0.10422462402072974,0.994248200621898,0.3027529499092019,0.26912148531085767,-0.004528362867505079,,,-0.1467569575716296,-0.8264153765322523,-6.788358794343964,-0.27027847310991676,2.349430195522258,-0.39041910739319147,0.2987718823208593,,-0.31492812322909425,0.27097152762877097,2.25440277805842,0.13596471552787617,-0.48144657955846826,0.8876801825028765,0.9472989745901003,E,A,C
847,0,1.9737262132406128,-0.009125479077900107,-0.04095301062929322,-0.0779945466993051,-0.16357570675058739,-6.084006919882273,-1.8353285396546046,1.3149243859933626,0.4242076280593351,3.4779656510516994,-0.012524854358935215,4.826197792378157,-13.688881566099731,-0.21491247964981466,-0.053982963187892266,1.1576949046536575,-0.7162819244843133,,-0.30650868078038923,0.08549527469740605,3.248474480274755,-0.1383457168970454,0.4552529913123431,-4.458261762042694,-0.37344086762896206,E,C,C
848,4,-2.3557207867682477,0.024002933564919317,0.2590293101611866,0.035672911777923054,0.836147973713671,-1.1922632715393735,-1.7304550783009456,-1.1075100777382503,0.7596597553210983,2.206769749392017,-0.25039917860424493,-4.417281453301512,-1.1001463564395002,0.6410032714939644,-0.6008577772986577,-0.6834841771941731,-0.4554377626168267,-0.18205455347239724,-0.15058509307864684,0.014217322727969784,-0.5182408168098794,-0.14695111150707613,-0.17505277994158783,1.5821553095722025,0.3463786261283277,D,C,E
849,2,6.043561768140828,0.1361023058374755,0.3710251177762583,-0.07280337959355825,0.5881657186746702,-2.029143784070479,0.3218308827676764,-0.39950587632095313,-0.12406320593815605,-5.704016751670854,-0.13734000555937284,-2.0528695368707903,6.560542670874406,-0.5303295074586336,0.5809966846775356,1.619079985724475,0.6461840099050695,0.1458719825310996,0.16824079606000278,0.14603033446216007,-3.9841382753059142,0.15062593289102605,0.5608522044668962,-1.5416211875455215,0.8399803524611498,D,D,A
850,0,-8.270670019887904,-0.10011768275561853,0.06633022034101682,0.06050323425693416,-0.9447131190918838,-4.374290391662139,0.5945395945567796,0.7469356975467006,2.255064046584444,-16.15143931901299,-0.016284690428927266,-6.046683405816797,-15.928413187789292,-0.7818561312027499,-0.5840218616184167,-1.9881947216322333,-0.112774314557355,0.1977260640602372,-1.3658296412458906,-0.17076338064557892,3.0253297640895758,-0.035345796697592684,-0.5799155854034107,-6.373638304902513,1.7026777608497277,E,D,E
851,4,-5.802161221806033,-0.42938022625636524,0.13414116514590627,-0.00858012927018319,-0.7111441590626771,-2.581879613080543,0.7647852798662713,1.9863554670754477,,-6.638034510525283,0.5734504262281916,-1.9775979051619914,-10.873935908596616,0.4827467242523314,-0.9295644854924024,-2.1858909836330827,0.1799553087904181,-0.12099740432979367,-0.720472957522218,-0.38995110706878555,-0.4597328024596296,-0.06217434280499088,0.14876389699464956,4.906710249715526,-0.9793727465797607,C,B,C
852,2,-4.048042664748703,0.16221739989376133,-0.18926521288760892,0.13963859542316928,-0.010102663088311767,-3.825443440196155,0.26994946775291945,0.07250278707022088,-2.7328517992200343,29.590173503892533,0.19339380383026455,-5.858282788440435,-13.200058895666269,0.17395335200550585,1.202396656702391,0.7871553118401,-0.5100701392002117,0.02506319271883868,-0.8545263464212731,-0.09107234533268188,-1.1008742717685982,0.054439530360477384,-0.9420829161448286,-4.60921759319459,1.2700667640567913,E,,
853,2,1.6108022080858206,-0.026223597925992017,-0.14942803317900172,0.10574391358004744,-0.17772996127027751,-5.1468909576825315,1.6502354413884324,-0.5749116553384164,1.837277380096173,19.9180767275256,0.2931696823596026,-6.069277863255397,-3.400871944029898,-0.5355622860613735,0.20173079554696388,,-0.2313894454026348,0.2178555387001914,0.4396664917258209,-0.29551673912459053,-0.9637963122104746,-0.07198064817469796,0.6776628335169635,-2.788509242696908,-0.15088434949292298,A,D,D
854,3,0.9693292123100464,-0.03188838803785904,0.5364397735107163,-0.018493881086544147,0.5844635078929593,-4.920284192097195,0.2254573428604819,-0.4183309403957208,4.134156697314935,,-0.002674945260453134,0.03586486989436527,-4.75158352423862,-0.6263974421344837,-1.9751778864869378,0.5423607520420264,0.4367814385009949,-0.03317331030043715,0.3434297908820884,0.08974335402242528,3.8933472018146773,-0.00707941969721646,0.34075275253321213,-0.6439488217135045,0.5800939259785977,D,B,D
855,0,-4.109469684298187,-0.04989565609924896,-0.3252044093514263,0.026202911861483817,-0.26709056156676303,8.840164805210604,0.4448128615974425,-0.8068640303306356,0.8098615258080674,15.799893954155655,-0.19367039946174483,-5.954774276433931,6.0189685261124914,0.1614250488948353,-1.7815541125092256,0.7646573628282164,-0.3829293795116291,-0.019502793876268625,0.9268765888825659,0.25385401195758467,3.9859215546449906,0.0402574570338138,-0.4938913102298061,2.8204704274468617,0.7543926770731563,F,D,E
856,3,4.065641594470886,-0.09960890586807623,0.1335443797632444,-0.04588611985000851,0.20237323223589337,-3.5734172525649077,0.8959135860995677,0.8171061193364171,-3.3369547895325846,11.399776000888574,0.17528114747509035,-3.8303916548092194,3.3575209947264923,0.6650662667092053,-2.42415070028969,2.1697996708251073,-0.606751653787451,0.10921204085139916,1.164418710794822,-0.3717981639640212,0.09586896475941567,-0.22488069596855195,0.6516672675543056,-0.015667503860513937,-0.3546292868369222,F,B,D
857,3,6.622312928395032,-0.17674370086196214,-0.19025986806338557,-0.23154660556857187,0.6871290579370251,3.119329110148517,1.473996094650917,-2.1401077490356135,4.00495155494995,4.806329858143432,-0.3165911125910364,2.987874558623613,11.57066933128735,0.2906836604769742,1.4793436220908218,1.0752168469247971,0.10856899695763925,0.3323331638507975,0.3365019186439791,0.009339448493936475,2.9109643655454054,-0.22204203918079116,0.6635566025168673,2.3297775400215506,-0.20061852471725933,D,B,D
858,4,-4.046477845981268,-0.03766296686758071,0.11240209130666133,-0.16416262556584144,0.7390319154587055,-1.7715766186908728,0.9774032969909865,0.1307464475005348,-0.9076216936935689,-8.03090129845545,-0.24991423835955184,2.551263192953648,-4.592147544038628,-0.3370939782978351,-2.5124600403310944,0.8053996278839975,-0.11905946353536884,-0.014937398669473417,0.2057598171510979,0.12278375783902366,-0.8403919582278532,-0.2375982587634051,-0.5093607974218746,0.212325501704848,-1.194509767715084,E,,C
859,2,8.825602478193758,-0.017754123557415322,-0.2914724164612232,-0.1869141726049956,0.26766981200588413,-0.6884062893260154,0.109782377236461,-0.5157282918775712,2.2916959433146906,13.514639925547778,-0.025576033263562153,-1.6014349078325818,-3.265877778446347,-0.15070480322808105,1.1557847663968557,-0.15571363342350697,-0.21508990502432251,0.15856548287207708,0.9258625641559644,0.10695515371571558,0.5937039477709917,0.0727258312356767,-0.4129366286570475,-3.134153476009881,-0.7252022956197856,C,A,A
860,0,6.82870915565856,-0.004140324137238113,-0.04083182404537629,-0.0030793328792012463,0.43848458825266867,-2.9741986405600023,-0.6276990753820888,-0.49887334123767085,4.6356941216146295,-25.403875670624195,0.0846495614027351,-3.190483872769049,7.294333094951019,0.8083026759464309,-1.3930514598680277,-0.7983555481743229,-0.00586371810392943,-0.30497779050566565,0.230811954465511,0.008750347625283884,-0.24112256246202468,-0.09531053496819905,-0.35567401548032784,-1.206383276143637,-0.22270017385404253,A,D,D
861,2,4.514691890667407,0.06081142024685075,-0.27619558654808013,-0.06059700153959597,-0.9254333220834389,-4.855339768890643,0.5725708757037459,0.6647637952280229,2.405698933330946,-8.390360497212795,-0.5093951500760979,0.20511470967677825,-2.132983829639438,0.41344208716949354,-0.5187257688346684,2.6200278186221664,-0.3552188206304067,0.43238685374522057,-0.048644117843548315,-0.01578294634062852,-1.1135603962591063,0.14502036755769665,-0.5790341706145837,10.874505747683273,-0.8608924554993234,C,A,C
862,2,7.653791582142908,0.3805192923158187,0.5883210734179584,-0.058524127287974896,1.3324837339252424,-2.8165771380844316,0.5766112778728932,-1.230235392078472,4.422883847232995,35.9145951368926,-0.40876755376015383,9.934354307411905,4.356459546514476,0.145921341765324,1.3445344606808671,1.3352765821820924,0.5767285650786728,-0.21636178149026752,0.4072569226114254,0.4092422575920173,0.029602162176685903,0.13782874820304983,1.186685210739597,-7.577666470434616,-0.02202182072821372,B,B,E
863,4,-0.3079753687553333,-0.03488452449062292,0.2623570520192574,0.002192314373852795,0.09378638703402396,-0.0022927070978823166,-0.27663723769671067,0.1765219285185244,-1.8961476753401065,-2.413519626360684,0.22289852447491396,4.406255741190481,-2.868245002170569,0.07933455257520391,-0.18307800391119433,0.5562518790669689,-0.31997478388972656,-0.1230512219316408,-0.41948189922863516,,-0.12960479410192383,0.03408779367695895,0.3292666553860075,-1.0956913107199986,-0.1042738965727426,C,D,C
864,4,-0.5909808760247859,0.1430593638508553,0.04493802603313577,-0.02775329222273996,-0.5167958039096694,-2.9329888840394345,1.537183360893986,1.3541316755425716,-1.0441505395452204,-18.008706586383468,-0.381497945694378,-3.5257799531079623,2.9088252006874815,-0.6519324193694674,-2.2921146653204985,2.2043314478140155,-0.3939754685299635,,1.1169802519636125,-0.07035513379366344,1.0489713272329981,-0.24808050912146454,-0.3523929062858428,-0.25737150094190925,0.704544425995212,E,,A
865,2,6.26839524126899,0.41160246715275267,-0.1039791336976947,-0.06774338269264212,0.1436945314085154,-0.8025478064582434,-0.12659325683323963,1.5141595316464544,-0.9993275997567748,22.542912578758372,-0.4604245545362815,-2.702002566358494,-7.913629570112419,-0.2806888391333806,0.43800848614289795,-1.6076259419019348,-0.2360065227836683,0.061802080499517235,-1.3356879859267192,0.0005911822652938681,1.1550786792187095,0.1658828805908694,-0.18389173008231816,0.37136032098646626,1.7873857939922968,D,A,C
866,2,0.27152278519355716,0.32427797586863955,0.056324787639466876,-0.05689458410334467,0.34837436636275276,-8.718705245268238,-0.8131778012146668,0.7180578814487455,1.3180014202971435,3.8729429882371833,-0.027419274576751723,6.4767585529792315,-4.005029302922347,0.04138230524821792,-0.18207274117139086,0.4793289914979612,0.3288864817136908,-0.0675946539639696,0.13963580084683785,-0.12822111156672572,-3.3182364275494276,0.1335108549250959,-0.13874975263996359,-3.2490948702739204,0.47819640116090006,C,B,C
867,0,13.610928347642552,-0.15332696033739823,0.8171414393254363,-0.00846388275531078,1.0808528333712226,-2.728448824061798,0.2984968556806598,-1.325842204744078,0.2513638208298405,-26.17845241829288,-0.6562684788142072,-10.592485328729696,9.057141316078779,-1.3172186919450872,0.02148472927733048,1.54500491000073,0.1319620428887158,,-0.08221324270968827,-0.41380477368712243,0.4563444483276603,-0.3042621287330105,-1.0704442905310516,-1.1998486492218048,-0.891262485032646,C,D,
868,0,0.35019927697938663,0.041859429272721405,0.23288060714466105,0.14572051557196272,-0.4167852240257342,-6.4234137977233665,-0.7456654918240077,0.2266444021756404,0.5387888049770737,9.605348528664496,0.010457574145088445,-6.275598822118879,8.01616703620674,0.6905580761138267,2.4839084497365493,0.03023852455172307,0.13140260324651132,,-0.13042393103512226,0.05145260566586821,1.6133739140647712,-0.0161407299421559,-0.6482180819629528,3.777250875257534,0.5352479967181318,B,C,A
869,2,9.22562000415657,0.1295448110905617,-0.07998849483102984,-0.04140434492015887,-1.3658074865560625,3.098614174045618,-0.37633553148569465,-0.8555692048773235,-3.583542574527368,13.263273815182188,-0.3355441456846346,-0.22980536444222352,4.765117156816797,-0.5564537398852327,1.4538703318063648,2.014432677027149,-0.20780653262382365,0.07284604568147342,0.4645601545266151,0.198316231748264,0.8355874174228136,-0.13978678499044922,-0.31113788380074775,0.3681309365738719,-0.4955291863260924,B,A,
870,3,3.1389117952860226,0.14636072906773678,-0.47148723563602324,0.09352519429351787,1.359154799914298,2.3290852874927865,0.3091348441092378,-0.4344292365542942,-1.71729116156968,-6.599034421355225,0.08200433620902825,9.424834868178825,5.1019012178185195,0.5408071579691333,-0.7328987343228294,-1.1985210850374821,0.05203212480267648,-0.07803995810687941,-0.19859627898085713,0.12013843214506272,2.825319193640914,0.2784923259716505,-0.4545738473096769,3.255924626741685,0.5743968200455553,D,B,
871,3,0.42065610823230326,0.015964069629395734,0.22331852891916956,0.03416015464223426,0.8959172902940163,-1.6386818017671057,1.6173676801758525,0.31120698862345175,0.31932504125050915,-12.694286547182617,0.3719076054347927,-8.911347946231054,-2.0541278171200084,0.49210248234843945,1.6290689202259556,0.7825851012575236,-0.8738294721057858,0.0030591475543157763,-1.1890787981321111,0.10483219520619048,3.16394702544746,0.25261384341182164,0.028344871703833065,2.1355114280988747,0.2764555288209103,F,A,D
872,1,4.378766050471996,-0.1419351238572117,0.05145076875227388,0.13863119184491238,-0.7894066928717218,-5.107145395826472,-0.05437900498290517,1.0346224197901797,,4.19314037750139,0.04981756920847142,5.907879377952388,3.819045943287488,0.3515278586368618,2.429944493664747,-1.3721335420891754,-0.4730771383177013,0.1897265807136268,0.037583637127342744,-0.0996273142942865,2.4342285602266394,-0.12554231777725805,-0.3184032690091856,-3.684108886814662,-0.4799899578580872,E,,D
873,4,-3.836640796513096,0.3439503437685328,-0.3774004401590913,0.1696144923617106,-1.0671145206930048,0.6903733242766318,-0.08224253466063981,-0.47130554689906873,-3.231323144239935,-3.1268979446952234,0.2885305105274188,0.3954119316960597,-6.312833875764,0.4878479937865777,-4.429105090738034,1.6658836658116685,-0.8403471947582984,-0.17526112512694847,-0.42790038362962324,0.557618111981516,1.724539988619494,-0.31101919477317347,0.396017452800623,1.2916099148097455,0.7108486845494165,E,C,A
874,4,9.137784865456267,-0.4883086694027054,-0.13854978392041967,-0.13346971599202664,0.6167125106561189,-1.4063952622587617,0.356673872604379,-0.15756621267203494,-0.16798584350157175,20.05913444842102,0.10263303493043606,-2.090321593205561,-2.7522292663112085,0.324777904809507,0.7524642781972398,1.494049408879488,-0.20279124772301987,0.10675102889721494,1.4213607690253989,0.37511236085922084,0.021000813756521297,0.22320748023901688,0.9881560679910263,-2.0247064762376676,-1.2365907710569919,D,,B
875,4,5.788209414272859,-0.1477185199375803,0.464829629515286,-0.09312225307792665,0.2503947997506589,1.3406853228831472,-0.7792419600240217,0.8253521464292909,-6.881457246037034,-13.634871813805365,0.24398524152427514,4.880767462824571,-10.183870876077396,1.0250260777802183,-1.589043816702934,1.0874267016669517,0.28305887606840746,-0.2931466991780273,-0.5386708680578526,-0.5303431852701832,2.335830674842845,0.5487909279561516,0.5997809937575811,4.964940208027444,-0.16576908037065843,E,A,C
876,3,5.563558109344995,0.6856426456536865,-0.37704837445180384,0.23830326295013962,0.07304210688927538,0.29624285665934735,-0.042741315774395494,-2.016318998056062,1.3735871279401242,3.7246094773661502,-0.321981026407224,0.2666985770299319,0.8343163174437518,0.7363127487019386,2.135131652003823,-1.5774272032390027,0.30520968990004627,,0.7472308129551438,0.32357167194838055,-2.5375937676271927,-0.07238945424317093,0.14646249333258068,0.11128776229160342,0.8414431688676955,B,D,A
877,0,1.0600535363541808,0.3307375578367976,-0.7461067721973962,-0.06751370690309985,1.431448571702967,0.9388176263452965,-0.5668552282302258,2.0145245224966017,-0.3015936415911089,10.953645293127034,-0.16426215854963244,2.065088076475295,-1.1194721373818979,-0.46581521194902786,0.6111120200230068,-1.5559773853729706,-0.32767572832438674,-0.12211159379876006,-0.8519264811529751,-0.1644604973102595,-2.725808580830682,0.01636126138422974,-0.17465605080079613,-3.9977479818973944,-1.1000447772353539,B,C,A
878,3,-2.4149296716735646,-0.02024147894583315,-0.10482406401204301,0.0021214234818173142,0.11630596881391667,-1.0634976552479294,0.3294274837840753,0.40432905559848703,-6.070731603652675,6.182342531959949,0.09222625205251399,-3.7213557299017204,-2.673252335749772,-0.17996819015161947,-1.2331603976810515,1.5021355457958374,-0.25620553541549856,0.2050547790914536,0.15930819095968507,-0.2330216766961795,0.9221486555253513,0.08458487522844045,0.5144203821728135,5.798569022737643,0.017127664750341005,E,A,A
879,4,7.205407125387939,-0.044469012070432426,0.18478021860193808,-0.1847353425967821,0.15202895162951516,-2.2231128944198786,-0.13174289312413648,0.6757932027893245,-2.028487159310144,-6.7102056284429725,0.009581979073715635,0.9201692357697091,-8.838724090123574,-0.33647432989229425,1.007059097917412,0.03475717821561324,0.17862150177485142,0.3429550599141083,0.49266153151805714,0.020370726365148008,-1.4573921199202826,-0.0036499569689405083,0.25444488415923106,1.8022387672981688,0.2882850493879105,D,D,D
880,0,5.928869576339782,0.07339221189914026,0.18302094582250794,-0.06331796738224049,-0.20391727022101733,-1.5105929644492573,-0.29728969485559353,1.0061400448709459,,32.102152804128096,0.23164430604980532,-0.880509439216642,-0.035425312380079274,-0.39444197107523504,-1.9719206731236423,-1.2143000653819758,0.5991942665669412,0.05163189761712732,-0.12229158927248719,-0.16283366780396946,-3.230573497917378,-0.12656714179700398,0.7328501469339377,2.7812066089566376,-1.2365241194601793,A,A,C
881,3,4.367340729095741,-0.1234061844671537,0.08137288320227963,0.021385717391552147,1.0473103883707693,-1.2483714991158825,0.92923051505726,-1.3087947413253025,8.610282696218162,5.2249795995945725,-0.1267019193450495,-5.221817145793865,4.49403424003957,-0.4091867466072242,-0.527709748407926,-1.8582029985812758,0.2986236972013026,-0.05685897039098193,0.14354969682384408,-0.13148516495911064,3.0420385641642183,-0.2377484885681375,0.36620261178244373,1.7403665347520185,0.9394852892202864,B,,D
882,3,-3.5403550308470653,-0.04754987548234936,-0.12760630874981382,0.006046470819283483,1.4367253589854116,-1.9284942047505393,-0.363494659575402,2.177821988877313,,-6.019310676386208,0.44297496409862597,2.262847941792355,9.956337897132805,-0.4539330631538263,0.5150018602710421,0.755810030601177,-0.8334275331033822,,-0.4793582986640178,-0.08288185263820437,-1.6445569058420593,0.16099340886910304,-0.44039676800114513,-0.2796938978040749,-0.06129454136575955,A,A,A
883,3,4.2802930536504515,0.10603387209547237,0.4804130732814968,-0.1714129623483847,1.6005136196853633,3.0462339236530918,0.9457478991785772,-2.0131598637020103,8.354172739033379,27.03393174451632,-0.05329036287137856,0.22623369927043588,1.2105175665593877,0.31395198642321265,0.5395914047476305,-2.811591826498814,0.3481635498098487,0.04452984212169596,0.0905085084498128,0.27189798237785806,3.3298469196298752,-0.0037033507003839433,-0.12507982685149596,-2.8290989254041183,0.5809741931736312,B,A,C
884,4,-6.558012788240568,0.18836918308149617,-0.012596901381933288,0.049500233741875996,0.3792089844172458,-2.7126636554309136,-0.1171202217636883,-0.40658576255402845,2.0431454376031577,1.4746350345624417,-0.6709121631589896,9.514962071160989,-0.04836725072652011,0.5153811087030591,1.5505312434062124,-0.08132161932435471,-0.3505895965480832,,-0.1880559717154237,0.11652551328327146,-1.62912934582967,0.01623492775386557,0.980203474745097,-0.24946217228849354,-0.6012962636392943,E,A,
885,1,,0.13320994492597052,-0.16764837355943057,-0.04749725288629272,0.05774522559083654,1.3423214959850818,-0.6143669568010701,-0.523786598259124,-1.687545071893268,12.450209857692188,0.10664404813340228,-0.5766509127911583,-14.582452034617626,0.1005868333169964,2.506877246828595,-0.5286825533853706,0.008323500818273703,0.045980883239668424,0.650578347798839,0.40291776407759794,-0.43216051257613763,-0.10789760746948274,0.6619293261803733,5.9422882073748164,-0.35965186282279216,D,A,E
886,1,-5.644438380920477,-0.039493139512901905,0.13986653089241308,0.163338764449573,0.1823341397533334,-1.3432134602369887,2.0084920058747895,-0.8915095578617153,3.9528726535030634,-10.409118107496923,0.10909575786314868,7.669801656758207,1.4626032089353351,-0.12151162978568525,-0.6589768936782359,-1.0843717329099527,-0.011906650534018133,0.1730625917840025,0.47882914015369166,0.31953896346631416,1.0637373443774245,0.5452118642090207,0.5340705272826233,0.5739580567770254,-0.9450787134243099,F,,A
887,0,-10.004682898863296,-0.06579925610953877,-0.27739656986287703,0.09126965505364355,-0.04520448567780252,-7.099201011592594,0.21540961231170136,-0.9957919241430072,1.2136472317604725,-19.833129438216762,0.23640899769939488,4.412254266015071,-7.7820474839941465,-0.9800748032278538,-1.4023804645490214,1.7613995184000881,0.4414846218298065,0.01578585275374384,0.41558049023788785,-0.14057698785916806,-2.5552259727534685,-0.009965597799699352,-1.3051457700160365,-3.2429217521100577,-1.0056353500707524,B,,D
888,0,-1.6793411769288324,-0.12928722854356453,-0.29942101809704497,0.00148131180773227,0.9403789941267705,1.9601040684062876,-0.12326340539619879,2.4160751281670283,0.3565848738941007,3.680780364642189,-0.05322725029574618,-2.996039295785609,5.20126621310591,0.5004746868263017,0.6351431879280591,-0.5783412238421334,0.5461937852714915,0.008900128121803807,0.6411946419339583,-0.1572559098338335,-1.0582114689434658,-0.0771324202762442,-0.1937220888563016,2.7350026180841236,-0.31726036456602713,E,D,C
889,2,4.349455197448503,-0.11814497509101815,-0.13747334712852508,-0.04227248524049827,0.16739150333899713,-2.1082297994633143,-0.12238932522176292,0.542346874336687,-1.0206430852859691,11.481215304373926,0.3837688486559909,-0.5508150489786389,9.290574653182594,-0.6469951046478356,1.7194565944171163,-0.8476821131890445,0.49055266659909724,-0.03153100464560816,-0.3627389807267567,0.2322948894047637,1.0666419416833843,0.03773902560718437,-0.2661153933141898,,0.14492703078384178,B,,A
890,3,1.3758885700395123,-0.013190552057827147,,0.17959059385596288,0.5004984887164935,0.5143223079944897,-0.29017558188190945,-1.2384835100916938,-9.036989889947922,-10.396811129614887,-0.1963828928003451,4.182101901229919,-9.724358865146142,0.028501601684273174,-1.8636332012346157,-0.2722725304768236,0.34720242519104483,0.16464987005170204,1.1132028263800282,,0.10453312825791065,-0.14864224661533396,-0.6574933360054107,,-0.09406170955878593,A,A,A
891,2,4.375189408997746,-0.04624142020586553,0.16597789644675243,0.19129164417199812,-0.18479617813182636,5.459290147786382,-0.3376039344153173,0.9566121517054564,0.7123769831352142,-11.345647726592066,-0.02854899298463478,-4.106722015881534,4.834604034637698,-0.2958573618070247,-2.135285287020893,1.6375163902929435,-0.022150268638972168,-0.24627567319247512,0.04702736673717719,-0.1647395478667367,1.5394384431847286,0.05611698387927401,0.7018894341071873,0.29765239229765406,-0.6943982038542257,E,A,B
892,3,6.0557842648942675,0.15974324769759674,-0.07220085824357561,0.02847641203606532,0.1570760735022307,0.06529592703717318,1.2674219503938613,0.21941886700585908,0.4291020224484431,1.031893101964223,-0.19987453648402811,-6.564518152928882,-7.587242898300434,1.2463458404981598,1.984623610898974,0.23094289552872227,-0.06975857404206931,0.15288064784405725,-0.9328150860470771,-0.027496123871662243,6.5252423996768645,0.1085075999045456,0.20137751033468762,4.217158245686586,0.27552610912338255,D,,B
893,0,6.382872020181395,0.2673482383059999,-0.030758081756369838,-0.037889589414864054,0.6855944170308169,2.8597100802739637,0.10977759750072313,1.8028267353465457,0.1818619687338251,-12.202441275649058,0.381493388962802,8.086958551991698,-6.979230871827667,-0.16826286876480262,0.6669852076888725,0.7183379121836091,0.6870579051925125,0.17746856622741425,0.032871584202424045,-0.11543351529067832,-6.605633133887121,0.19651637040101338,-0.49536013974604504,-6.201844033873945,-0.885685337382117,F,A,C
894,2,-1.767193338636263,0.0757630406658608,0.17200330039958112,-0.08394988064676061,0.7641110653304541,-6.416970730904335,-2.25106676617771,0.34501358987193737,0.3165672726003592,-2.9972671093802346,0.6092559859121868,0.9042968510486254,9.762009188298935,-0.3887485173376028,-0.44929505835954137,0.6623092958864653,0.5774043533512507,-0.043680912323657874,0.7350546006562715,0.3016535346072016,-0.45199934204172826,-0.08378492102419005,0.5192599155525618,0.29293253041638195,0.46778000523839613,B,C,
895,2,4.361649018092007,0.22081892921244387,0.14199039087904633,0.08817974062305445,0.4525982207149455,-1.7799515036972766,0.7033519525006418,1.708353305954862,3.4178397961498344,,-0.5266871025112657,0.2717171973210092,-1.9579560356428702,0.7898470523471415,1.401304151363453,-0.8016914440735673,0.41224141614812626,-0.13085052160761296,-0.8276609321488927,-0.08376677612508869,-1.6940983695718412,-0.11504254955383632,0.12516466886924726,-5.524813471024181,-0.1641950260841469,D,A,
896,0,-2.945613647338355,-0.029296521555300478,-0.21983218749461106,0.05216852281939137,0.5190631663114872,-2.9245672014889137,-0.0902217542997803,-0.7060136983544419,0.9396633508208564,-9.104633591279965,0.16761208126249505,8.313931586531753,-1.093518631049241,0.2306214831473154,-1.2161698758167885,,-0.2923830692905876,-0.017973434559359375,-0.28155795685540225,-0.4467900548770233,-1.427328781745848,0.1509475731187242,-1.1472901952412489,-8.03979407153472,-0.07714071552920602,B,B,C
897,2,3.930594516962467,0.5683129600217888,0.14708049400106799,-0.06096736924692134,-0.04243191387314292,1.0116598071179006,1.6850446045247651,-0.6437885908217755,-0.9807893496561088,7.67583862106838,0.10286248626511124,3.010521879352223,-6.3409052955146326,1.2555467973194472,2.2228614847538353,-2.0892444236315995,-0.3273585247106073,,0.08398323306043089,,-2.8336777745386086,0.01646985629432315,0.04672353157406683,1.0574958240529289,-0.29531679865786503,F,A,C
898,2,-3.567210785968125,0.3361242270865358,-0.2083225791574042,0.05650036160296763,-1.3572746219811167,-3.18152621731609,-1.2582637698481451,0.04324839038885162,-6.336500429178367,3.2611571643319275,0.2891557077822871,-0.3015297930810436,-1.2392002960004307,0.37678118729159904,2.2261085751751453,0.4176088409461913,0.39222788560707655,-0.004652504781309694,0.2936747273230688,-0.21154103226581708,4.229960854352647,-0.005675890127245261,-1.446412308507848,4.221340700225609,1.708147085045133,E,D,B
899,4,0.13280653103490794,-0.3700875639724785,-0.05701242905245369,0.027655995100340967,-0.045047586508164525,-7.770423215528307,0.16578898365697928,-0.6819143043006674,0.5394440864985046,,-0.1832875277099224,2.6175718895266074,-9.396957184172189,-1.4484142959455322,-1.7329387441578394,-2.7770159576429854,-0.6374602050302205,0.11740289945395777,0.4691425619813382,-0.6148996989595408,-4.097837785996904,0.037608641546368574,0.06151792912358893,0.278089219525045,-1.4566998685121544,E,D,
900,4,2.773349395891066,-0.176340871926114,0.15623284855139807,0.012723672160669747,0.6039675819114114,-4.251839079668435,-0.8686555720982423,1.843825570583136,0.7972717353166663,5.768813805173433,-0.27681046417486,2.1781246446517395,-4.6427543791772985,-0.09242941408308433,-1.9061520996011343,1.035977294056362,0.2869414434352255,0.2524589551678688,1.055430525248117,-0.29136804753128365,-0.9628366623693154,0.19088969724868202,0.04400658022489763,-0.46873384687320446,-1.0356176814941642,F,B,
901,4,-14.749575869637544,0.2874710125983933,0.32432433741507266,-0.02209768871497138,1.6289013807364277,-5.32598958120984,2.901619317890974,0.2050871372311941,3.0108745760199986,-12.309739623752169,-0.7771872787901465,5.402787557615298,3.142052272479291,0.3424954595372807,-0.44518317368077526,-1.0390469242543672,0.20861437120514642,-0.10379193137166437,0.14262014905905335,-0.03931757191620909,0.4253519618683206,0.023593958138534172,0.6703536853144056,-13.100046413079442,0.8626572497170983,F,A,A
902,3,-5.216058979219205,0.23104797317509268,0.026107530437202455,-0.055719201642882785,1.5606516750105075,0.7242579757050551,0.5418240640912036,0.7891990559679583,-3.332241213137394,-2.719017224867017,-0.17110107586843304,-5.089795387029813,-4.335046139223558,-0.025439315975547744,-3.2049203613898913,-0.3725690588336568,-0.11683375938912165,,-0.3611734348964275,0.04290695576086497,1.452712937355028,0.2862490872364427,-0.248068288767833,-2.284201582184636,0.5853987043514765,B,B,A
903,1,5.635978107895642,-0.04819628063297385,0.04378838523635968,0.07621739640975314,-0.5534521464786193,1.5825228515929728,0.03285654073687065,0.10042170748465183,-7.193367000366003,-3.033717545233848,-0.1742218324446523,-7.529686400822766,1.8890768060042555,0.12516762643248133,1.0533403940597263,0.9522012064274704,0.2344276279300578,-0.05832710979479943,0.9776420707134283,-0.011537299862928537,0.2957108146754772,-0.19850011558380198,0.2797661337322777,7.370783928308139,0.49391594515918746,D,B,D
904,4,-6.969327087367961,0.060457179431388765,0.4640558141729646,0.18649705150405452,-0.03011615434338522,7.101345845669012,2.185518140490246,-1.0263505719220292,-6.738623423768589,7.521001554735181,-0.11749581421230995,0.007972079739517047,1.1624416894873462,-0.4244831689337384,-1.3049056943835446,-0.2709320094187275,-0.030987075744309603,-0.2972097800096461,-0.4306083758478098,0.27717485233643013,0.5037441192538348,-0.14937775370241965,-1.0138861447433098,-1.0514861777532862,0.5452561406041794,B,D,
905,2,4.6354194800237085,-0.024914880450526547,0.18228081497666773,0.08806560516940466,0.6840840857865367,-9.44416258084164,-0.442103888751252,0.5984986154181072,7.302579146377368,22.030865466236715,-0.18268062266350302,7.643578021866714,-6.696880964754623,-0.19767557351792064,1.2077461978512356,-0.7716844570928777,0.07990423328553206,0.11207519604273533,0.46083568179596623,0.11837054609918037,-2.2961677520350388,-0.12447816657328048,0.3330664843054668,-8.437086712180944,-0.7694678906415492,C,A,A
906,1,4.9468674619060655,0.17558973204805411,-0.006841679594439134,-0.17543814826405138,0.8248278714782887,-2.0607388350026854,-0.416298472410556,0.8340305212659226,-0.3245187701456615,-11.540735695570786,0.017143638513515063,-4.119460655305031,-0.6845461163171799,0.23397372191387578,-0.09067255032446113,-0.28497871416027265,-0.6077375645369534,-0.0017863755099418138,0.20850947093796943,0.004000644136784843,-0.939286067617249,0.23655266346042447,1.0680413466670624,-3.2089488813225584,-0.3124544174423265,D,B,C
907,3,9.603946387606491,0.011875058282983618,0.07699029470195062,-0.08433566800545354,-0.0045515855357455715,2.5348547472134526,-0.6241857803194836,-0.8515424879164977,-0.2790610464638307,12.822121454911802,-0.06418945141130199,-2.7327504258636024,-7.806782460351931,0.35325339454937243,-0.8875573703013339,,-0.05010747173019424,-0.10334587429874469,0.05624849426903441,,2.6903828271045946,0.41669747401267504,0.20972689964995883,9.288588469730575,0.40054496014483887,E,A,A
908,2,-3.130147955320687,-0.11457763015727782,0.4132516972838386,0.09399608249497765,0.7267275872297436,0.14198814535144383,0.35805797707380066,-0.7513587067733615,-6.8914266100787085,17.55058436993298,-0.605611438521414,-0.4711041283527618,3.3948182705683783,-0.006449688403718999,-0.012414165413313397,-0.02503425638066594,0.42758743553301515,0.13290649786886713,0.35326963918689097,0.08154704354385633,2.966975929837221,0.16857349869497074,0.9204128196015423,-1.1176540668072377,0.17660160451373255,C,B,C
909,2,1.366182074901183,0.24293752431286128,0.25005013110898927,-0.06350380860776483,2.421993139145408,-6.405662949077797,-0.08776756639858796,-0.08131138477643261,2.4567322779070935,14.396105569933628,-0.4357018736538689,4.080741730186147,6.246897048162279,0.8782002303394283,0.10222481918090813,-0.11693193313792445,0.4517619854907044,0.11548948248610597,-0.12872316557699248,0.3387038276814944,0.3331198762460235,-0.11760822812409015,0.0953327989395341,-0.998934879663919,0.17957423316170784,E,D,
910,4,-5.1693695412543414,0.561433511744575,0.09951495295638928,0.13177493821066336,-1.4426727446167034,2.6450829521059953,-0.7288253032763699,0.6955017163255441,-1.5639764102066902,33.38996916484168,0.16851815507671744,3.6962893607830445,6.648022801941696,0.6780087351930913,-1.0457452780059122,0.27904835162021546,0.0688525294304028,0.139957540521903,0.23782922192425743,0.4230589121337832,-0.6189188213602872,0.026964293101572216,-0.9511626059999009,2.0673854472536823,0.28876128596147455,F,A,C
911,1,3.2416943295492393,0.08853289155820475,-0.23292898776597962,-0.02964170102992642,0.01559138490072722,-7.542937799233995,0.03166503441375443,0.9308577746540421,-0.5597586428797968,-8.46446616182402,-0.2126177842993462,4.6490652057610395,-2.5409471934412626,-0.42784076639225327,-2.7359747139690453,1.4153014784601647,-0.6173801085881588,0.003363645736348439,-0.6989786935614007,-0.6486824688443767,-1.1934820632753793,-0.13473892748071664,0.029160421855041592,-7.349095419297451,0.6455004480247252,E,B,A
912,4,2.5230476564106117,0.07033194010873345,-0.02138182897982004,-0.00637750493839996,0.9559362058400115,0.24636879129679454,0.18984128276980236,0.6628055538247598,0.5267494544074608,10.292557583947284,-0.09610839225129411,15.528881863989982,-3.8326278193546655,0.37694565588598855,-1.3909171531327718,-0.23951767200500698,0.09766456975509509,0.08502786371168938,0.7718646091953544,-0.30658940348452385,1.237327548038446,-0.01017901724663981,-0.029505136154392996,-2.8879080861833892,0.8501223196920936,C,D,C
913,3,12.810574941861347,0.40558815252093766,-0.049864866742410544,0.1334622576534344,0.6866622099389077,7.911955724484151,0.8245122861353106,-0.6238305623898472,2.3995202619851796,0.7043805828873773,0.2688297988609926,3.2566280152157585,5.411466080363511,1.439456077054132,2.5790350478429196,-0.13574457629599132,-0.7214324976873978,-0.01878329476877814,0.6737153231990592,0.1912144069582957,2.3082402243554956,-0.11913533690159314,0.2320273529511758,3.633409015879067,-0.7230927883248588,D,C,C
914,0,-2.691123830477071,0.09834220834144947,-0.05058081793875057,-0.10080211518730792,-0.4371276760541457,9.826451006638434,-0.23743332807132878,1.2286827671356664,5.526762583548604,-28.35737882743724,-0.45323710086993496,2.0157957425989554,-2.236629466683318,0.578943620331326,-1.934360001573371,1.999300591317107,-0.17029956005575084,,0.2351913504658182,-0.47490729514840146,-0.9036829364989971,0.0030381124786225664,0.6159589422848182,4.196352737067225,-1.038171680007835,B,A,C
915,3,-3.7111891554085346,0.11565230401381482,0.10706416975870117,0.13915754949995904,0.9731264295244427,1.3150420347440428,-1.0585229217616445,-0.07329268829077237,-2.567494368167702,-13.339094262546327,0.5356840572447422,2.606845477050477,-2.2612799696262034,0.5258605636609432,-1.1154161735923767,0.06331846761969302,0.2857746361710419,-0.2408398734291291,1.0455002801378,0.10888387550980547,-3.2251220242247847,0.21523553377711818,-0.10781663769058897,0.014793449634537683,-0.24860682558450756,B,A,D
916,2,1.7744271439263946,-0.1703110326376385,0.22085175688361136,-0.17676242080723711,-0.795413624512658,3.5784441746831583,0.019353439376288268,0.34826360754214075,-4.163345426290307,-13.002674507643198,0.25323006104022905,6.633151372843069,5.290744246470811,0.2324165528319984,0.7454967428771125,,0.3554601415935923,-0.13572420370223506,-0.8604279576487887,-0.010722578736886534,-0.4381506837628368,0.03184941526533799,-0.0044575091218216605,6.060592924406496,0.6194739110426494,C,D,E
917,2,-4.5371996013446365,0.08248434049753044,-0.382881764387364,0.05602362228049667,-0.11087885413594524,8.26692077002839,-1.0716385306475553,0.12225355354742433,-2.366737157308626,7.239399784461808,-0.36133288993118445,-2.284799625775027,-1.6258714371344416,0.6770011861691483,-0.390422604401158,-0.907103564805102,-0.45107356575606944,0.030310857885948995,0.267003267456435,0.03129257327795411,4.599646160142339,0.03922604303956247,-1.7589583506766897,3.9768594538478093,-0.3398745813887663,F,A,C
918,3,-1.0809414963982902,0.1995916655404969,-0.18379591214467278,0.0722334468090012,0.04008620294222925,-3.888813182185473,0.13789103109749626,0.9088356556763186,-5.119580820987479,2.633440620828143,-0.48266429257874904,-6.863586800406962,-1.3079117767857553,-0.2707267339401278,-2.2251034045490723,-0.16291179628178606,-0.3191153444094051,-0.007692408984617804,0.268159397609363,-0.36769557064347363,-1.1300480243175464,-0.27460841162159433,-0.0658455950170578,0.7826281891551969,-0.2563934113741102,A,C,
919,0,2.7981986975553106,0.11200939110540266,-0.14241696522716074,-0.0692911718909087,1.0193857218122273,-1.0597015262157286,-0.017480385644435176,0.4780288283784206,-3.673380299143067,11.07489930232814,-0.1364737588572189,3.3726969163370795,7.610411488844183,0.2700943098362143,1.246854176086572,0.8870457531276331,-0.3003116848560153,-0.1288398577836566,0.03731805812731944,0.3801149171189232,0.8297896177907238,-0.11763837028858963,-0.1891591730415957,-2.1759830150358135,0.5844629134454177,E,D,C
920,3,1.4532525842520179,-0.0629589623602111,0.035163436037196766,-0.018314818171095114,1.0000628467627952,-7.546212496242955,-0.32881909163678313,0.148696491226493,-2.223994714931389,-0.13858705575654412,0.13754105920331955,-1.064027006506664,1.1575402195767834,-0.1961107743377177,-0.009683281527606589,,-0.456270743361056,-0.11574327622905027,-0.9475199528117745,0.139987373413116,2.6729049211889127,-0.38284002375309273,-0.6299790728172248,-2.3569114119064496,0.04816138152377315,F,A,E
921,0,-1.2560073846989326,-0.2067830199774452,0.03961367187311478,0.0652041928925996,0.7151164239752746,0.41678705890800666,0.3275874543963961,1.7790931184442378,,3.125060025433229,-0.588640873386238,-3.489744698105354,-5.404878625799939,-0.3229527053808814,-2.166987160411896,2.755118592441346,-0.37460441094335284,-0.10725453116568541,-0.27273354991739357,-0.14129504312847208,0.826384717817568,0.07277353625413287,1.0480352662354624,1.2586551822928822,-0.5106127763798698,E,B,A
922,4,-4.2297571091909685,0.43454900470510194,-0.11485220470849229,0.2510762470409566,-2.8137798488438492,-1.0495168306110978,2.1853776329938857,-0.35096066784620394,-3.4102541278050107,-0.5064899200738749,0.34534108651039314,-0.6558855842041516,-2.7350461232232792,-0.5657357339679694,-2.9508772195865847,-1.0766872240394723,0.08391351165037456,0.022133181259593127,0.6196857311873943,0.3655185756642106,-1.2585254420452632,-0.15878619075189912,0.3927212226958161,1.7996195940292499,0.4353893493088652,C,,A
923,3,3.371316525885062,-0.1543375009572052,0.008030770728422466,-0.03286446122365012,0.35913444059524197,0.8848513768891818,-0.5121535393216115,-0.4073918769750794,6.220040033513613,0.5203163503059806,-0.026390419829262775,6.786283195634089,0.5326665225936471,0.037385336356176406,-0.0782287547620349,-1.2361234357351394,0.427032195442416,-0.09319211282159084,-0.6995483910308451,0.11930407508238022,2.1289338996009826,0.21183076395045827,0.8357774216504555,4.31680365497405,0.6665921329190829,E,D,A
924,4,-0.33504722522693936,0.24926786532047218,,0.012626179050060882,0.3304914337975256,-4.256624002632465,0.3624253781353202,-0.7564322378606764,0.5867115207159952,-12.858442123183798,0.10561884265392803,-0.563002201586938,-6.024331943018082,0.014993771588157324,-0.32127440055306544,0.22312125858316156,0.05747552379202362,-0.17938494812886321,-0.09734118849192899,-0.08826904697713396,-0.2522809257180247,0.16144368933551442,0.1923733638811843,1.1638955166364116,0.4425152841040304,C,D,B
925,2,11.000109637264728,0.11817126056413614,0.49513551954788576,0.13267135443122333,-1.6865730692261007,3.577272813758466,0.36804604613276615,-2.042866992184656,-0.7804115241259034,6.276537925777879,0.10906117199910724,3.890053347174067,3.428198309497199,-0.9430082817232944,1.2793533344088484,,0.7099779274866999,,-0.8750493037884095,0.38447904704666436,2.1800436273106896,-0.14847944609163977,-0.020597580528003503,0.4454374040452569,-0.10061063351695394,B,C,C
926,4,-8.207582009360081,-0.1061355029206471,-0.03636303271425314,-0.08423828732486484,1.4370901062054078,2.6264166015919037,-1.2780888535539163,-1.108429983322667,-2.1467196363332604,-6.513926367537629,-0.3177862588275412,-1.3747233126546874,3.7413826061024746,-0.22888723031278094,-1.966540069029573,-0.5236866440215194,-0.43639429490481474,-0.04037816029700902,0.10967337630457212,0.2475624350791277,0.9175947180696844,-0.19461638294138545,0.1349792610116807,-0.43057596524193775,0.21698190024161954,B,B,
927,0,0.12769272697449252,-0.07514702000044442,-0.3542829884564459,0.060313005261373565,-1.0781936137693895,0.0019839977339381016,-1.847348082460473,0.15728715781905522,2.3859852246963706,15.701563477596416,-0.5107573999748286,-1.8227206355512515,-1.13588803079051,0.4618069027577602,-1.0166500779472079,,-0.015619680582761118,0.27029129774193583,-0.48311592383042656,-0.179112165850027,-0.27448340703389396,-0.3520085410642275,-0.02567894883809673,-2.814862053478361,0.12950871016974466,F,D,A
928,1,4.844348954850495,0.05896020565999271,-0.23394672803184907,0.0583012493814083,-0.008317096165836405,8.18610356626147,1.4698375650795314,0.4665328187250518,-2.8730729807515023,8.989294827000995,0.0799114311780691,0.3510588551158721,6.228611828780412,1.0918053904846612,2.3863390792757793,-1.5920085684349277,0.1239379252914993,-0.16781458012021336,-0.497138037378019,-0.11460729459004194,1.0612604313033114,0.10473169142109044,0.17594952440278172,7.1334207260310745,-0.16180467618244096,F,A,C
929,0,-0.825999653241585,-0.38769556887203543,-0.25008639243024017,-0.21367496146483447,1.5827764716103951,14.29655913224348,0.5608578925098039,-0.18362262948523791,0.6726970786672378,0.13776988599273535,0.5719679403903923,2.4756901694140607,1.9389908924524355,-0.24658075518863576,0.7540918730188245,0.16229494524325278,0.24994317896639529,0.1574220432154323,0.6314204437616273,0.15473665853802843,0.6011601816721639,0.14116150033537456,-1.8907383443686745,-4.283368633650143,-1.0632937538296834,F,A,C
930,4,-9.740249131711273,0.19798096233056633,-0.1399464199127349,-0.108222484417939,-2.0114451065140444,-3.576013892802731,0.9484642478525576,0.46092958635704595,1.5552717309189978,7.509946146387882,0.5491792270676996,-1.9300798358197429,13.140333104696731,-0.33506715036530776,-1.6104492690799246,0.03736914014901357,-1.6311428641927441,-0.04506776005574927,-0.9849629504668644,-0.3203132995472355,-3.2906444052969466,-0.25853278529288104,-0.22386701704531836,-2.2104622357975208,-0.4708870090291573,E,D,A
931,2,2.2826640144040136,-0.19318511520461068,0.0172697661743214,0.03541604185214118,-1.2954886576752889,-0.1780804213611051,0.22785264363415259,-0.711640550403736,3.048896073420938,-9.772679130277588,0.32278503119364643,1.4123909808929922,-4.562713439988516,-1.159644206292968,-1.3025466465689197,2.0565591584588394,-0.3180682062739757,-0.06873346941086622,-0.035340493629146014,0.025443222258933883,0.4328976021810742,0.18266457606059938,0.15343103162448768,,-0.5525578246969278,E,D,D
932,4,-10.059391569013405,0.4877311476883587,0.0892096201213702,0.11708779037177183,-0.46676715666544527,-7.076952489152684,-0.14457163907705967,1.3833342071980175,0.5927226507909741,-2.3145557244719357,0.010028017847132038,1.6278052633644264,-7.04254037824691,0.27346810796152327,-2.8606296239955884,1.5233555068679538,0.19721616573488562,0.32851433893610643,-1.0294922137644413,0.0871316992968532,1.7255405784461808,-0.19522437080889182,0.2016855629708544,-7.2104658907712,0.023727317138879565,C,A,C
933,0,4.943830459366864,-0.2809642544883036,-0.1814705307976167,0.02232842958067564,0.5894356825508182,-4.287181891001302,-0.495831745504766,-0.05880455109659708,1.6154789574819113,5.705324191611947,0.013020441508365016,1.4552592117553844,0.6082270784890617,0.04455037230534538,-0.8164951276308127,-0.5223101236743243,-0.0556993807407439,-0.30961847172027285,0.5317200204185504,0.12835728847543088,0.7123955850426417,-0.39652371617127324,0.09066237272296569,-1.7267049976504443,-0.3795648338632155,B,B,E
934,3,-3.459209820154141,0.1390882275687778,0.21759968667556587,-0.03997836706652981,0.08386236052438764,-4.700263431259892,0.10105515829345689,0.6583864705973111,-2.5360260638275367,-7.689366887100584,-0.09782834365821488,6.876816068435554,-8.160379314282318,-0.11113842795970624,-1.7754863391306472,-0.6840301335516841,-0.7952586693729126,0.02823365302836923,-1.2144349702636605,-0.24409496523144864,0.7207692792452024,0.30671051183811726,-0.017065227123466392,-5.7548719684883345,1.0547634920124853,E,A,
935,3,-6.157186688539804,-0.0993067101431661,0.2582794090818888,0.09898228383528326,1.4011733104025268,2.820208408913614,0.4287264186885505,-0.06914947525130029,4.191543884502137,-26.91521846522263,0.3489968917763361,3.5616909616732584,-3.1937531050570316,-0.0032795546724582883,0.2602040230367142,,-0.5961978945948997,0.029217006429567628,0.14562399544927837,-0.0840280779377594,-1.7756210318675767,0.08121473132510271,-0.46370763931706843,,-0.6104058630527731,C,A,A
936,0,-7.800317189188355,0.13547439068986408,-0.2519794346078123,-0.05810708786173825,-0.016089212633121432,-10.890455308091322,-1.1448296743850488,0.10382933708322363,-0.4396515002066794,3.9774498963769265,-0.6670118591038657,3.6897414658551235,1.1428086831624147,-0.4253150223931718,-0.9808713008344739,-0.9741230471590234,-0.15285499450636114,0.08854009525367876,0.3610666250922915,-0.45933119901658875,-1.081655890115922,-0.1382491108774613,0.4852625653268478,1.2928046095847752,0.37397437907175785,C,A,E
937,2,-0.620381309486956,-0.3986899055284769,0.007304448773556438,0.22090881374049454,0.6490789297767428,5.5422775385558225,-0.3807074205769806,-0.19122505851468782,-0.10559171495344255,-9.235135580671699,0.38443357315375765,-1.6636634013438152,11.19355070278068,0.5025507281744221,-1.3914612108812678,-2.431179710385082,-0.17631784221297217,0.025319500022434896,1.4948479252899198,0.05534511749340532,0.22645310265542554,0.29893101467516375,0.22757040586790972,,-0.8526512145915519,E,D,C
938,0,,0.041991758297804015,,-0.05539218665014114,0.1125698242938617,1.1272277570634106,0.8358634154013624,-0.007080789116730758,3.3849942311936556,-0.5766280888771926,-0.17599798348443413,-1.848909434988801,0.8967847827246981,0.5677263322959427,1.8223644178102634,-0.9491265626621611,-0.011300116251136978,-0.22406107793278623,0.973421224794957,-0.14043697367741798,2.702296091193171,-0.06588419957158916,0.03624003522109889,-2.0411934649887757,0.37812568450144046,A,A,E
939,4,-3.4634172546403814,0.5045611690562523,0.028605205733686717,0.035595136884900964,-0.014733128057605033,0.025002043974502564,0.6286323709919668,-0.8148913512294395,2.22887586269692,5.022379238310301,0.39864566859723527,2.635395056171826,6.365043843028533,0.4093256319717359,1.6019951421237741,2.9993134003177175,-0.6239354536734687,,0.6393480907197907,0.05626540577524912,0.9157528479270168,0.137993151774447,0.9378692896100156,0.015253920165244704,0.3595123863539289,E,D,C
940,0,,-0.10289837758633254,0.16435962161483567,-0.20003505060434537,0.8656957630847998,1.312687973556363,0.3408004725609167,-1.1859737386319449,1.7641449934070084,,0.18501675780880417,3.2592524754848675,9.139804260013499,0.7044947024170632,-2.9375118947104295,1.9463189525305238,-0.1319574732679006,0.21390706487993344,0.743253769819714,0.1949263758449668,-1.7691469731639125,-0.024655415929667076,0.35923936417745983,-0.18913056812857568,0.18778984590855097,F,A,A
941,4,3.677258287530985,-0.3142790973671472,-0.10181759271413374,0.20750251659591984,0.7087549080547515,6.756094078083361,-2.2722983210766756,-0.5794423211366804,-3.7474547882902365,-0.9677970768105166,0.49493716272801863,0.6270117693535998,-1.3872204301599662,-0.6806749728136912,-0.6611271174389897,-0.7871492749828239,-0.373959754909293,0.09710597654026927,-0.044297738472495955,-0.17244046094980622,-0.8872243291739994,0.3292057708063912,-0.9797119784876488,2.7653650286164235,0.18153065628222598,C,D,
942,0,1.0156593607676552,-0.27863717015074585,-0.2893182519562782,-0.09853836511919999,0.6676834963701829,5.4787845835871085,-0.48679420741979185,1.0637071137910505,-1.5431246043127518,1.37782463050287,0.34366925800047465,7.364541037992902,8.284908923090983,-0.3413235992992009,-1.0323905733692844,1.756013178452814,-0.14144219542629638,-0.13640805506786347,-0.27765821251043865,-0.1479319597232849,-0.5482731698697866,0.06388718098193624,-0.40359884950535785,-2.5450756169132767,-1.0519148941072631,A,B,A
943,4,3.593641814562417,0.12818132982118005,,-0.015192607822183101,0.5086697642217656,2.2949226967453167,0.3812395108662998,-0.08418092825797387,-0.7177085578329433,9.784751703806386,0.2331214841464866,8.205513497477146,-6.066708132986914,-0.4398533644806247,-0.21609444536673453,-1.7084713766756376,0.3762889684819613,0.029055055417244888,0.6716483722906327,0.04018290936390814,1.8019299347448856,-0.027769604615071594,-0.33383308607299905,1.2410917079553199,0.7774090616014339,C,A,E
944,1,15.256976615554592,0.014456000549985507,0.19089499805924443,0.0955948390237524,0.5154740697580641,-0.8213426955287997,-0.2328814252144233,-0.11639242212756411,-3.590728953878315,,0.4563528700481057,3.300664782014048,11.11332975786946,0.27905500315366183,-1.1611835766033498,0.24719492778271554,-0.34719011796608107,,0.09401925466936119,,0.8901750435451962,0.022718970273860193,-0.65035958479511,-1.4618998268193484,1.0803852359929176,D,A,E
945,0,0.37936830477586947,0.041850965697420285,0.6821689130168606,-0.009509075739487111,0.11896140461995959,1.8877112823601423,0.13404693290199032,-0.6379692760283998,1.2561997793367956,27.748200790434538,0.4904170503650206,-0.16200998968924257,-2.863922085598233,1.7193086700506544,1.6978444543842153,1.141301748957178,0.5118700094936594,0.05599519777532194,0.9871578273576134,0.8299837700964854,1.9805082690560638,-0.0581273539807785,1.6203974055440586,-1.3014205199214035,-1.2621228662817465,B,D,D
946,1,1.372494920210482,-0.049934501091888434,0.3699649632145964,0.002145873370208005,-0.41532772538367657,4.805220316090251,-0.42133606285206715,-0.05470420218184322,-0.11092330647736098,5.423294987743198,-0.3388685345666673,-0.2831112994581918,6.903395392368238,-0.25605708232478674,-1.0778386635193884,0.9056744269223512,-0.551676857014553,0.002541145906543869,-0.6211245640811257,0.3172187644678981,-2.123074299229941,-0.37759714750092205,-0.7780570697737883,-0.21240991465905149,0.28166551153581754,C,A,A
947,3,4.952064802141509,0.061867270978243016,-0.036098469201899235,0.19267083421463255,0.3405305653480857,-3.629990869718751,-0.46447107562069134,-0.5418488448042414,-1.967819817917656,4.415452573083909,0.04593392575437294,-4.6074792402832045,-2.5753104288954494,-0.03535049762519305,-0.9470699764195833,,-0.04296336328952198,0.17695118779247923,-1.070266973348017,-0.12983783941781493,1.6067550183342203,-0.022391017748248688,-0.21545372323139064,,0.11622195747694586,F,C,E
948,4,2.527576514948127,-0.11377985150108547,0.1136743227997714,0.06166184123937623,-0.7140183452686882,-1.4858702957761398,0.021021271851558738,0.2966928128752178,,-7.778214162206216,-0.44644346505797194,5.908372915554899,-1.6825988534293488,0.04847334765544589,-0.6539548716077762,0.9403845726524945,-0.27883018695781997,0.07883848932192151,0.3746502819278585,-0.22687744457091918,-1.1733782053240185,-0.09502460803929984,0.1581650819438686,-0.5387926578708592,-0.10689420396071297,A,A,
949,0,-7.158147757983478,-0.08032979752510083,-0.5203907132599943,0.19681563946686134,0.40653968882295677,2.075216695709653,1.1794153177429474,-0.6463168331045145,-4.032899020932306,13.189315022173695,0.42316149474805226,-0.2328536723868826,-0.24182689721366663,0.3512926435918142,-1.5314703389530255,0.08312751498068706,-0.20543994413018013,-0.13933345121422888,-0.08162838005257989,-0.12079833115144652,-2.8402480386034363,0.025271074328510716,-1.1612171026978184,,0.19595113290634844,C,A,A
950,1,2.1167610187148176,-0.06711415791818232,-0.09777703255875102,0.019454127224779377,-0.6630309299678411,-7.973853114088344,-1.615083684586731,-0.26271632983134274,-0.17116535760954557,1.9620281747761337,-0.15361396969139945,0.3761365962346653,-13.764823719633934,-0.432599459523987,0.08566419054441997,-0.29179917588707427,-0.13163862727618622,-0.18024991534721138,0.776418682632996,0.1479690174399022,2.5944370734387934,-0.21392085145925255,0.6035691147278593,,0.05098299032899741,B,C,E
951,3,-0.9580813795579645,0.09932456562090536,-0.18620320513705677,0.1060190117390525,1.228611718932266,2.1220098034138903,0.17743661426455662,-0.06635176986559863,4.966243718891168,-5.628473050031351,0.46756432367389944,1.4382360932397542,-1.0159578485892613,-0.5447720730371683,1.5874221484702353,-3.591702905517957,0.614541601143298,-0.22299046184501045,-0.8118546618704343,-0.2836969455691198,0.03332658442348641,-0.002948117874173887,1.0201560633458042,,1.4469212896237562,B,A,A
952,0,5.6450349800194095,0.3713619130226208,-0.043144384773418504,0.02533590340566271,0.11752272620981635,-3.341111893519316,-1.0183652225164417,0.7824852840453331,-0.9937276081629542,-3.0011305465960665,0.13452961860982093,6.875676809844095,-2.369806625952431,0.21025864762389904,1.8182256749240593,-0.33541696766954787,-0.18121898620382618,0.1921146688646201,0.4958641021675644,0.270601712133014,-1.3617758731255054,0.17749289881094574,0.11207512252203208,-0.8309227862172147,0.07889437481695111,B,B,C
953,3,5.48396934249199,0.046053072452422975,0.02887471630723209,-0.1428177412075135,0.9336278570009583,-3.382492897308025,-1.1422344268231552,-1.049203870666649,1.8037895288784753,-11.843796822640835,0.07934824673127486,-3.2963425278471195,9.664334826419964,-0.3293466977938238,-0.13159180370579207,,-0.4510230993290779,,-0.6362036248811473,-0.06836716578218519,0.8587914630889623,0.2489044529985011,-0.07985671621405213,-1.9248105366396437,0.1607208571157893,C,,E
954,0,1.690926591993689,0.12866734817989317,-0.05173293328981302,0.09546152411181744,1.5984914536887123,-1.398852709022223,0.21669716333350347,-0.8525795847678093,0.5786869929518397,-10.415321442323634,-0.26986741635170286,-3.471945646366112,9.285147735208238,1.2963112824656404,-1.6529711858374558,0.2035187131548685,-0.539853097094304,0.051601701139751335,-0.14194737767266685,0.3526045208975896,1.358614439223952,0.19711232438204673,-0.43736331106199644,-1.4445549207417951,-0.48139147151650286,E,D,C
955,3,10.446892635865947,-0.12246446955890863,-0.08759732754314055,0.14789464670988672,-0.7191826945593264,-7.039398041698915,0.5712055138065071,-0.3856088146442731,-3.6802884904043847,-16.0070536491415,-0.6785791580826367,1.4965121647070596,-4.951838413527186,0.49481262222506756,-2.9328494483807734,-1.655147813561835,0.19693292812606297,0.005497179472388199,0.6071836145683805,-0.21336105063856592,4.118920673892904,0.07446075722685058,-0.1579094869827731,6.465064889336071,0.4985447015487552,C,A,C
956,0,3.265568406482871,0.23401667732507753,-0.19330713002862454,0.034593875936038264,0.6094759737509245,2.7448812525507837,-0.11564836449151523,-0.2669434482291474,-0.5637904529877429,-8.54763587732059,0.19958378374179828,-2.167179336786114,5.2033135909966735,0.5760435979724743,-1.461785278258873,,-0.11293770426865286,0.15663112629088027,0.22453094064329346,,-0.41080741532297055,0.06220040799055172,-0.6710802128269339,-0.9566149698323275,-0.33179095212204923,F,B,
957,3,1.501204702190491,0.08774960095376344,0.14958376215796595,-0.13141326376494372,-0.42056798962785363,-7.572169429035148,-1.4167216856187617,-0.4029313341885829,0.4672961012641126,,0.03637787349755322,4.3585219554978964,-17.68404660177655,0.1205083685323187,0.6984621683279877,-0.3280786460591464,0.07497253889282765,0.006161560046874167,0.16885523510905368,0.03448696247299913,2.1851143867864016,0.40670000490134106,0.6033165466245922,-1.06321027694783,0.7892126533705897,C,C,
958,1,-4.580312754495762,-0.32221239122662504,0.18706895889203753,0.06589485393228325,-0.34507721446102396,0.3133699091362874,1.2759493716521118,0.2697150471399408,0.8517926611402095,14.833758990719046,-0.008998044453001603,5.2927709079645755,-9.205748111085503,0.1577796962091779,-0.13932241299303005,0.6838960645577294,-0.44447734446966564,-0.05480223416491549,0.31891799604380017,0.10368107899488913,0.21410877312924853,-0.20662148010863682,0.12334851267373684,-1.7337546989821138,0.46654570974626763,A,A,B
959,0,2.1973090580392833,-0.19966615236604687,0.2789325666679999,-0.06087839522924791,-0.15686794547608715,6.843521223779734,0.7038041706592729,-0.057141905204970665,0.5577235328770834,-21.485043579544246,0.2690495512465811,6.604939792520323,0.8969322130563149,1.1834298568808643,1.781190871397711,1.4532706488802583,-0.9222908368832603,-0.15067324616259545,-0.4204863631287443,-0.1377862668835603,3.428725170894142,0.04317125803195973,0.6173341055921572,-3.256276269087025,-0.6059923393399009,C,B,B
960,1,7.469388463762378,0.4159459611596174,-0.23099331323889855,0.07148574380425105,1.3303634487204838,-3.5537986961330814,1.1958744273531894,-0.7972670524927272,-4.653343868243471,-14.57207663030808,-0.1539841544290942,0.04053445786796915,6.935099188400965,-0.5464239049516849,-0.11407139743152485,2.920144233442079,-0.5830795159783799,0.18447271481794872,0.07648816625267128,0.2022901212868598,-1.7830440237616165,-0.10397053126151477,0.35350022813577286,1.6636646832673136,-0.40541490239628697,F,B,
961,1,-6.140764818032796,-0.1157728201052389,0.4604565876397139,-0.29209677076533747,-0.13799758676403276,4.635470255510956,0.1654955304166899,-1.0472200432742607,-3.6376388122148806,23.285145184145122,0.619720250335087,-0.9677572286954377,-8.288640555011277,0.8503566214633931,0.5166720610449399,1.356900681862072,-0.15014927844982573,-0.1366663813359404,-0.3538432978156537,0.2814955534328389,-1.5454047255682273,0.1654802930326733,0.25937915019115854,3.7404748442727196,0.3219755796420396,E,D,E
962,3,-4.720515615459814,-0.16700232373421567,0.25840328009530894,0.09745414097253713,0.43805553666498565,11.441644637792013,-1.5640339853931864,0.8821072299825735,9.172197878778825,-22.096113429000017,-0.17971881766077058,-0.9730747956898961,-9.507472218183906,0.42198070337967175,-0.5546910844828307,-2.1543775468624635,-0.19773600215465423,-0.04786948488012976,-0.2019969095596749,,-1.4721637127338871,0.08563397308958047,-0.6344871428962174,0.15734999572289177,-0.3524423080385101,B,A,
963,3,3.666170763693178,-0.04181680797570394,-0.11357016926461808,-0.1879826579630918,0.9577435203407682,-4.510085215738586,1.1998448841344709,-0.2961105186657235,2.7674119688566785,-9.008506756747886,0.7075076643844295,-9.810926422520996,7.5950736144598485,-0.12014808530691233,2.0112886228518825,1.7595341651125953,0.00942000736501422,-0.007434205913706636,0.17545700960946875,0.11525903892512486,1.0305537603494133,0.3781882954116684,-0.4396722188698965,4.47745356527935,-0.16658870468985357,E,,C
964,4,-1.472445228726619,-0.1839520917418371,0.06277754458492892,-0.07959832929031516,-0.09244011655186837,-1.8222428468549792,-0.5975272868322727,-0.1581782641310142,-2.1001822342036793,-15.604232644298142,-0.1625555334220038,4.3955656563058225,-0.58879171474438,-0.09796901149102079,-1.0932177894855915,1.2624543794526528,-0.4776527899478933,0.08529801938139589,0.3084961901812996,-0.06889771640543861,-0.019227604282850242,-0.46768675448796193,-0.6184501555653714,-3.4650109564043303,0.44170225068151653,D,B,A
965,0,1.1610550597298874,-0.05937174390779081,-0.11286738029775509,-0.05640094905219509,0.08890894126747631,-0.2510165543962737,0.8843831249089277,-0.8717039108378904,-0.7261696883802209,7.598114712792953,-0.7437802510062786,-1.7566635127067192,4.456023755021073,-0.34661351768480475,-0.6187909329305151,,-0.05488977164467188,-0.04955303519380592,-0.13189460859843952,0.5341446990847407,1.2119913264500064,0.3220112772395314,-0.6788162985060249,-0.6046481280931155,0.2740954598145084,E,B,
966,3,-3.635774210350259,-0.38267300531988946,0.008967787203025776,0.14742489472036685,1.6789248755769353,-0.07104390827696358,0.059452731981475694,-0.08621313835418876,4.416202631861194,1.808337784923308,-0.04659356686656914,-3.7882824813755436,10.413966230782258,0.768109932166926,-0.6761676290493064,1.6789784311879352,1.0629853327541239,-0.1708174074332472,-0.0677230020277325,,3.930466634393654,0.041961138923014715,1.5259262848051933,0.6271884069228832,0.6195558151799401,D,,C
967,0,0.7289957366303733,-0.12865910565127908,-0.33101069092274127,0.11835981193781965,1.5851495364952373,4.704304006391935,0.9611509902299805,0.4140876282026309,-1.5026910029305107,-0.1343966574125264,-0.25015159491689987,9.162947094968589,-0.2598687259521888,-0.6654793480096464,-1.935575466178153,1.359410138797398,0.4286753145186549,0.04846255746158345,0.3637064682592856,-0.19962243636884475,-1.832055331985527,-0.06376070405427607,-0.7780007759515406,-2.175113371548491,0.10623250926618695,C,B,C
968,3,-10.988444646012564,0.19216499110525104,0.3763857247322193,0.14544985257368423,-1.7608636611436734,1.8953122008480632,0.5998291979558116,0.8214208975568067,1.7215808567268187,5.677672004034947,-0.06694682036344186,6.9880413551345075,-11.71734422665118,-0.6899689341647365,0.36524887403904016,-1.5160819104466656,-0.06835964547244171,0.2592335553495217,1.014155211506322,-0.030652298245038692,-1.174008052484204,0.03163507749331431,-0.1972321301089023,-1.3593038211352095,-0.26044386782242246,B,B,
969,0,10.387386052281732,-0.39713991668508236,0.010830437952588815,0.18513230204298417,0.3500967987414169,-2.6297787336785796,0.5291050553640496,-1.5920935698154839,-1.497062301141596,17.397503928337464,0.27370005591814117,0.5455940523196434,10.178028385322595,0.2156194881614604,-1.531874086344193,-3.1771984503945307,-0.5242900452695256,-0.21607961113058138,0.7247199271310915,0.30748580680514304,-1.5905111327636616,-0.15152338138633545,-0.16705341674044083,-1.3828265603329557,1.0450137962842523,C,A,C
970,2,7.5378041833649965,0.23021165769003793,-0.15777995065414366,-0.03285848581472231,-0.3470149783831745,-7.546691147755355,0.3136426098225916,2.1095749570846,1.9050247289036957,-9.375288860912276,0.524066067964441,-5.564827165645987,2.272717589330652,-0.467624447808915,0.6045495770005618,0.8377897249235371,0.13945920762758107,-0.030356008908849822,0.09886069114702571,0.28261446883438285,-3.7109934294893416,0.3812018749130727,-0.620287478548093,1.8564506646261243,-0.25377529592530546,D,A,
971,1,3.0982784908334904,0.7372864508114736,-0.5613659248561143,-0.024379890881882332,0.9621780603936338,-4.224689126107767,1.2400484046557039,1.0837867352469222,-4.463327519675572,8.686328447025607,0.022548538263724233,3.1047689111756287,3.0086074545327848,0.22908807205881115,-1.0339989615707366,0.034913211568673753,-0.17807437164035628,-0.050202632912166235,0.7601155995091008,,-0.6316843754616603,0.3609059212279257,-0.9804791601992001,0.35467415354429477,-0.4133060617692521,F,,A
972,0,1.5390037257664704,0.03625058921768713,0.15186748867584327,0.3957049952498249,0.14942915241256188,0.5352066631892307,1.4389665958819204,-0.27928470001723205,-3.3669492663871443,-16.674170029251254,0.2271332441502343,-0.659282894346161,7.579395082469312,0.5647584280683362,-0.45137791721120957,1.124933407968117,-0.09608585354890087,0.12243695383373904,-0.6597603956253766,0.2404436143010893,0.9005957068016023,0.07601589421501731,-0.08455042260224138,2.54058915672109,0.875739071468399,E,,A
973,2,6.273478804418792,0.051459713446188354,0.009951723749982098,-0.14345946020013556,-1.1189451666611672,1.3399137025866605,-0.9442965242415339,-1.3334527393689481,-3.187591463553675,,0.4061866705599117,-2.7718536759902364,2.75365992066109,0.10044155285936236,1.1800100116145507,,0.3832254071090255,0.07943250294377882,0.6716995461646428,-0.014406901020963632,-0.4995635802842619,-0.017235288131809405,-0.16665067897345912,3.1907272806152176,0.8472108384880445,E,D,C
974,3,15.260252050195318,0.3432109874454679,-0.016254169158269046,0.11656963371060523,-0.5653839949844461,-5.32249207006859,-0.09957527675138908,-0.30192645126386886,1.6113165122519904,16.42068319430261,-0.10163140095997264,-0.5532518537917467,10.133639541061454,-0.13701220080188833,-0.6012347699846808,-1.6687851542059753,-0.4640493780094754,0.12749524178159968,-0.3125905738291542,-0.009780408210693673,1.6708865718139794,0.04573646793071288,-0.7346159484160775,2.17205995138726,0.3601307486166017,B,B,C
975,4,-10.881018028833765,0.46682896491593323,0.20396743396410733,0.14310912580972432,0.23108098068258645,-4.853996899220765,0.09697611544626708,0.43916026277366743,3.682194375063591,-1.438373087995067,0.19737265778387586,1.9707744761892563,-3.429721140857133,-1.1488688751326754,-1.702109627537766,-4.2472871816892015,0.278116581046743,-0.09842704826828318,-0.48225942718870773,0.2607371924956433,-0.08443906034192845,0.17879959474616713,-0.2042209722453619,-1.7697542634132117,-0.367828579770329,B,,A
976,3,4.409693923827498,-0.14613420193631024,-0.1598004187748883,0.22877659663755798,1.8289132882184729,6.937024105462038,-0.814269095254468,-0.8073091734185598,8.552711260518006,-17.184302135322394,0.2520545762053112,-0.3057266091229813,-3.7556889458524565,1.2958046852957776,-2.138901964336899,-1.4949042981895602,-0.3370872011008578,0.06154250169383434,-1.29053985380978,-0.17071503708324062,-2.212325151898287,0.35106151883086933,0.22198978071699962,-0.9976665803278716,0.2107128962892802,E,B,E
977,0,3.9961755690269016,-0.15745807077007445,0.46268691383986343,-0.0955582585656177,-0.68147684448686,1.4562207753154706,-2.2878683491868768,-0.7015161291095153,-2.2559112284680887,14.793827438887028,0.5450250133615798,3.195243077643068,4.910555044556066,-0.45157659653345644,-0.6944566504478954,-1.7440039919000432,-0.10334358053212987,-0.10320396229922506,-0.24942797326291946,,-0.147354641581809,-0.050098646182486675,-0.4443243012915891,1.4769487730351645,0.30656283849298627,F,D,A
978,1,5.711614481463889,0.5357886994637954,0.0034327389055805245,0.05330070476787847,2.15761050986469,7.443555674207196,-0.39288109462279774,1.259394045045123,-1.1050475590847877,34.021169332664314,0.44527471253511797,5.2650924150509955,-4.1430981103379665,-0.06461207838764522,-1.074429391582064,-1.1331813943897013,0.33789229106227286,-0.11180266429378906,0.9306406557663879,0.006805524487263653,1.806744036103617,0.07766922507676484,1.0697241136888769,1.391163121458597,0.7099142234443356,E,,E
979,1,-7.669121824473081,-0.1250941426943379,-0.05219788925006289,-0.2284729925024912,1.2997887812519255,-3.151181105762152,-0.6954465486301246,1.881099223280322,-1.6208557414023679,-20.85565525380773,0.5417954739753017,-4.782192563531238,12.165652448129139,1.4015839771293743,1.3021419423561655,1.502398985854323,-0.06324842167556033,0.00868475777680437,0.9542413097239054,0.0734530783720556,1.5379870497165464,0.10792721836111695,0.13149590820095453,-1.089638614747447,-0.008029178079073551,F,C,A
980,2,-3.684216818195444,0.023219916451036073,0.41839986144856794,0.07365479010171759,-0.3461866949956928,3.458071482577839,-0.2828488023888463,-1.2425539670469146,1.1543700906547771,-25.62542881383997,-0.01817966908166401,-1.754448079451466,7.372684729880959,-1.4635704751299843,1.4564985597798232,2.300738212123644,0.010881738895205278,0.03352064422025657,-0.5784472716046131,0.14094386812887894,-5.119689758211701,-0.02865988863552516,1.3192801682987616,-5.37322445366328,0.2117590358177425,B,A,B
981,2,8.924067555060924,0.08668832498999923,,-0.07440927173120919,0.1359538832938752,6.844846484011191,-0.9451970613451096,-1.1861172661938804,,2.670726011270055,-0.019729544618451406,3.004964180967482,2.630973632092207,-0.12084968957557264,-0.9826571565976927,,-0.16012110154482267,0.1628234840191341,0.8279039835483567,0.399003020617497,-1.9538952277614436,0.11723451726392944,-0.5281579301249577,0.638626615891964,-1.2709474645028858,B,C,E
982,0,4.472785185659915,-0.018065864946774444,-0.2524705172971319,0.04432393025019697,0.011241823736183949,6.7508565583991,0.4534705588998916,0.750906120512158,-7.055906765738574,3.947745400204669,0.19386981470068032,3.941062774414205,5.916147174159432,-0.7593764938783016,1.925849418665312,-1.2760137863055363,0.7293057368956495,-0.17132752684901925,0.4047113743844848,-0.15288514411177095,-4.7350462677329315,0.029699560560735132,-1.5441425553137782,-2.2251865671742896,-0.5821667624662351,C,C,A
983,0,2.319351440891714,0.21551357054992235,-0.017558634212912715,-0.12502090366049362,0.6926362222766158,-0.1335698827517207,-0.7504229371699763,-0.8624302186474904,2.558502833504123,-1.3821610868831333,0.09375975450693995,3.93664410714142,-2.4508192001046707,0.18872527746217937,0.12858335740652277,,0.25141024255253164,0.2640997562388659,-0.13396226089078198,-0.23054044606572724,-0.13446411474787517,0.13576562811348442,-0.6897444995413514,1.7923143031239397,-0.913127283347961,C,D,
984,4,-0.8421946885890286,0.3544451190893421,,-0.0387354192590365,0.02336517219973397,1.5899926185263937,-0.7143743060013658,-0.5608602472881113,0.3842031998462656,13.343058804272426,0.11849156790104243,-2.7486536679247724,-3.804112774827684,0.33484111518877374,1.0726043529206033,0.05331209032585353,0.43955340617955063,-0.057080051785926976,0.08918617913928724,0.304653876304809,2.5736861951771184,0.16699305128965222,0.24774764889318399,-0.32038783640616203,1.4295612425860178,F,C,A
985,1,-5.921960951223071,-0.012257102394119798,0.398813324591689,-0.03018708954003516,-0.4344804679536946,-0.7244958487323544,1.291166444183002,-0.6209107509441834,-2.1010728314946103,24.75289111232982,-0.35187399444273154,4.853668715035605,-11.66442148445355,0.13168698221181288,1.8586378171181488,1.6493110541674263,-0.0463641831832753,-0.01525384781562465,0.4483450898640635,,-1.8327826970011893,0.27401075114873874,0.3257547158723607,7.392695743339691,-0.9606178497175248,A,A,
986,4,3.1835954094207963,-0.13936368385643763,0.13479197461694492,0.12824460012180103,1.0399961473508015,-1.1001991127220243,-0.4180484206505307,1.5465695827616976,3.808521419574817,11.270531277228537,0.06942141222677643,-6.120686574247269,-3.7409941164351994,0.02214187158516997,-1.9879601651487717,-0.309628975377257,-0.255421884557725,-0.12340778619599829,-0.03208735791959321,-0.5474622523628154,-0.4536018519877103,0.2002388751120865,-0.23569541085290951,-4.272870739233957,0.39797031036566616,C,,
987,1,6.415921707706141,0.5593607026016554,-0.0160014988909364,-0.22133115910271234,1.246411429765896,10.594754309760052,-1.7015618975834699,-1.0124516262935204,0.07542378476793395,30.799393252616436,-0.2284981616629433,-3.5773179330516545,-6.541778217977982,-0.272601396153837,-0.3397096937037223,-1.912376774290915,0.5238352578223634,-0.1738211064191968,-1.07433093766599,-0.011537600201489997,1.724975018516261,-0.19519908783683834,1.957227717964027,6.624849916059128,0.20820760383818965,B,A,C
988,3,5.676430762241962,0.0760597437800804,-0.1833463409546543,-0.021471506067280252,-0.5358335945150899,-2.3089849170467986,0.2748430533255126,-0.36815013449159084,-5.2763238995449635,-8.098318735077694,-0.3032168783221932,4.391617721137193,-4.62328991038206,0.7513830676433099,-0.05745089589935838,-0.9891827102955575,0.1729522587655428,-0.03857865089939404,0.5966412999214344,-0.23071549272746247,0.8233976996660699,-0.10922835256001705,0.3075975300165889,6.466919276364223,0.6402306037167514,C,B,E
989,0,-1.910471609805965,0.0934699348803946,-0.12240645345248596,0.0015280831579739613,0.3167433343746152,5.999872832395289,0.981036289707371,0.6881724346052365,-2.404416462485521,1.5777151780924212,-0.13997335481551884,8.212057869109213,5.160980395635021,0.0019329774456969047,-0.15281384037877385,2.405939920031216,0.5512917125295516,0.03866539683086955,0.4590087258577196,0.05179764823146225,-2.3770507202672535,-0.3193501768034416,-0.23842543839192096,-0.39556042141967235,1.5820467588391123,C,A,
990,2,1.604284024675867,0.09172558962948833,0.17179987183378045,0.07788770644869286,-1.9193416404645907,-4.051727319794736,0.33742799836648524,-1.4233211913500503,,7.290384828432273,0.3354549884945112,6.552846344412737,-2.047782283588008,2.055456691045166,1.7178441206303556,2.156266420810585,0.567960726156368,,-0.7436157417402691,-0.30850917068678363,-2.4361247970204385,-0.29233000821990773,0.6265566312032642,2.4209079178285204,0.5246617777631678,E,C,E
991,2,-2.657007121547533,0.048448098988400475,0.5083251441420414,0.035537241122485345,-0.24898714716465115,2.827265704209259,-0.6945661628803652,-0.8258852366037028,0.729440743219922,14.268217689218858,0.26546023445302086,-3.1733730336955723,0.9871584271699985,0.04393533783704527,0.8462135325719177,0.5238081230396074,0.04841282934577563,0.014634970712879981,-1.1741402626186614,-0.1648411432856212,1.017677294226618,0.21088508731358688,1.0694268875887378,-0.9277254957247292,-0.3726889040586448,B,B,C
992,4,-0.4428400655914315,0.13270120185422293,0.08228676796410513,0.08818305493596688,1.7148393370479267,1.5093609890885562,0.9934927035337671,0.37776015083405895,-0.9317293801794091,-9.251329002068381,0.20603545385425862,1.5206747837736072,0.011131531303789043,0.4208959806311509,-0.21037466221675766,,-0.1544962636757904,-0.13593611731264546,-0.7744127930293696,,0.24376450076638453,-0.16094849169133457,-0.5525343604827346,-3.3168140999516944,0.5493239513979588,C,A,E
993,3,-1.4611363013648964,0.11197088450546128,0.2749070335826792,-0.08372100161693947,-0.09868291174963013,-0.8547271967448632,1.194482730624293,0.07376529461763506,2.98670039574728,7.503966456772382,0.4570064050755638,4.933093636231094,-1.9069487461065173,-0.776949916999585,-0.7666656773728959,-2.2085014229128292,0.6534890653432582,,0.05082872457861729,0.04989440387234345,2.822796672769824,0.12384311360268331,-0.36903972648279987,,-0.24217192304037363,D,A,A
994,4,0.8265047856791362,0.5383217736427,0.01992977332314995,0.02096099493992355,1.0135474400912547,4.650097160864331,-0.617082760121183,0.7342650232566331,-2.2860034948398473,-11.803315835777564,-0.616579143077861,2.8288386868980187,1.3311990948688692,0.2798656353798629,-0.7387223084686626,1.5592242625581005,-0.011354260286527215,-0.0177581761755795,-1.062214739815036,0.2482648481324473,2.8884370429881496,-0.13756817071797572,0.943158669198484,2.470044018998423,0.5755693093031423,C,B,B
995,4,-1.6391488753674535,-0.29367635546242066,0.08287962911203957,-0.011450428616887023,-0.6679704968325139,-4.294088202191327,0.560873097957969,1.0973675022963802,-1.8070948672778193,-13.336217975425683,0.06769126932239404,-6.212559593722486,-3.6121103290761547,-0.24707899053485308,-0.7212115543283443,-0.06318728798333587,-0.06395137106917946,,-0.09377730476361541,-0.15792084031001363,0.2551491043648277,0.034800546745173536,-0.05360578065335161,,-0.12852615376715834,B,A,C
996,0,4.159715001835753,0.001113589033560898,-0.2745973446551908,-0.2760067192632556,0.6174484921532053,-1.3634932151778205,0.06198413389732814,-0.2610982067544657,-5.93143931685224,17.83655910428725,0.23288106097060624,-7.936306635546865,6.94777793673513,0.23572272738610905,1.269987453469776,-2.4841730047412884,-0.43929493308076945,0.03214661105279254,-0.5773268708038304,0.35448728431233356,2.244052498838305,0.07548773523232952,-1.485456069910784,-1.7390761538928303,-0.5999241978395362,B,B,E
997,2,0.13372445222118984,-0.21332508845950846,-0.1250842023533455,-0.011997141561115964,-0.9742057289873536,0.4615996282199434,0.031093844347647143,-0.41056839013736074,1.1792106306727492,-1.86123248902532,0.02436830368432467,1.3305978753789383,10.018879698676118,0.12364579671409122,2.306878964116431,-0.13560716969742678,-0.043982989001420315,0.17167792439892196,-0.5093518388102899,-0.16830894055562234,-1.0373541926731968,0.01788368722633279,0.18416308066082063,1.9356589987711699,0.0061273631435207615,C,C,
998,1,-0.5532467798230053,0.035698096403035874,-0.006502053594300954,-0.1386145577096785,0.3574803047657219,0.06753180467607314,-0.03089874182406934,-1.4303935787731028,-1.1513357401169249,-0.8571923651594596,0.16200288137253407,7.10160503025354,-5.628668912144909,-0.23204078078035467,-0.2078122676932612,0.007734660891284306,-0.5553882434244878,-0.15215854443050417,0.36830822947962893,0.044562298028910007,0.3560913063299784,0.001751358962489739,0.3279421458922007,-1.8814941942580972,0.14900487312395624,F,B,C
999,0,5.653126494714468,-0.043996376832395725,-0.39473914265640275,-0.0805088024488243,2.3135387349047174,8.260301674942731,-1.1237165875626247,-0.18171181427268568,5.234525688182139,-12.472568151960658,0.3371344674910766,7.535087941907191,2.6862185348450773,-0.24126643332486597,-2.5729749962038415,-2.663179948349988,0.08513909311274012,0.07697044035221833,0.20924510190218226,-0.026559648254873624,-4.66341736418951,0.24814997447688525,-0.8717897534824895,-8.347827670065799,-0.17574331504565735,C,B,C
1000,3,2.1313029446086107,0.4828914511146815,-0.21539984769327677,-0.05345584868252115,1.0170750713061423,-4.00200867242815,-0.8825861982088642,0.3323477953152693,,10.20834108822573,-0.4558473553903127,3.816494256295871,4.147122767891743,-0.7623328146590995,-1.3168035769294164,-0.9648522025251639,-0.25005377012159863,0.013340721353224647,-0.20619423864562908,-0.1879885624815234,-4.967748679583635,0.08029984970529208,0.21386024716972973,,1.1707341513720124,E,,C
1001,4,0.14539910486821442,0.4343085346728043,-0.23334507689769035,0.10508967962248175,-1.1778029245411,-0.3216925078260932,-1.084865289746512,-2.0102824955362757,1.1122468869443334,1.1841846061695809,0.07376202775523066,1.8540797542605867,3.5323781301945667,0.9635464491082054,1.1934950259391208,0.1675898310721705,-0.6310084780828829,0.1217939132356527,0.47417103754271367,-0.1811162777296649,-0.46272717420648535,0.2240678347093553,0.9500460416891227,0.4415742117106252,-0.265217607938522,A,B,E
1002,0,0.137267614916435,0.1206014092403664,-0.08044827251290831,0.06806607854566608,-0.4788973340225113,-1.8038997819387925,1.6493779731865807,0.30889276482313344,-2.5597337478365785,-15.835729721871484,0.1009286571144667,-3.1110873836375683,11.242925303610281,0.8899890109596568,-0.3008387651136444,,-0.11145468872687565,0.1049598851055629,-0.27668180658452185,-0.23056622140877908,-0.39421674749722996,0.174074811051227,-0.9984048081643936,,-0.6551835592503705,F,D,D
1003,4,-1.870352649144586,-0.34568074092498685,0.46938353397158566,0.2396620239202205,1.5302521431805016,2.5604398634458407,0.4918825717186305,1.8144145655526995,-3.8133483966422013,-9.883607486662317,-0.0051345697618573995,-0.8694557857540699,-15.677298389068804,0.7152206960464929,0.3570008566079891,-1.5324805362698692,0.6178533862864753,0.06805277672771338,-0.5582876609515235,0.1427976402821949,3.215421296905305,0.09546199594217555,0.8928819233604821,-2.5399017108563267,1.3091955208627768,F,B,C
1004,0,6.203950607762231,0.07462100557751433,0.6318837828691396,-0.022232346091878193,-0.2987037270739085,-1.3454142167452827,-0.21625414005119162,-0.10966047645570265,0.9712644216031566,1.1527814671044043,-0.24431996524133828,-6.755795405520859,0.645433935154706,0.29497108019522283,-2.675129440187699,-1.3648295872723237,0.13658764646435148,-0.03212750589734277,-0.1772845875376453,0.011453783378162392,0.7509397087186356,-0.09542780006677226,0.9931388945915882,1.5097951099973976,-1.0818507753459885,E,A,A
1005,0,3.416203366256475,-0.5193041130093702,0.18348314820331046,0.10111793437789476,0.7403615907245689,7.279750782218212,0.08629527551705189,0.2711712491102025,2.1493727614791895,-19.446357450722463,0.31068728124170897,10.031871476707323,-4.08940563563941,-0.37055331563746274,0.4423243747518015,1.1675884687331801,-0.03376172910905234,0.4099965173164451,0.09761122765123743,-0.25347406750627327,-1.9147431972495537,-0.48786457272655726,0.5688891367753364,-5.296294119916844,-0.42517033349027483,E,A,E
1006,4,1.171519743029456,0.24582062834217078,0.21156168602507597,0.06691629287314108,-0.04442565149306781,-3.1396352710337507,-0.5863807870554479,-0.45959947649077937,-1.369783002231077,-9.121950203863676,0.7747691191466737,7.9826560641632085,-6.519386121892159,-0.20114394844368277,-0.8592458655884155,-0.24510526297661273,0.28436992252656523,0.06489001965636093,0.10421890478537169,-0.2645439416583378,-1.7600892512587876,-0.2532271914859287,0.33458728882218053,0.7435165946301954,0.018342927669738166,C,D,A
1007,0,-3.4978370154946403,0.18319623447051644,,0.13416887204875316,-0.04344500659650181,5.00239679191623,0.808592422994508,0.36290701388823887,-2.3491010221720976,-21.338342893087255,-0.0413940873445717,-3.0185197377212547,3.6168688635893624,0.7339232614742366,-0.9392991604920805,0.29531569968360527,-0.7151376933819097,,-0.13778652566212676,-0.15176925289599963,4.30964465068481,-0.05292309156957036,-0.4473759017579967,5.63516818370853,-0.658492318205767,B,A,C
1008,0,10.843898569109578,-0.10970130305335705,0.479748704836003,-0.011260646109453466,0.139759339702083,8.182245748991393,-1.7123602972152365,0.3390534143702352,,-12.122381719112367,0.004404271491401545,4.46351137338932,12.342820667949189,0.34211652538814613,0.9774034681061733,-2.7417168930847007,-0.07363851912825012,0.010059567283016345,0.39634620397326326,-0.5985192445369659,-0.6137143114521836,0.038450526535057886,-1.2252630049920117,-0.2442483447257254,0.5951266533323099,E,D,A
1009,0,0.5523943081931779,0.05946300277869815,-0.07473598846122131,0.07285133510024809,0.3843234531379925,-0.5243271329780173,0.39215754735866565,0.23955960045654545,3.8544476739403133,18.00472927701483,0.058766475406594944,-0.8569531383972234,-4.690563660013111,0.5702542981352331,-0.6657571412495481,-0.5341299923541302,0.38196876505046634,-0.13694657383369052,-0.6066526936803517,,-1.165694976848055,0.2714795029245369,-0.39111637627342916,-4.398818597655744,0.275138669183816,E,D,C
1010,2,-7.114418338385522,0.0723498281960386,,-0.02559114644234005,-2.4111219956296868,0.38961947679170783,0.41689549132172443,-0.9648996052708848,-2.1403912001593914,25.240434059376646,0.17605926135174982,1.4458072788921985,-2.1375465206779083,1.6963309709031313,2.6606124048272077,0.520597390364609,-0.2375138521149757,0.13637833127863072,0.36848804014656544,-0.11457082508887796,-2.852664268569739,0.4024521262786792,0.2601507094103072,-4.355185860711885,-0.08106398853198989,F,C,A
1011,2,3.0408641652044452,0.29781591386000233,0.4795821719094947,0.04347427100834986,-1.8152344708065828,-1.8191420885751668,0.06418806955973164,0.5850018052187981,-5.293085550939278,,0.17066996208670343,-0.5256088736723197,-1.6082116697513287,-0.4869130999538421,1.5087034314644454,1.7893779623418529,0.7357962399529672,-0.16484857789898447,-0.5269864843423302,0.025014090970868263,3.724122333127362,0.039233464856560575,-0.8545513392775962,-1.4209471473390047,0.14649101714323806,E,,
1012,4,,0.5126065863202776,0.18153072823534544,0.03966847442438127,0.7710075043066328,-4.440158334801686,0.9267184131114032,1.3567139609087515,6.386360487813827,,0.21382295202451068,10.66410595535689,-4.322102261164311,0.3779051403983557,2.238326011798936,,0.28586472822564224,0.010606110441542421,0.6628843419810109,0.15114816083957658,1.9942076456415871,0.22786832965073822,1.0346708107094256,-0.5732558413535059,0.750398267116909,E,A,C
1013,3,0.5026757030596095,0.2286033847574326,0.01068553409685781,-0.024726381833653402,-0.13411110676290294,-5.4382753088498,-0.8084417855195591,0.0388034190323545,-2.697194551864966,-3.1476611989339123,-0.7891819854678765,-1.8385835515810551,-4.802334634498536,-0.4813850293146715,0.6882477932205312,-0.1287553278848788,0.6777062630311269,0.040937822109162005,-0.2808960529613182,-0.11308975420028089,1.7837441303158745,-0.1343756591508961,-0.11669552974175613,-0.43208992460524265,0.13821268277154322,A,C,A
1014,4,-4.3419493587318305,-0.08785586287307584,0.4817930318384004,0.0772154461340509,0.14888745343609583,-4.98708380838537,0.26356775614067895,0.40743566311894447,2.0970739264008538,8.953384403228094,0.8914685619608784,-1.6245801229624348,-3.3818737951867135,-0.1886085862703068,-0.25212557908712147,0.1978053210743717,0.018445502625802194,-0.1331507847468371,-0.3012995811618642,0.005979217172216687,-2.0390574529544874,0.12078125519455601,-0.535544607443393,1.9157568915026368,0.4835879667293975,D,D,A
1015,2,6.2395724324170985,-0.28236391563203905,-0.0007000344163251292,0.06990396429061851,0.8422187117058766,6.557761002673181,1.0785801341274068,-1.3702189325490408,,-3.0390818455934787,-0.39219138244779145,-8.509053982677075,-2.393638353824247,0.14269898743947135,2.7671201809234653,1.4159243182283925,-0.8797236600163038,-0.08280216185787007,-0.5683268046834417,0.2081832554984648,-2.251949129462776,0.17862907533454342,0.5273161010214626,-1.9098948869855883,-1.4253699866465743,A,B,C
1016,4,3.4476251900760517,-0.1763056153271874,-0.05129825950968809,-0.15667253233217493,1.4893334699242557,0.89722988155961,1.225385006966955,-0.5252029070496759,1.0005333069659585,-14.131951485502437,0.5963555431356478,0.0796980108548307,-2.6778401209661147,-0.1749686431055202,1.5833103183149781,,-0.009602330124594431,0.26045840667038106,0.4884862825257641,-0.2477613404970489,-2.0163853658045783,-0.1602070700135762,-0.34465266598880423,-4.879199891690294,0.6957831247207134,E,D,C
1017,3,6.031634642843565,-0.2391917637146678,-0.36179591991302135,0.23346762318583245,0.019411332079311165,-4.4639213750903615,-1.0466242047581695,-0.7032453458213429,,-12.691408223717609,0.050989233906203815,9.529573134106277,18.18514729331843,0.5832450540222707,-0.15016324936570674,3.918900817509283,0.22730858401853837,-0.00808004413809288,-0.4518729957684146,-0.21617452669346512,1.307514896787813,0.36119401029918,-0.18158837700668484,-1.9900796898660293,-0.06723574323235326,F,D,
1018,0,-0.08616487895814846,0.13550579194773582,0.11038413887901274,0.12515841533251743,0.021183650014981154,-2.492092320753011,0.047690721207396154,0.3339182630162134,-4.599385967283987,1.0371176155547441,-0.24047238598320717,0.9077950517413267,8.421561354562748,1.2752035409855886,1.3911669676984437,,-0.20614884133743272,0.0646418642312384,-0.27474645725460073,0.39103263056005155,1.5375266508500018,0.07850637358755623,-1.1391303002085127,-2.6892855465447774,-0.39418984072876,E,A,C
1019,1,8.502646259336139,0.3465193754116022,0.11972363070435751,-0.017345139453991798,0.9896718423366822,-5.3419819872546155,1.5908092822136337,-2.447958955492981,-4.938514232256619,-11.919526955221663,-0.18795617036467135,6.062671533026265,-1.6483156727228636,-0.46309876650596327,-0.6052828157272766,1.3424164455708116,-0.4247228059430361,-0.03944160311129511,0.47347198650202293,0.18331227551807885,-1.382877372896149,-0.19085100849926484,0.3171717530785246,-0.21842754200340195,-0.06732398602232972,E,D,B
1020,4,-1.675331340277188,0.574142130975144,0.028409813152458076,-0.021270005307155043,-0.5052672422304216,-6.054127759971349,1.2529330378855084,0.7754426163521198,4.124798824082211,-14.710681690981335,0.7083556577200129,5.260992034434238,2.409595757564099,-0.02334708444933755,0.4880369484698762,-0.06174166381466142,0.14096691863127445,0.2218086783430355,0.21533840676636615,0.2461861731185436,-2.9075726138024494,0.27793991402050927,0.3584128602681885,-0.42198854705466066,-0.20317612205920446,E,,C
1021,1,2.6954534701548214,0.3801723763618876,0.5173169962502835,-0.10809675839077183,-0.6702608529172606,-11.858266992819075,1.9157867939893738,-0.5796852724859385,,2.9468494075730742,0.003555894498656097,-4.501585069722023,5.856367714423714,-0.8413664901399787,-0.33732773691269613,0.2045729899186946,0.37594364983689355,-0.004669838858178285,0.13080872882010755,0.16650432394474482,-2.824222712725474,0.04231145059665219,-0.3225125267909505,-2.48279379258927,-0.37023144593486373,F,C,A
1022,3,2.548891310095261,0.09248561208975543,-0.02457856821227767,-0.1432793330741188,0.42078962704161116,-1.509048476595757,-0.5066656556237386,-0.15884163504007412,3.9454427380857515,19.864330753754054,0.6021087189409458,3.0699292791821042,8.778753220400182,0.13352297134356914,-1.5618451947971208,0.11030668012282982,0.252085657735573,-0.19430387209923902,1.028381453357138,0.2939988907036082,1.350679451722463,0.02975295487083113,-0.23636985982801306,2.9471559266287253,-0.007131675321139472,B,B,E
1023,0,-2.280719124520027,0.4608561401636135,-0.4419413761021778,-0.25166140593206965,1.5705183651303998,4.817819214002314,0.500072228827863,0.9891250792469427,-2.4019434455674387,-10.078593483929492,-0.3031593171409291,-9.749258623730432,6.762879871100814,0.19191632854476906,-0.5806424791133423,0.8693048235818672,0.2903871691315754,0.05282986470913423,0.8039019456863671,0.057695566329996874,-1.3890004808326863,0.3593378227509045,-1.2201953062346136,2.130504188427512,-0.6655177902697571,A,A,A
1024,0,-0.4212298281410002,0.12292162905851686,-0.26683776768222983,-0.14190980996133273,-0.5072529475550485,-3.6688184252580456,0.3001895836724739,1.3160701031516704,,26.733989983483927,-0.09425218872139943,-7.433501736630675,-2.290405056878836,1.3790855618031739,-0.3881418599921369,-3.9217963756155054,-0.06689565028597029,-0.1246329175626144,0.5019827248587078,-0.18559288182840053,0.03688841571972779,-0.18076785386348618,0.7260682669308571,-2.729424396949525,0.23108106318762509,F,A,C
1025,1,-5.1103062310858425,-0.002772920139738595,0.016906360794126014,0.06008425791034425,0.32556251504619044,-2.8772147029707145,0.824375957380137,0.9786634831026656,3.10401076872929,0.5294171443882035,-0.2679402790282533,0.8134268142807785,3.957223147813555,0.7607316857990383,0.6764136812841948,1.1243834479111057,0.1388711283580175,-0.1934457149834203,-0.5556681926014522,0.26915229982445177,1.7020278717999804,-0.11575652035215586,0.4114588479091568,-0.9829291331870789,0.6390169595734191,E,A,C
1026,4,-1.5959749514355064,0.0069533853562760125,0.009641978569855911,0.26134566425451516,-0.054747156331830894,-0.7718201338455268,1.0820084575599278,0.546623245729081,-1.2668031094713712,-24.81637715029194,-0.35023766871356765,-1.5473476842750902,1.7384797893576087,0.24993032163243833,0.8042918042515225,0.44357117650236133,-0.3770424042135596,0.19316295830646305,0.6788804390225567,0.03514165587711198,-4.773186842285342,0.10359920813967172,0.493636820708718,-3.860237103990083,0.9081349884462863,C,B,
1027,2,-7.427856808269442,0.3963012703564162,-0.048875562781348955,0.01847364908250017,-1.0660547283835466,-5.436893566974288,0.3253536324202071,0.04717731770873134,0.1474878415220061,-2.1200089649981124,-0.3889180775192407,-1.1864662468951621,10.37582787150517,-0.591600054496003,-0.45909121117388174,-1.5072502681500968,0.43271674726931664,0.03771068808064398,-0.2199407093362161,0.19028827377775392,-0.4089230417081652,0.1710492479056329,-0.6684242649395149,-2.478398616673521,0.4850252820693254,B,C,E
1028,2,3.4403944235001473,0.03857502814919118,-0.16062447018458287,-0.13255282754376987,-0.06280983199703677,-3.903890914631582,-0.045121854481072525,-0.6200516872830064,,7.131201189283235,-0.07064205681336057,-3.477996415361914,-3.9022887708581906,0.7042203193167843,2.0131670103008554,0.07746340995736295,0.47333076561506704,-0.06906300476712128,0.4560405256332855,-0.12840368414584458,0.581731444688496,0.03205457310615263,0.6847362265387738,-4.004996825506136,0.3156228730721492,A,D,C
1029,3,6.231447081411681,0.052775392845827954,-0.020315894970867863,0.16702987756860016,1.68203976894994,1.7455319783043752,-0.7399610266022968,-0.23231564753286862,-2.2548570760625934,16.940325654005225,-0.027240956232759114,8.846755104072063,4.092990401200666,1.3088903673792178,1.2589193721654357,0.4050942378860884,-0.3657582734615429,0.01834988433298606,-0.6449556984940769,0.4621595351602456,3.2464227796953233,0.1382644069332736,1.6060569801860476,4.0625013386500335,-0.5792149436469032,C,B,D
1030,1,-0.3567805113789591,-0.2648262459636062,-0.4320742687432121,-0.07876272184669322,0.22469648812601942,-2.8414293021128514,-0.41802211237839965,0.9092124074957687,-2.255096220056719,-10.789959511156043,0.42311899641948164,1.2198822114607715,-4.922548943769028,-0.6833633751568214,2.3002846951084472,1.8922420265750146,-0.0029626897372240645,0.011177909704634073,-0.18451853708763008,0.2247112433562669,0.427736975111088,-0.2557760142891924,1.3691216961060209,9.20654450878653,-0.7895991522372046,A,D,A
1031,4,-0.517340280722686,0.06976930677478785,0.083995625806116,0.12673975709804244,-0.7655547913874298,-2.4126533175472447,-0.080668327685061,0.41440055047517504,,-6.593125266897237,0.11803773080489988,5.64156476303172,2.0077547527465267,0.07158427720847906,-0.6309086530306198,2.2716807730153086,-0.4734475092531803,-0.18876637179800984,-0.9946037077994625,-0.32084756532697867,2.0466323568379297,0.2245740270017173,0.057269182269043595,6.190721035466509,0.14629224938880434,D,,B
1032,0,1.3064363252688487,0.07574786242926042,-0.0892019588350487,0.09028653956728838,-1.81354229987372,-5.42290814353206,0.3267913234544532,1.3514809422280718,0.34245650649005743,31.894620612099324,0.39087100849346157,-0.9447508795228312,2.320280012376322,0.833999590682016,0.18047435647610022,-3.6603575548911813,0.0911460978945289,-0.14678970586245832,1.1866250924356514,-0.3165928927594158,-2.1420995594318835,0.21736261353231204,-0.1252552127350976,-0.5135505469440123,0.0007282571971403369,E,B,A
1033,1,1.0068551799568988,0.17985967930885896,-0.2903809401733115,-0.026121731755683057,0.5914175513056612,-2.0202998622373545,1.0802969775898157,-0.6847519691096877,,15.382603710172303,0.12207816101436605,1.5955049538258823,2.790747374838655,0.4408946399685522,-0.06629220818335406,-3.190091476416335,-0.26243809031210713,0.09961752297749997,-1.8766976399936206,0.31385148027537046,-0.6855822239492769,-0.19873776194434373,0.253713038992062,1.4780611842639113,-0.5803644736021079,F,,A
1034,1,2.4803368775513874,0.5156637030542904,0.17104362560933506,-0.1994904760981794,-0.20176181123822598,-3.9607909223666264,0.10939539854834193,-1.9995471023404827,-8.463537994790379,-6.672406779288374,0.2784303620194235,7.964703383133803,-1.7321353794613363,-0.387007826780879,-0.5254811845432631,1.92856067571882,0.2776938679305617,-0.03847870369561197,0.37513941575506765,0.14428609520825034,-2.3721908846311495,0.12091610965457057,0.2005810010824228,5.898538686856657,0.4169138555987911,B,A,E
1035,4,-4.54597687671509,0.34468613682916893,-0.10746477827773379,-0.00450123731934585,-0.6013570528467928,-3.8370549878162894,0.26257840976010044,-0.30859979815474164,0.7156631381584815,-8.64460761316651,-0.5211126983217755,-8.31876834449605,0.694896869129996,-0.13059246292581292,0.48809898791575895,0.5800692366527336,-0.15102354453050365,-0.10531995653775748,1.8381340324843138,-0.03458737154894218,-3.5480829194161605,0.08151379258028485,0.4745711320505803,-2.5354671131217996,-0.37578784388441117,B,D,D
1036,2,0.918415974095716,0.12978284385993707,-0.004579826520710339,0.11705972944982522,-0.5502744835267892,6.221762610213769,-1.0254090223262904,0.44553599491073775,2.77730600572134,16.40169800069668,0.22823662017708438,-1.3824622865477716,1.8856899960059486,-0.07227112714786231,-0.6903290445056554,-1.4431636187727233,-0.9184504493962768,0.14669705542573555,-0.05171868805729173,-0.2402807743755722,-3.57347272796245,-0.13258938761825287,0.3608828371951618,2.2131343163204984,-0.8083458471247934,D,C,A
1037,0,3.8216084714329948,0.6076036135530334,-0.24432772721681997,0.08795282798749901,0.29138491813400025,-5.180131106676355,-0.2573633932264382,-0.16137764087730957,,0.3582483001554056,0.5948863815719069,-4.09592059574477,9.126838046351102,0.9785191402412518,-2.6462159162368053,1.5044933968569831,-0.4645494764381469,-0.015889545894471776,-0.6985135678045504,0.1970833108471241,-1.3835389485444693,-0.3540527083750871,0.22989208841066722,-3.476530530043222,-0.5582988856953492,B,D,E
1038,0,3.902053666437725,-0.05763593432369838,-0.2769662536101148,0.051042661928920006,0.6187915085813239,-0.778098717603569,1.6411776658600201,1.1241355959628712,-2.0138322646457474,16.849690190147683,-0.690931010811246,7.673926576871273,1.6091263766368094,0.47850700256975237,-1.1520905801303405,1.2714893499742024,0.42019912202423976,-0.14406733200551458,-0.34079203587435764,-0.3322365785065381,-1.8059208950739236,-0.05175019167507755,0.5270261147247634,0.9333220883156821,-0.8834296659219432,A,B,E
1039,4,-6.115638148530853,0.024291671575496682,0.173063419020907,-0.05424403274436659,0.24280026347226052,-2.750820220816803,0.8976128641177762,1.2498299828653388,-1.9158686496307578,-12.650669171067118,-0.05581877084909594,7.856025855027474,-5.099359960446243,0.623018906721233,1.185677066420912,-0.7960164871979333,0.5312494513367019,-0.046823259934468224,-0.34092587453912526,0.04586369422709768,3.3197141143932924,0.06891720022459535,0.8318418790393587,,-0.08429213777115585,B,A,E
1040,4,-1.0658351199152036,0.07963014201650552,-0.15170053924414814,-0.026241212629381592,1.7395604527006643,7.089805025199411,1.2678268189433957,-0.8369725593158674,-4.558393518109817,-13.811261999610927,0.16070825099270564,4.524792563034724,-6.778441359327415,0.28252911603909475,-0.7912345539862852,-1.0652383653186017,-0.34930756991235823,,0.1677783983379483,-0.049928287872437534,-0.6934485973363155,0.052820010925899,0.32164668342301345,1.115308951977784,-0.163065545299311,D,B,A
1041,1,,0.1191154745765215,-0.1655095560892659,0.22484712071012053,-1.5628974072326884,-1.7078912645490936,-0.32405310624268746,-1.6274722194582234,3.994981045517148,,0.005042729102058439,4.045836103154816,1.7838354040778839,1.0635811921084162,-1.622153408957742,,0.7488750755725725,-0.09551405548048537,-0.03626511849540374,0.5384752676560197,0.5655846212697172,0.10851299218288947,1.6578693160295381,0.10232771133876721,1.5998484569633478,F,D,E
1042,1,-7.060844756798791,-0.4480024381669416,-0.04268060102422426,0.12567562001008897,1.160806395078848,-3.8538749792732068,-0.4014645161799144,-1.5377268437625953,,10.413268785650578,-0.20943932278507663,9.041483403335748,1.800032644267389,0.9427915673108358,-0.49411187261840833,-3.0840657328444756,0.019828108521948253,-0.044050268244919755,0.3228785751549138,,3.4891122962630945,-0.07305812427219255,2.1048152073567947,3.622237020343284,0.9407484873427138,D,A,D
1043,0,1.25984816712802,0.12738158466971178,-0.19386257409822447,0.1354336402783592,0.8165816094669728,0.5479725582410043,-1.0045024370471793,0.5246471951842165,-0.20762046139055254,31.040373292410504,-0.5812588510830026,5.4304106825584775,-0.022082546250315808,1.157858168506548,1.152090198494303,-0.8902818898091862,0.18465571352455526,-0.31572623545050105,-0.45338635948372535,-0.24070391319616768,-0.3678787681716358,-0.42340031884294177,-0.1149626513849058,-1.8403226834947182,0.26811974289976753,A,A,A
1044,0,6.19724606744613,-0.1968404168316259,0.052070648766340155,0.019376573647153637,-0.03687681978520794,-1.713241186403727,0.549277617422046,1.9991148456478123,1.37530836845507,4.355908328055986,0.06417210907520564,-5.714862029697516,10.886721839656007,0.9591162113032043,-0.2497188592292423,-1.7427517383463176,0.025007774793943664,0.07187863934923923,0.7843988274639028,-0.1486210777087657,1.0310845534744253,0.47089103004951105,0.2536985808740004,1.512316634863507,0.12040975308423404,B,A,E
1045,2,-9.881362958173833,-0.110943078236455,0.3384883849618068,0.050560419377437375,-1.1356814594515052,0.04753645753605511,-0.4830057617962388,-1.6851126225773507,-11.34523870659271,10.545160749670577,0.21684571144932954,-4.183509323267695,13.416009456762628,-0.43117755844145383,-0.10166638657017872,0.6818731880538916,-0.1684271361332254,-0.009153462716931586,-0.1411109461328815,0.28488383715449245,4.234500807860729,0.027626453661237345,1.5087085196839773,3.943597011180442,-0.550250406142218,A,A,C
1046,0,-2.0649016428777496,0.20930760918528302,-0.16813681343677864,-0.04936127273135242,0.2938671677487364,2.2504563788868595,-0.8111432663183532,1.030984819364089,1.809992172066929,3.1442648635179404,0.2155281253450904,6.128787636359875,6.09630411320886,0.5598163147555723,-3.108034270486428,2.3287264573277873,-0.7353296916147908,-0.09933379617719564,0.3167843544539776,-0.10136488448282856,2.011464276252171,-0.13947964962282589,1.1784848948868363,4.032233649113279,-0.2160113121129653,A,B,
1047,4,2.7134107286816582,-0.2138849059740906,0.01604462085177733,-0.01768194038856592,0.9865855389949006,-1.935931008372063,-0.012512352698910344,0.3564199039228256,-1.375067422545207,-6.3366778518948275,0.2227602697199921,-2.7745360309574387,1.6655661075153707,-0.3230318918115742,1.7180575985486801,-0.5152853644859845,0.18520668653217948,-0.09880488745404163,-0.2461812150568846,-0.2111055004009948,-2.401740643345242,0.22477888745737964,0.30025649165397544,0.19728021581227456,-0.08560404741109745,E,A,E
1048,4,3.6978484336192112,0.015534308238915247,-0.33330251820069406,-0.10596528417420556,0.10716102189342165,-2.286019449339122,1.605973107178665,0.8526770261084743,-0.3255085987189077,-5.9020135880884705,0.23955109231226737,1.0484877964825017,-8.644159696300147,-0.23123580966216797,-2.214766208930154,-0.08470171470542866,-0.4996636728893045,-0.12472186297970428,-0.29980234951796847,-0.06767158723607598,-0.7976757021477532,0.012910700917456969,-0.332630194742253,0.26393131257726443,-0.015157403828163352,A,D,E
1049,0,-6.0795470363299975,0.11699094919193824,-0.17358539548134233,-0.09769882310928221,1.852906893080713,-0.40996996392486557,-0.08428060190272944,0.9672565413192045,0.676154916262606,0.8321577483423332,0.2909770015681978,4.561569665420394,-1.6126431641311247,0.017503129084961985,0.27907919086834987,1.1566636933947962,1.3086060880390364,0.26371522258817826,-0.2295455852272376,-0.22467899119121432,-3.4071685328531993,0.11741505697516011,-0.9454663014594233,,-0.5561874506340712,B,B,C
1050,3,7.265269735301725,0.361667184788538,-0.5150187792663778,0.09751522077126724,-1.132115612490301,-7.230979267450737,1.8329272644817916,-0.16239940062772817,0.4352457463763543,-7.359254591136571,0.07724516204225114,6.095002816265032,13.361617839536985,-0.20562715264479478,-0.15910057104866446,1.3858501881276943,-0.05397178443491416,0.17304129365260842,0.19503581065743716,-0.15713488236143677,-0.41415190554199405,-0.2354238257205957,-0.30746718187820127,-0.4605852436399535,-0.07613593491522698,E,B,
1051,3,2.1885537348796844,0.09480002221795102,-0.033775453223558245,-0.045597843690426486,0.2007129360035743,-1.0206612811359368,-0.6220643994199202,0.5198162831634074,-0.057892556356193704,1.7330448606244395,0.2721249209325753,-0.49279212885245977,-2.2565079985982304,-0.42413298314061976,-1.7816737126066817,-1.10668988662163,-0.11725276653467703,,-0.4502168394885343,-0.17091590909959078,-2.680804448384528,0.07431780084818783,0.056360373936166976,0.04331901045238651,-0.09943920962977072,C,A,B
1052,2,1.99156680961027,0.07276596541268038,-0.1205073114717555,0.048434323722863375,-1.5147741756402537,1.4968046683650544,0.4156211622211813,0.8062556238693431,6.523054525092386,-6.1382369835893655,0.021684817247885447,-0.542071554817462,-2.3526572999063133,-0.3771307338858558,0.6095309162901695,1.524440966121271,0.053699933378458124,0.09324417329234923,0.34476079625555645,-0.021678160909379542,-1.3777442857034887,0.3267855135686765,-0.20032419613319974,-0.19036812017499838,-0.5712214258317265,E,,D
1053,4,1.9818807806723542,0.8347547636005135,0.06888301202638226,0.08379857291913069,0.28785565647654743,3.651947954703329,-1.4059673180521939,-0.2211281621317645,-1.5679814676670514,-3.2208859859346775,0.21851889656272913,1.1869908212713935,4.802744026318178,1.6457048741441085,1.1652998094181686,2.876445363342864,0.5869403056409335,0.025161084582979793,-0.17243185794685906,0.5517590696716943,5.369576641359949,0.33278912818759293,0.9512075235870485,4.526945220713535,1.0580974190961892,B,B,D
1054,2,-1.7836318168281495,0.4061174398660546,-0.3479592789939826,0.06468281846859732,-0.43391921936378297,1.7519347059053927,0.24207682099812305,0.9222182204899727,-3.592368528652398,1.8282893571895171,-0.44514893765801783,1.408194641930943,7.967418477712008,0.20993654503826464,0.8276758211553266,-3.621412364017034,-0.21726736745576583,-0.023253879248992977,0.6659795059290979,0.09051988279107388,2.206695688179081,0.06840157016462642,-1.1236512714229328,1.3306140829736912,0.7005072255746545,E,,E
1055,1,-1.0278400312263156,0.18212740021389895,-0.23887473427359282,-0.041139696584374934,0.4849163823471817,2.7229507646253372,-0.506367353619135,-0.7694135841069143,-2.7606037057774526,-8.350575752925456,0.6025909312889626,0.3511433392042388,1.0518614583086212,-1.067193863684242,1.6847479140983321,,-0.18189774082275742,0.011923803133496537,-0.6198278491287393,0.05239305760810689,0.3233673388957172,0.13041992296664873,0.5382564697162128,2.6717518521662793,-0.40611276322379664,F,D,C
1056,0,-1.323313901086303,0.11272020302074372,-0.07041408353659721,0.07511678600041022,0.007453634380130016,-2.5562163922804584,0.20161955718848787,0.9385187896145427,,,0.39321979841307975,-1.4252768947050853,6.513443477201722,0.2102773201304377,-0.5307482199080756,,0.318891874697125,0.08264262550328781,-0.3276522947507919,-0.12900202984957948,-0.4153561556014594,-0.14808593021107555,-0.3631299156575459,0.6019650280164645,-0.4553688388330058,B,D,A
1057,1,3.7026632190637647,-0.34433979219156235,-0.20610975845415413,-0.07097786781682285,-1.980625875128669,2.403278284090444,-0.3814846397149605,0.32344770603474526,1.74121244560475,4.760368726450028,0.10182366613262014,9.66933834986921,-4.684368285675594,-0.22460946886630803,1.4422420711829218,-0.6311199450427644,0.4673917912779761,-0.06285547730362105,-0.8128277328703322,,-0.24921039374547282,0.22880949610371457,-0.768223886935001,5.319954050425572,-0.5532872562820093,B,D,
1058,3,4.0680796782561925,0.004254533884295496,0.043405426874628374,0.19000059906855205,1.1977160442656603,-1.160074361521515,1.621033180522163,1.0950310779311996,1.0896489983292428,-29.860374330840816,0.4772584295650337,3.1206359573273783,1.4285126746461434,-0.3918049981525825,1.0903527453021047,,0.6005085594971405,,-0.0660898958910997,0.006339965967545712,-2.868416532506993,-0.20873969777053125,-0.37210515544741246,8.898741338316608,-1.247639261726246,B,A,A
1059,2,-5.336173379115629,-0.3230141448382682,0.13732563678693357,-0.05032222198665111,0.32205892438569445,-2.5968360482151374,-0.8116063531994127,-2.109549257208769,,9.095124087078522,0.1076651268340379,-10.590891102141878,1.1862928336641665,-0.4601113912329734,-1.0431777120796661,-1.6738593990907202,0.4002793752167681,,-0.17895479426228944,0.08499267261001577,-0.3656825375150156,-0.018934767996870928,0.261173105270836,-4.652355146573203,0.5008982369980488,C,A,
1060,3,0.5697213425106334,0.03774398980728232,-0.3377399762080355,0.08785515827360585,-0.03087598343937949,-1.9306329794053527,0.6341565136092112,0.20558418850804513,-4.589586115706924,-5.941478985289068,0.3653158575600935,3.3508697834000705,8.581854854076417,0.3940700681468674,-1.8353984290785406,1.2595514893495006,-0.05360172977441734,0.21959348258587286,-0.35042770997144806,-0.4769783966431228,0.0057274627283790255,-0.14082336719475996,0.46036273709057396,0.05631679840844335,-2.2222228331395466e-05,D,B,
1061,2,8.678427484867218,-0.2384310298977629,0.04966976332482678,0.10131611680472659,-1.4545442493760163,3.2183827888866907,1.0506185804231516,-0.7475580797595602,,4.757740276326065,-0.34187066206547084,2.509904310415932,2.0710444396669843,-0.2867889407395781,1.6538332269299267,2.8168035220385037,-0.06657416629465346,0.07304330424020351,0.1055479569455035,0.4088360096688214,-1.534902469228563,-0.12028731004137527,-0.16445378169929828,,-0.908675668332607,A,A,C
1062,3,-1.1363759451298363,-0.22241186212102024,-0.017113925675841968,0.08801973354671867,-0.3435434770749502,-12.76556315190085,-0.01581025196846192,-0.9874710770931306,1.465729809325753,-16.661276281197935,-0.1598010615985708,-1.2138425548679042,-2.999194604456237,0.12435143902058449,0.5240229947826835,1.0235153948993625,0.17204268046340357,0.08871710316368607,0.7305133511715208,-0.5104276304320073,4.156970174660966,0.3525877650989131,-0.2076067916522141,2.457518502663364,1.7196876953677354,E,D,C
1063,3,1.0562078564281063,0.23557615801952853,-0.43216758695366264,-0.12336725614278565,0.06966720065568233,-2.2022911247552766,-0.3444925364975358,0.2821982580750281,-0.0866352501693229,,0.2558939028780606,-5.4907262791871885,3.208720247459819,-0.33402509029739863,-0.482237185405856,0.24669637325173346,-0.29213786060716385,0.003335550560537317,-0.13074193909651716,-0.20350453754327028,-2.184904641059458,-0.10206915745192108,0.7365219173947366,6.499625914135633,1.1718555208063262,A,B,
1064,3,-3.9362136164266297,0.08030344039019227,0.42234729690797096,0.18304937916169442,0.8018158461231791,6.806763170946026,-0.3465190558215181,0.9314706363014259,-3.1515845316918414,-14.89577654179923,-0.034898291346893186,-7.735338793875478,-6.689915155651481,0.8351644170132635,-0.305639088700453,-0.43686367319661973,0.6363649417242729,0.18398683027811552,-0.05915360359369042,0.14285531193498005,1.3079860098757234,-0.11709705252685018,-0.27918528963569933,7.253155335308856,-1.0307898857984188,B,A,
1065,4,2.6127842156961076,0.26124767902304796,0.4039680440265356,-0.04169299119926832,0.051673625604010114,1.4263881976941584,-0.6613601119555708,0.9364921100594427,-0.5061537803260855,-1.481944676124571,-0.4980245494881691,1.5652641338564144,3.6180181178858413,1.228331727408764,-0.39890551693793924,2.753081458152307,0.29097490966745154,-0.1440030428334622,-0.307891019880099,0.5329905842073123,4.061542717282276,-0.1815485321556088,-0.07159861625089249,0.7495322108732437,1.4944689406718663,D,C,
1066,3,10.173509854942449,-0.2160888537610334,0.25780240795268117,-0.08962026043704259,0.5871652780960288,-1.1199415570097204,0.2529888803145298,-1.6223945000248028,7.060363293722779,23.1677756415343,-0.31654423427730155,-0.9384556018380895,9.064513002566937,1.146585088866189,-1.3011283092489099,-1.896801596414516,-0.033614466484894814,-0.20487794722787211,0.34313817427185966,0.07845434972625755,6.535613829701114,-0.04085982198615291,-0.016533154558930528,4.4062083489032595,0.1979554793238482,D,D,A
1067,3,-0.4316959670733687,0.042588696871564524,,0.09384489899933778,0.8292601228068517,-0.6963496788651341,-0.5078290402685081,-1.0121865713202531,-1.1438548927643828,14.776888169913498,0.39101067745861673,10.473308987375754,6.102400259065082,0.029968101532437372,-0.31826621623777557,1.2552479567106203,-0.06223958207737625,-0.22764138527428066,0.046862630656924156,-0.28956299830139465,2.4482948448029145,-0.004832144219205326,-0.027882449109057093,-0.1608983874207856,0.35263077285468086,B,,B
1068,4,-14.214903888794561,0.407493081163205,0.20742872119657305,-0.11062059790513251,1.8696882769438397,-1.4156154015219584,0.3812011441693854,-2.345142128091215,1.4741686898925463,9.522964669329728,-0.19619662590435244,-6.6853521479058005,-5.456875804257383,-1.1221892675753773,3.440972824404658,-2.88929897172091,0.08710164917712278,-0.0016684522835593591,-0.29536270806645254,0.07431070001433383,-4.664325597740487,0.015899774723199592,0.5717713643635105,-1.3623806552840723,0.6408381001566115,C,D,C
1069,3,-8.463562061053185,-0.02893694163057783,-0.14874339569309097,0.09585230098191858,1.0310715906466423,-0.15267766934867347,1.8803212228120774,-0.8383024048151333,6.6391462510585075,-7.507691856018476,0.008842171052233904,13.971019561934492,5.189400408683507,-0.9500079484942678,1.3908120482848945,2.519924487675006,1.0813920846553302,-0.18010161074259273,-0.1812846385820879,0.10016347092481087,1.5346111706034566,0.3561708565695293,0.5059846025823242,-1.8453796609981934,0.712924842929145,F,C,C
1070,4,2.4352058776537557,0.08784332280949046,-0.06813482064774205,-0.04899898370382885,0.9977901293378486,5.440623972086892,1.2578134615641,0.7253103549849578,-0.4543183735420105,16.608901104780106,-0.0638933501953501,-0.27074697443423507,-9.131610350037413,0.41226629587137437,-0.9349022450459608,0.1765252680168054,-0.3002760673427813,-0.23766357983747233,0.8091542620391085,-0.4575600553281997,4.12470597897674,0.1082306349521879,-0.2352845712906702,0.9819470409253693,0.9389878796713542,E,A,A
1071,0,4.65498721451105,-0.2857516147356259,-0.40723782609729353,-0.005290308173609783,0.6757958162634703,1.3858212118484567,1.4474585003854077,1.5151026104847616,,11.260071574602682,-0.41794082716283765,8.338315870470836,2.1965542400693674,0.7984945676855051,-0.8737281995447821,-1.862955088146459,-0.1794050714225161,-0.0696329785166015,0.1739695719549392,-0.07341064574066065,0.19514966784507964,-0.2806589061332297,0.5305501524328732,-0.4338641000663518,-0.7339340536410307,E,B,
1072,2,-0.6842875866365881,0.5289861743525106,-0.10593514075236742,-0.06603670629995823,-0.00765495407165948,2.2719658318375546,-0.022309523378238594,0.7748052399814598,-4.026112356632617,11.142379667400297,0.03725194693403255,3.234638523133723,-6.244047174118107,-0.2827591806948064,1.6049156866432401,-1.4016506525177312,-0.4085374824734413,0.15867203891929912,0.24437204531820877,-0.17624169451777763,1.329907726413193,0.06712360431708655,-1.310295713189042,1.5460358033109418,0.9872342505228315,C,D,A
1073,0,10.305148214707298,-0.1831947369286309,-0.034924589768112926,-0.08324150949744348,0.004161878377970539,-5.7974279665207185,-1.2166205661946303,-0.3663988345746555,3.980469806147828,,0.2656302042357351,9.967153840664006,0.19514409981848832,-0.2123675810008031,-0.8771264879632056,-1.817775046884079,0.38428726639082267,0.0824218746098303,-0.1519923998896319,-0.2808066307419721,-2.243546601049175,0.07946944278238,0.26621311109532414,-1.124828346021044,-0.28333245672740254,B,B,A
1074,2,1.6519969723058487,-0.12129168602302727,0.053533954094386,-0.060035119826788184,-1.3854804384603379,-1.4059229768006003,0.08293989718100248,-0.8081420614587883,,21.89898863136875,0.2474047635897127,1.242625506067959,-3.0102294998795407,-0.8770948145614632,0.3382880604783812,-0.4053889693788754,0.18488231968915558,,0.17589217426883913,0.0016359777853831763,2.7435746255740168,0.21449639741079463,-0.17338003014759037,-1.8783662151016551,-0.23715772410161537,E,B,C
1075,0,2.9521807723763676,-0.15480524736654555,0.02480945586757914,0.035904457361785734,-1.2558452811926186,5.745326171019122,-0.25437225349624437,-0.16968804990052305,-2.584139877387716,-13.868085462229107,-0.08980605801566714,5.107156563119638,0.10197468587592283,0.08388293205504375,0.3799496799258889,0.14774099436062194,-0.09299945753073935,0.012788770582080446,-0.814492681896406,-0.0662894664217272,1.0939825145351256,0.06647643940416828,-0.9522096733164666,-1.6720515960944209,-0.694639644251004,C,,D
1076,3,-5.535871313750107,0.16749438159187216,0.14276944836085553,0.17803776258963788,1.2640771339266077,-0.13249047388534568,0.9110032070761092,1.442055945296316,,-5.941238301369574,-0.14254084958769145,-0.35888904766903074,-2.7130348665538295,-0.33569653285210127,-1.066436605134695,0.6623103828945941,-0.7091671886262066,-0.05145089430486741,-0.3827858137360809,,-1.1763069763606229,0.2803517394746665,-0.5194728821156828,-2.2789685016241843,-0.2227155016085127,A,B,C
1077,0,-4.396413500239879,-0.06453950630986718,0.008001411989262493,0.24385592448076154,0.9216249022448667,-10.21521900936116,-0.4168095530731578,-0.20819632444301336,2.17173935714111,8.26639585381385,0.2592970087277824,-0.90945474107267,-6.021376374013102,-0.7049035518202775,-1.8602458793645735,-0.799070711886452,0.7832785171515768,0.19266378294852562,0.5381525262436715,0.35613184675198,-3.0852272709623643,-0.06656982962470859,0.4449542386801097,-0.8903894708878153,-0.9016890628127104,C,B,C
1078,2,-2.0205144231213192,-0.2119272645727688,-0.2162211229135782,0.03649671078032557,0.3538353606351697,2.793441024219797,0.897244491914847,-0.5758563056405103,-1.3199272143982779,1.7190700931171312,-0.2785298716844762,3.0061718264714585,-3.251437748441052,0.45739553561610313,0.4238335277567709,-0.9554224321932226,-0.23407219972137852,0.027115119506931597,0.0937582607429318,0.3863497825715628,1.6701506413789247,-0.0018798920746219952,-0.4248341518964566,-1.4685303255022772,-0.3922537342371131,B,B,B
1079,1,-0.26742593761075584,0.315691893530772,0.26100912682250355,-0.05554429332444058,-1.0847908847269332,-15.24681842554024,0.8982244660627765,-0.17210978726560927,1.3798375330496777,-3.1921013907190168,-0.08885671155180722,2.8014536991507284,4.784650592907694,-0.1824091674530461,0.40820139673333355,-0.12918641578151285,0.11557941751952122,0.08330855176113394,-0.712420731881206,0.22372074776510417,-2.4448161531874923,-0.13065510265480387,-0.255967627257366,-3.012422847999878,-0.25884743164864604,D,D,
1080,3,-3.3357653110250456,0.1042281868324128,0.3867895103873603,-0.17775202862099135,0.8034474513375868,7.251200770765693,0.1151161568452894,0.44774028582875525,-0.4820819969353502,13.284777638002243,0.07373498113387728,4.529078649384001,1.7518456998585352,0.7168752293540562,-0.7311535308080684,0.5222237513084381,0.06778792126622715,-0.0990341613980603,-0.13130298122595727,0.36156266520681773,-4.903196957670367,0.2038079067087893,0.5924735391755165,0.5691247493173497,-1.7783259626457815,E,B,C
1081,0,1.5606415055105918,0.3461010630148325,0.08501587780446992,-0.06842682098852283,-1.4641008763901462,-3.142209208629308,-0.5624511896337444,2.5486279558286755,1.4212124945533229,,-0.06385640918336696,0.30978907276666684,11.556078604836785,2.1958383484459603,-1.48212773701716,-1.2161098506593626,-0.12995736691461318,0.14729980204298346,-0.2619444423990578,-0.0010477009105296338,1.263465538899541,0.1506989501975741,0.7524299135553593,2.0205589524550978,-0.3785285127201052,C,A,C
1082,4,-8.142802457767509,0.17501745364406188,0.10152001383681725,0.030476849439349443,-0.9656540133100231,0.9467463789246587,-0.9852287700488083,0.3148554286586395,-5.418832773558751,3.6191749544560183,-0.11603032465220484,4.0587416555988325,-2.8358177038611942,-0.5653982374381503,2.2929507873463795,-0.5885767853230828,-0.30854645799061414,-0.05830612835872724,0.15443145038914935,0.032848863664261714,0.6353976566579445,0.057744525852268344,0.18538408320809346,0.02316173123094421,0.5767409524184455,E,,A
1083,4,2.9510148405749486,0.04989965397645628,0.3514144669229233,-0.07856083255482788,-0.34751851400602857,-5.357838241196145,0.3402294439948282,0.8697089378343705,2.2230321901500276,-11.483853861796742,-0.21324796709604804,6.980512510780133,-3.4376503541098256,-0.42055758446567476,-0.6498366324387638,-0.007187350474255403,0.07174779030154338,-0.13710546342366034,-0.5221849311987624,-0.07642688080634182,-0.17717110189517776,0.23944460919175833,0.44705235542681265,2.9018370695095013,0.5030040102851712,F,B,A
1084,4,-7.521548171816784,0.06527851478150774,-0.13368072677676798,0.03823684271699847,0.5362842774419679,-6.57168828192422,0.2798207394615548,0.09854525182444034,-0.15619231074116266,-31.391884824187226,0.5053739222453825,0.6781827579166726,-5.221253433306926,0.49801885309420424,-0.6696174088002369,1.558777338026681,-0.17575929249755506,-0.12439120027994852,-0.8867933415582298,0.25712818960003386,-2.0568112627480923,0.047773617286384205,0.8876336797220887,-7.416809360290487,0.007886656370134295,F,A,A
1085,4,-3.606916305675256,0.35550056500148397,0.35977604644909383,-0.123580869210328,-2.7097686759107495,-4.94046435468035,0.08007932860033691,1.7467027425933161,-1.176654900757405,26.269033947843116,-0.36212414754578043,4.506516662000428,8.822756747500218,-0.26669026933648465,-1.8606786214254887,1.627615234996957,-0.18365865730934702,-0.2041986838880094,-1.0875110339838334,-0.05060043588132933,-0.5587509367863525,-0.20846265856018295,-0.7630922856568647,2.7270013657297905,-0.4980450009133176,F,A,C
1086,4,11.329091490287787,0.3690576931233539,-0.38937668619165594,0.14886226190844445,0.923076170552687,1.6781659223004526,-0.13773778514095528,-2.672807224945001,0.06653685548273702,-37.163528195526155,0.066468404138516,-5.3998184421255235,-5.418704381896338,-0.15034779287975283,-2.4361456482165385,-0.4982620273596235,-0.7831355177093745,-0.002616506841100013,1.4796082790829643,-0.4818393377596799,-2.892502306532547,-0.13706676628078523,0.8191362367886544,1.7089643163172554,-0.4693993016729561,E,B,
1087,4,-3.197405482945374,-0.29986489698507934,-0.2049244794002808,0.039576769991249636,2.276361958967237,2.8900963539463036,-0.7542173527523681,-0.8241755590776647,2.42931870282071,-9.101524342099877,-0.308585401836056,2.7132699983719797,4.074855195720164,-0.21067614176511132,-3.7926275477066294,-0.4009409258383132,-0.28556596635523385,0.0784747196841814,0.15359388127994747,0.22246109881913326,-1.1177174007471993,0.0887872371025053,-0.5605463155462219,,0.6847303063595215,F,B,E
1088,2,-4.3014597587988215,-0.09916138594973203,0.16192017542212064,0.005540037106815549,0.3019523564394717,-6.266390834565786,0.28158103173390964,-0.6928428882347876,-1.8629173466685738,-4.173632900855116,0.11160871102818917,-7.345722272518629,1.9704049190492492,0.19324139228425652,-1.6502764031983348,,0.34242471887490245,0.11746958099943504,-0.05820066479491993,0.06779838009168965,1.21987481716652,0.07248190964012434,0.6938039280851068,2.321918930330934,-0.13913642472028614,B,D,C
1089,4,0.055759228560368954,0.35691225405465177,-0.05925211292009314,-0.041666938932337264,-1.1988144853482439,-1.5269597714727874,-0.38202206538832334,0.08782934051760188,-0.20762064414621267,-8.20477083457503,-0.19842885064735594,0.06360067538368336,0.9353629312116236,-0.4742458737729449,-1.0543366590152765,1.7384825931691232,-0.26357557846650664,0.06197178932736603,-0.02594460938063139,-0.19490096274606994,-0.29928906861283133,0.13299616897576552,0.06438139358783301,-0.7478788530457421,0.34657482467522166,C,B,
1090,4,-2.7875679209935766,-0.3480703401965519,-0.18767284129596767,-0.045278801890665264,1.3151338390663203,3.9256945323899113,-0.8004386838777331,1.6165395371950915,-2.184422030253689,-12.730695604627435,0.17833536695558755,3.969911188992437,5.781420793452711,0.05218523381917041,-1.269960617469697,2.2126715260280316,-0.21110294923217973,0.13528614157295815,-1.1026890255057042,-0.12251748153606866,-2.250088558352475,0.14899302414836038,-0.17500426453506715,2.2757560568522637,-0.6226398779181532,F,A,A
1091,4,-0.24860707203623877,0.02254189409587532,0.044319470339179025,0.18319836796356975,-0.2271379307603402,-4.797391467134714,0.8741131825936251,0.7703770437339253,0.9589843531883134,2.9839233483207845,-0.3866145769752571,-0.6446135068687,8.834191832610966,0.5442918913810122,0.2718873094021953,-1.3255942910522829,0.14494923894271017,0.15750347575938803,-0.07346738187423335,,-0.6974954862109848,-0.13818283562456232,-0.4451206599085644,1.560930920067213,-0.3327638128164375,B,B,
1092,2,8.787502198007388,0.548310888007136,-0.09418828800870863,0.21005191412467988,0.14711430386967952,10.524109625122051,0.4821767363755003,0.029282897815261215,-0.14613473396088747,37.01317465317088,-0.5835192249315381,2.065898316731334,-6.417018054483119,1.2782999108671094,0.7513169217506014,-0.7260433618787316,-0.7254414449501904,0.08248103178333928,0.40730890215231025,-0.500486770421053,-0.47093872460576697,-0.22366758328361863,-0.07732594729039524,-1.844591999091629,0.33910320001162403,A,C,
1093,3,6.420183981501664,-0.1555654690546553,0.2682400473649798,-0.1776595633442206,1.4657432157349304,4.333296859913211,-0.25781918831868217,-2.239009973330217,8.801664806992196,28.87787230255881,0.38049197097017645,-2.7471828725838856,8.278086529176965,0.09938566768927683,2.0738204480745925,-1.1869585904249584,0.15822314734071788,-0.1085106778925782,0.46901590483527567,0.22863980197739306,4.705651862488363,-0.12817615508727906,0.18375162971141976,1.263001238875742,-0.07667533713580243,E,,C
1094,0,2.492777623794993,0.015379586572386946,-0.007464694195474148,0.1562008704541608,0.16408965296452074,0.33916998232716794,-0.5198620192462927,-0.48748471695909223,-4.990999210690592,-9.511248458853112,0.08061796674001222,11.207771932372415,7.548770178185647,1.1668502741330282,0.7026432179901464,-1.828128563454737,-0.690457076491317,0.2544636778204758,1.4727629165504807,0.21485961378008417,3.1355752613164705,0.29606718324828846,-1.2773436730006749,-0.19978119194537644,-1.2376307695403128,E,A,D
1095,0,1.9594666631415099,-0.012597727403413484,-0.41857224725875514,0.029686556969693686,0.19776588961261346,6.0923869367451475,1.9345850905390813,1.1876463640982247,1.9228006951032355,12.856142612889782,-0.5885404672735753,1.5202067997657855,-1.4095422812243434,-0.35270113101602485,-1.8268058490678092,1.560456793509318,-0.07781753097130714,0.16571323964771156,0.1964186405493938,-0.45506915927690267,-2.4978818433344947,-0.29358942135024574,-0.257743247712779,-4.551741209092651,-1.777995047463901,C,A,C
1096,3,-1.3833062866902124,0.32265681779505234,0.24350215950149004,0.0009410452402881061,1.2447811401328188,10.920771459013132,0.33427959722411166,2.0732838126116797,-1.8764157234995649,3.083211497203748,-0.2640192241804321,-2.161876121617866,0.5228428707127505,0.44165722149720643,-1.6599257106815184,-0.5036595752754222,-0.5453213513084064,0.2304654436485448,0.39028260667888004,0.12212398350006591,-1.9938582883054623,-0.20588040020595047,-0.3583428637678801,0.8170601327309919,-1.2207956433786669,A,A,E
1097,0,4.113864372514663,-0.1316422856820267,0.2799120009859099,-0.05726346796110306,0.3440277199405205,-3.2709114455433066,0.11587071863870406,-0.9932145929390613,1.9617947598906296,15.03143560131827,0.2977054793770764,-3.640814036965874,-3.2689520404908565,-1.2126514389381953,-2.7400637448203655,-0.3235528121465399,0.4291349886580274,0.04001175221282223,1.0551559874297445,0.38340081165294376,-2.360157118922264,0.055674850230228015,0.7148340289887796,-2.124843271788612,-0.7559804674913295,B,B,C
1098,1,-2.6030391889681144,-0.07092945813967379,0.10582786515960443,-0.03010637919790712,1.125568775405989,0.13796618546030953,0.7929076119934564,-0.6727198745638273,-3.5777986157901407,-22.316931965968323,-0.4384470343656654,4.381830993500451,3.263873242738648,0.6446829652276532,-1.0659659210415517,-0.7083316279205412,-0.6319843632722123,0.08400865029131577,0.3863580054860144,-0.2554712180047266,-0.5262984633248644,-0.07254228391706573,0.441409627798686,5.634085431381294,1.0038993774465588,E,B,C
1099,3,1.643547803456532,-0.287135169650854,-0.07148169701732411,-0.04942466085640744,1.5270754852143074,-2.3449629816430138,-0.6384106328737225,-0.08196958971878951,2.8813170767021385,9.720206553996658,0.6810258791223873,-8.235346747772658,3.9303513611900747,-0.4873990009831581,-1.9461162697501615,-1.1713392194310888,0.6865468482358961,0.03899310467025686,-0.46877650491584394,-0.03279535888393054,3.1583175668289147,-0.10744848658997526,0.10525272955791064,2.7362711396159227,-0.7508925802067139,C,,C
1100,3,2.125533896291918,0.09765413679194733,0.018793314395791138,-0.17605219299587826,-0.12111800200538228,7.4863384442237955,0.10780108517521582,-0.6324226760818427,5.15037874579643,2.5401457711805766,-0.001676271187042852,-1.456432437671266,1.019645288409141,0.4490906881638292,0.2968269204348072,-1.4878105267848818,-0.4981484544028435,0.18659164550294888,0.787096711816202,0.14500613611865587,0.2917905890751548,-0.16086042219363572,0.030345243446472974,-1.983876405555176,-0.005626243572830785,D,A,C
1101,1,-3.164267196887482,-0.10805645709882392,0.4630297352885386,0.05541132216440964,1.3513402132436676,4.816149570950041,0.6358299154444949,2.8220291728233873,,-8.467913840778515,0.3719803422270094,5.601270943000316,-6.458041817258687,-0.296383978349567,-0.7811493521317326,-1.6420277893513993,-0.4150076241175311,0.06836079850768145,0.8769625790418509,-0.08940800789500666,-0.1263339589351223,0.0667730718981958,-1.1027788423306617,3.1518515915260643,-0.7923940301441409,D,,D
1102,3,0.8644345023085894,0.6194295470922138,0.1776664938397898,-0.09936734682350096,-0.828209170695611,-0.6651502799596564,-0.06638402233374896,0.08282598150498971,2.1439338993443404,18.55139002334318,0.5794388890700388,-3.846646948210988,-1.7412035042728233,0.04187146260718867,1.2143862582985192,,-0.012846926284685816,-0.03683474433375585,-1.3047723824694955,0.021575566135621255,0.25692752226163157,-0.1955916272809651,0.8793871792002854,-0.3097966450175358,0.133286832161392,F,B,
1103,2,5.112249955329294,0.017628919886923913,-0.12158688740383258,0.08805149758377512,0.14368257311209043,1.6481060018112164,0.3535763663614315,-0.6782734265423426,,,-0.5724836472767583,3.0455912808402146,-1.0525196265912797,1.012409000577611,0.785416684802153,-1.2600306718398768,0.7096771866820742,-0.0756819095767325,0.11938767195248469,-0.047217654927148967,-0.43132615251582546,-0.15061544606594016,0.5911972378249637,3.3627144738036896,0.5671637950974566,B,A,D
1104,1,3.300308728482627,-0.008662584639430052,-0.25769181362969173,0.04469759621310034,0.006673799576701722,-1.933005923550458,-0.2902456555026592,-0.10548791610770625,-0.3991109112902019,-6.6258801330359365,0.11839798322225006,-3.9820671606284113,4.687495696300371,0.12293047040259211,-0.7329617026147918,-0.0842195182537455,0.263838344008744,-0.004187875293560152,0.8974935910952837,0.049501721910041346,1.1394329141552237,0.18002284775652785,0.15741257379361442,-0.47394073854765495,0.3667009099816248,C,B,C
1105,4,-2.783849424437211,-0.02005987320695476,0.39888051843139705,-0.12682868833802227,-0.987523582922807,-4.817173835442988,1.082655479250752,1.0728451484791948,-2.051084156332982,9.74107590707757,-0.09903962879367269,0.3668011431256601,-4.183697489572231,-0.2313363339256069,-0.20354296888645412,-0.34153311951936505,0.013241361463860358,0.08457704835809009,0.13796751234429092,-0.3354763604956231,-0.11472656281904967,-0.005248055986638347,0.5737042816684113,2.099064405565556,-0.8487153746169265,F,A,A
1106,0,0.7168200648279736,0.37442735858822246,-0.015337524468619537,0.07516056380749148,0.9068255560519839,-1.9083020818908065,1.9887892243078644,0.6428670481259238,2.269152118731652,0.6635982438105741,-0.03906414983712964,4.932011099751256,-3.883634273553333,-0.8592881889074875,-2.7928237380751817,0.839064763138594,1.0214322468991404,-0.01969109253112251,-0.33971115314550576,-0.3663924787348911,-6.058456796786564,-0.02607734211893532,0.019907831361051367,-1.2780194679416381,-1.6632132043123244,D,A,D
1107,2,1.4786593894707152,0.3295521191747226,0.06232723722817617,0.028938355649046232,-0.7751933205498123,-1.418766888768081,-1.5960650748615983,1.4890265676966272,0.5086611990647993,-4.918433078458138,-0.0056502444162264635,-9.49427568068137,3.711454079010438,0.6069899232528719,1.827527473135798,-1.356632644791326,-0.2590155014537459,-0.11060571015372395,0.14273699464141254,0.11671510232571598,1.2423739085794356,0.15718945767531492,-0.21106423547452421,2.9848095173115268,-0.2632832688922636,A,C,C
1108,1,2.155809846920057,-0.39507568912660596,0.6620216630098928,-0.04890371629397348,-1.9747645456693317,4.192052464773481,-0.36529931893875783,-0.718201427406662,-5.234623398834753,9.161028977225017,-0.3878324437182239,-0.5633703732272358,4.243260204423812,0.07896152577198776,-1.3869511226274889,,-0.22998745645965227,-0.2262757393571319,-0.45033181251387316,0.1421089838140148,0.7643417856519639,-0.14251849726522833,-0.6127197290889889,6.932600574349974,0.8313529809871977,F,A,
1109,0,-6.489090267761605,0.5188372769603701,-0.06729603815054906,0.022446394536691224,-0.3964920448382167,-1.3067682019390936,0.03878598328739332,-0.731174300843888,3.9678155578945513,-23.778035057135426,0.3040254615914664,5.903308129426277,3.8901817550640385,1.1653862754330973,-0.16550345440393868,1.3341574532854172,0.4669454048095725,0.05689704764377465,-0.6270912203922101,0.06021471803888094,0.5387167810326944,0.020884006414344247,-0.2093752138637182,3.55587013130129,-1.098685154423322,E,B,E
1110,2,-2.2649858601554778,-0.00014511345558660448,-0.11322125380652379,0.03593344211643439,0.46502674536885596,2.8693218068763717,-0.7377794403634682,-1.3891029762084715,,-2.637090210104297,0.3804333170611662,1.1175453863651843,-2.9702746513225393,0.4437456268383091,0.062139745934300314,1.5320970644753076,0.14961845052032197,-0.15165220085013906,-0.09160107245448618,0.04919350360299259,-4.125270537896695,-0.0080926902780588,-1.7627695225292233,-0.5777362581843597,-0.04701784264238386,A,A,B
1111,0,-3.2323925740270387,-0.38434600240515093,0.5645320456804424,0.01134161382255065,0.8196101653619291,2.215950180934493,-0.09252899709866769,-0.9956902377400622,2.2015037380056253,-18.761578555203158,-0.1936027194650334,-0.49217279011246157,0.13146637223267715,0.6477867986648441,-3.0344160042536146,,0.30291334036616846,-0.01565015944978764,0.2189822918929638,0.11563219161752299,-0.32128979913024475,-0.1147505129364754,0.2659003397871806,0.7372385947801768,0.5374113135512444,D,C,A
1112,0,1.4323743004256744,-0.11602668677130801,0.12579723124459805,-0.017015753525793306,0.5324381836370945,-1.4437742518975984,-0.3416196187026687,0.2836476774594768,-0.14661410703786124,,0.015871483702874837,3.886126924077592,8.70144968949779,0.9493234638991649,-1.7310082879953381,-1.3811117670084463,0.6567260921611642,-0.10772264207413797,0.3489247300311051,,-3.2848377974735286,-0.23239559841935012,-0.06915984281698662,4.066992206181991,-0.021154767680376618,C,B,C
1113,2,5.021377001772689,0.8668183996447663,0.5735905807946445,0.07142318491112398,-1.8846238138357747,-4.212897851720575,0.25284793787644655,0.7387362413491078,5.639937549623779,31.63489215388344,0.49438327321763414,1.5869637653717403,-6.486324147528672,0.2355588663319263,-0.21979137692314496,,1.427252584510813,0.03799708113332138,-0.5773690724682821,0.2818689815059163,2.327168894614059,-0.17936073485177384,-0.48141800673000695,-3.519049358680885,0.27249416044399466,A,C,B
1114,3,-5.294948340440828,-0.23163428812664533,0.47614059544341364,0.026880817316486037,1.0038904710359329,11.245950279646342,0.3226725149828912,2.212491596679404,6.919515865784045,-44.56740388980204,0.07566111417845214,0.30588465955233024,-6.45489383159902,0.8410574301303414,2.1191862882167056,-0.953208227030632,0.30951881693836997,0.1458230815525206,-0.14912181074745753,0.10736162025602432,-1.0645043662064746,-0.04741329050131471,0.1773674100517103,6.107753928803183,-0.5439668764814878,C,,D
1115,2,,0.015167013410253853,-0.2679234816455629,-0.2445207795761483,-0.3191299900246333,3.0491625723113964,-0.6095902606378706,-0.593529320500706,-3.681828103067618,13.876412756241471,0.45641186866880123,4.962685721030261,-9.422238078090475,-0.5614453063912898,1.2101088102603843,1.0209798066674622,-0.050807109996470395,0.03819364877829742,-0.31412047703420054,0.5986396824178615,-1.5318383430105822,0.11470706750084764,-0.24793468075983277,-5.9084909531455825,0.16042669151605163,A,A,
1116,0,2.0018804191373194,-0.22647412564282313,0.2324288622102088,0.007704934130339733,1.1890659227785259,1.9013727906306856,0.5866665787361246,0.8356041982424532,,-0.9643299210191527,-0.05261273220822946,-0.6753870281698194,-2.9791412686369463,-0.19584021380312194,-2.3092683570833468,2.8598283561191904,0.5604622545455403,0.0031136248501134924,-0.1158601082405715,0.19996572366892906,-0.7889745873227589,-0.09638628628447729,-0.25904964590804913,1.2322877869373468,0.4150466324705781,C,A,A
1117,2,-1.0542534718281409,0.21954936640325645,0.0582487770200062,-0.23898081892895157,0.6998938863234706,1.063986993160363,1.5930545225619985,0.46602459748815006,2.1212710898330416,27.82913710025971,0.34448111310449364,6.25628991441562,4.78741538249583,0.4003522510692534,1.9524369061200681,-1.0269427339057424,0.16772199661306234,-0.07036298112319726,0.41575128003731227,0.09629492441421335,2.1208246681040124,-0.13343459739355684,-0.08895276831564769,,-0.4016441808372575,A,,
1118,4,-1.1376749248505866,0.069911102990204,0.0738589418817933,-0.07582332185715317,1.2714364571616013,1.953941290664921,1.5112373960574559,-0.16867131177430777,-3.53775430478974,-30.032093388167254,0.23194628047396051,-10.517383994378921,4.615346731620636,0.06715970798027353,3.056734883626664,1.6361158248398955,-0.035222385746082954,0.10862804073664788,0.7694028504840553,0.18103628608255146,-1.2811681845659244,0.1318302879865661,-0.010291605518158314,-2.0186973496089866,0.9494540566739699,C,D,D
1119,1,10.160989434077244,0.07827772747513088,-0.23776839364650054,0.04865411751741356,-0.4505825561283493,1.4228484208645855,0.18281754386429935,-0.3801322399184769,0.9813342115721148,-14.571474568677088,-0.6048566912905655,-13.33630322710117,-7.188429666735621,-1.119411112636328,-0.44324399871027814,,0.21695453919644733,0.050716180828951865,-0.8195257368891403,-0.4025835104491062,-1.7314143449877752,0.0712745378231371,0.7646792873309959,-2.162018924946029,0.5935895665201313,E,A,B
1120,3,-13.834989154093211,0.09821175840117714,0.5778898359557061,-0.0010366645803364322,1.1964128123607654,-3.9524186841211297,0.8996823055634457,2.853075726965603,,-3.9066134802180934,-0.07401731574784699,13.822333851959986,-8.829839499690019,-0.8982471520342741,-1.131342118639725,-0.16675060317023863,-0.1837542257029045,0.078759796866079,-0.011714303966456181,0.43090503592161433,-0.34841660103924393,0.049693914987788086,-0.4357285269316765,-2.730826197830631,-0.40592101920908213,D,A,A
1121,2,9.386638185765793,0.27709133750596,0.2263432824811042,0.014116027864498691,-1.255392984769541,-2.554816305079642,-0.7700278529528136,-0.5835617046289804,3.1461723278657154,26.309256800001872,0.39756754065908007,1.4493125881487423,-4.852232342495696,-0.27643033801680267,0.6779296534600124,1.9176474104530206,0.29356574899238885,-0.12334618540371273,-1.1836789943637571,0.26352905024680756,-0.22324800028571393,0.3552111344830275,-0.644558051380913,-1.8246272702091866,-0.3136620928077094,A,D,D
1122,3,-11.912718815850006,0.00044378658462334696,0.057385810814380094,0.0030394812928841606,0.6339936019585646,1.0664495264034566,0.5816032439412059,0.3836338859484123,-1.6471037284135919,-12.823383862488738,-0.10524768156048103,-0.5735472395739754,9.50585065500026,-0.18718965343467744,0.7282573462658346,0.513748432261922,-0.5385727387443592,0.13452987486505388,-0.5394429373336126,-0.006700736715353758,-2.9790256319103072,0.18122535191291386,-0.6563491485750581,5.1682808545016306,-0.12901361763869357,F,D,A
1123,0,4.2508423990820114,-0.5597883392590486,-0.418533211625474,-0.05873527339303296,0.07787018740819239,0.2173125483276082,-0.25948135003026235,0.07240959510710315,3.239205962437907,14.440938433585233,0.3497285042723802,3.3509286807028484,-2.852015918678202,0.005429837237404286,-1.0867224565418996,,-0.09127954390047295,0.093434845614001,-1.0552438323043094,0.13579676954555658,1.691546895687512,-0.15700284205084472,0.7733249724375129,-3.9033635470136288,0.42878685075517187,C,D,A
1124,1,2.915477396400287,-0.025399689699516805,-0.13987070952626798,0.14892941873041662,-0.8233316728008852,0.6031989207871435,0.5017145791586073,0.17071779934265746,-4.15928352939401,6.428221849044121,0.004481977553303147,3.042809367298177,-7.73173408253092,0.8024997007716892,1.0315575330800697,-1.5948638255901937,0.2551113814575673,0.3817966015741641,-0.5695688639432621,,3.0122110822900767,0.0530626434940385,0.3561963879741294,6.950564019726602,0.7300668760674374,E,C,A
1125,4,1.9515907956234073,0.5603514211835577,-0.41671312811062206,0.0860142176663048,1.3918304333046945,-5.2703870631731045,-1.1643407529315473,-0.07711074517225563,-3.6557924261537527,10.7765124321198,-0.6660972422661378,-4.226305551166443,13.273320263081743,0.47186043572433156,-2.4078992645165687,1.0856699725082248,-0.488991328775696,0.23706767195082903,-0.16577132026445787,0.3300477790173934,-0.17287433106047853,0.12186615558585925,0.014187983096563054,-0.9224824955522295,0.03586204142436131,B,A,D
1126,0,2.936266781083684,0.40363146998770694,-0.6736893858193876,0.16544121245961949,0.3389417402777952,8.276485948584028,1.5617995140809953,-1.0633105376708398,-3.224403586044833,16.34511978912249,0.11953225513615572,1.6802461239442301,16.406267638720106,0.19218707105264946,0.457938146928159,-0.9191188165512774,-0.2664757513743064,-0.39028789486668286,-0.00970154123163089,-0.12879898707978277,-2.4089975930984155,-0.04214919072016785,-0.5544194338075721,-2.367517419699527,-0.2425623549068338,B,B,A
1127,2,8.9049857593298,0.3285340161529614,0.1261299760394853,0.03560524621620763,-1.2709462946389531,-9.415347460174521,-0.6695197532119687,1.016252084974453,0.4617489576772686,5.111227519010146,0.04881843021187523,-3.197428158865971,-4.488280292504874,-0.16351635089077307,0.24618656376831585,3.2188590500470244,0.7306721191713919,0.07268098237419697,0.9622592214342299,0.16843022672621305,-2.2617891525890754,-0.031836064804492144,-0.6447490445160111,1.0811033485907084,0.10242903730353242,B,B,C
1128,2,0.3566273255842641,-0.20214161511875825,-0.2020442464859856,0.052753548038682985,-0.954355964555245,-8.13210562178447,-0.7355091109687131,-1.4898448250988066,2.266546340071264,-3.2330049951945714,0.32566463853836497,5.703499427782331,-16.015803306932305,-1.3320489859894271,0.59272232734789,1.3117066391743066,0.5133709051958008,0.03248200577504345,0.17573664744001855,-0.3059657173471687,2.7826205598133464,-0.02375449192991282,0.8761323205176041,0.7860925608899074,1.2441699098505457,A,D,B
1129,0,,-0.028707500998232282,-0.08196184822244733,0.15160009323494766,1.6659396834797338,-7.000941137494807,-0.1329732414260914,0.31274945229445594,0.5708828566615716,2.2527219388208333,-0.07537361818573263,5.026364985763691,-1.7478941385735727,-0.44586586302194753,-0.8239462427108261,0.7303805076751015,0.5692399297371259,0.10274529767209581,-0.2636699906931929,-0.19795256005755787,-3.261951182825538,-0.25696919031099313,-0.46909337804238893,1.2657693715121763,-1.5141473694616814,F,B,A
1130,1,6.855676279693952,0.39565855241240877,0.24551238292604108,-0.11749878714704651,0.9782397824360084,-2.4584667627466263,-0.8136270364189149,-1.551455261484675,-7.810363895627323,-0.13367331050960954,0.07862425928145073,0.09842920061511727,2.2805650971151086,-0.46503205593168273,-2.0281969243315485,2.475978667447862,-0.02349210522485303,0.08389896792542809,1.4922104769649258,0.056482053076878265,-1.2649743104025446,0.40053725346421415,0.26830408919624693,-1.2806745505902808,0.46497870885536646,C,,A
1131,0,1.9942096287102946,0.13061296832855715,-0.06886115115376144,0.12269931442099272,1.4175096496108612,0.9226824895470248,-1.7337780801337959,-0.6312433033370393,0.0596428392338018,-6.310235966493764,-0.015045193708259526,5.106921337095853,8.443237996232133,1.069745918178923,1.2134608347117983,0.26304070163662246,-0.7570024604595023,,0.10493834182216494,0.033225340348359556,0.3565196389746031,0.4145250759589208,0.47746231124395916,3.0400491763191715,0.1405084286593441,A,A,C
1132,1,-1.190933274388053,-0.31135155640691475,-0.26714823728081827,-0.012770473015040348,-2.1343243653359094,-7.640239451968282,0.1683183028692263,-1.2240905830720727,,-14.925243806941847,-0.40198646389481757,7.075961237067335,1.110246052106932,0.35740588400072265,0.7835419799551047,2.7403898527609054,0.34464173940384796,,-0.21526114048660092,0.3609058037560702,1.3005182295962816,0.1873465059529574,0.5688749228554771,-2.6462488920127956,1.7000377811352265,F,A,E
1133,2,-4.09698359850382,0.061264667460619204,0.13011916514633728,0.1009828057120377,-1.3090844970379152,-2.887276435508778,-0.2265644340311633,-0.6367305324327532,-0.674849111579836,-18.535088344946246,-0.44622317323032745,7.548147531082736,2.01819458788981,-0.5218454702738339,-0.8315693506844116,2.752208000723015,-0.13628549520254993,0.05142029187636317,0.37783594438995777,-0.14402829689696714,-2.7896550143435306,0.37606372126335974,0.8981300019724846,,-0.21014997936418658,E,A,D
1134,4,4.618024399782779,0.10022571408925074,-0.3170137912889213,-0.06750548566937548,-0.09921054292685322,-3.9780547793564174,-0.26726431589431854,0.8948916910636838,2.2130657933114577,,0.3306883416263046,0.3213149118235148,-8.865030287515275,0.22610353494317637,0.18972881423971344,-1.015607886164403,-0.2944566795060887,0.046704546664917385,0.4447792066066803,-0.19483642975242613,0.1376175681742748,0.050138543902037695,0.5217562592369973,-1.9697790842698828,0.38762971565972537,D,A,E
1135,2,5.606449347832355,-0.019545585809017947,-0.0670228959451255,0.04162063088300495,0.8240758596590732,0.5199400661469243,0.4352439911584028,0.6027299980908298,-3.7409491354529556,9.462147058183858,0.5915980976066267,-1.5360169254918312,6.435554814445874,-0.26975464313461556,2.9086963503209895,-1.3587616576078796,0.19084140904787897,0.1523325733908576,-0.12401763421657337,0.16238754222873783,1.2751163452058794,0.015630575904196822,-0.43143810684430156,-3.318369974209823,-0.20951314653579295,F,D,D
1136,4,-0.7416248557502326,0.2515434330808663,-0.3852152572816988,0.12627368744005202,1.2380455190012338,0.07109307047499804,-0.9172327135249366,-0.678742423662137,0.6708722381318788,-15.752776631037596,0.15964711993510416,7.932844135624519,-3.456902967864194,-0.04594517989318479,-2.8264183540347303,0.7786879103779976,-0.6395977160428785,,-0.4719639762716478,0.1002043819750846,1.1417826036325205,-0.035239940274861666,-0.4082324522275275,0.7514176520123859,-0.028230387818764868,D,B,C
1137,3,,0.10478928358447384,0.20433487184620625,0.04633825686324705,1.3406274545239827,2.8930734878923317,-1.019937886407064,0.3847031436328771,-1.6275708340829718,0.9237033245294302,0.21653448525530142,1.3479470332111918,-8.17877704653603,0.47857544296734655,-1.8609051565133434,0.729184677865345,-0.19258667975815538,-0.3204922579588607,0.33344633897053,0.2237749356471002,-1.5165591940338872,0.289835224414017,0.8460241240662726,-3.1239942274946717,-0.13141085299800176,B,A,C
1138,2,5.178452967427836,-0.43906339177823384,-0.09042657947107881,0.18012833136280423,0.3438939804816555,7.187411576241406,-0.6284906120274808,-1.2586355853324414,3.8144194718800675,-9.175884265591698,-0.2515546313962557,1.1010626222202209,1.208033620249999,-0.17147556457990176,-1.1286716589486607,,-0.08912304105582364,0.04504846536614043,-0.7265664167192656,-0.2813891431134077,-2.925106034507798,0.08970710355123877,0.4596870920107798,0.6885412597329731,-0.68380677074573,A,C,C
1139,1,5.030333010420769,0.13143296854439,0.17907825446189535,-0.04221399790441631,0.7218293825277945,5.870074271307907,0.8151744445423914,1.129124522702217,-2.567518724718044,-27.944649218304054,-0.24389210445129683,3.3233380514395785,-4.479571990285775,-0.6383233826056853,-1.085500568918149,0.24008551462282543,-0.18343308346716883,-0.23543370881447198,-0.2944629391290646,,-1.2312373163744588,0.0826452964505463,-0.27590523663388966,0.7770087113956478,-0.6731752075242642,B,A,
1140,0,4.510725076264799,-0.2496532230630059,-0.22338680219968757,-0.13760527547690038,0.4611753654045342,-0.5316350863204508,-0.7756288891899338,-0.17211980433214702,3.1060465302920166,-1.5500131676447721,0.5720039475424318,-8.561685011377547,-1.670797561799221,-0.4231173313751961,0.019754586711075914,-2.5822587010918463,-0.30253644484700515,0.06928255013712599,0.17081538600302199,-0.10248333987265758,0.06024929428305488,0.12507947108316295,0.6319938527052569,-5.051393743104849,-0.4917525244958902,E,B,D
1141,2,-4.875688262015146,0.3859994570998504,0.6335341841913129,-0.08463658000676397,-2.38418552536891,-1.3359206088052755,0.7610570604865106,-1.4495720493006126,2.8815873133441268,22.95498685186643,0.08148254364165156,8.764106403481893,-1.9143068752486405,-0.8035213949806548,-0.03987892777704815,3.320109711869668,-0.82858329624245,0.3335815634895524,-1.7600590777748486,0.1734908059441925,-3.629503845939754,-0.019246066191583006,0.7729580151706724,-0.6614310850612609,-0.9569017910711587,B,A,A
1142,2,-8.159805916075689,0.13440139968445533,-0.307910479508472,-0.04783940430269312,-0.4612896243171559,4.087981432042791,-0.1955275618073207,-1.199735807638644,-6.004804111980164,19.219680045947328,-0.1069547672824083,-7.682000699491503,-2.188539711598608,0.2198453706585964,2.5060855383483482,-0.25983348873323187,-0.13504301864477167,,-0.3904567238959018,-0.15135297647531812,-2.3729582977008383,-0.1546036508259914,-0.7540341842825059,-2.4524909286661707,0.45756388279642685,B,B,C
1143,3,-5.544894548854803,0.022787428098024046,,-0.11826750897752084,-0.4891426205694541,-3.917601729760414,0.4975901282100749,0.0937047635739196,-0.16606379992221457,12.359734432903549,-0.04295012592960668,-1.279414996896042,-6.369765928751067,-0.21855351536117032,0.054939888135593966,1.5418656214784954,0.8041055947419125,-0.05656543314588255,0.560951212577463,0.36301698095314616,-0.2939202670294611,-0.0016091372660045663,-0.5289544631711747,-0.28425827155119243,-0.6178445382272666,E,A,D
1144,1,-8.686213809295808,0.00015523098988714696,0.00899647758663938,0.17896194889772957,0.444655238724125,7.230358698659464,0.06383744615761168,-0.3486686510312875,1.1123002538610465,5.7211083015008475,0.037375439405791334,-4.798211964635956,-1.7123009834939684,-0.928725693278126,0.7990454442207856,3.86162383489133,-1.0067584096572963,-0.10754563039641467,0.5621649908031268,0.30804262678666783,-2.5329474786007182,-0.19127969446540172,0.22965685439820877,1.8943175218854353,-1.2184162103764222,E,B,B
1145,3,1.1265320530355802,0.3205565720159453,-0.04185748440590905,-0.008272989422714896,0.228688831388043,-4.26241911404257,0.4146764447500439,0.0012497067307829595,0.8608755440449608,0.21657510449422882,0.006485965505013486,6.052255329058767,-4.159187947331777,-0.16445721021528323,-1.9326158606652635,-0.6844379858436493,0.38068846161791053,0.08189020922545687,0.5343498264819727,,-3.731944528187416,-0.14010222355691873,0.49002748585266154,-4.214734186685448,-0.3248241948000337,F,A,C
1146,0,4.2684509338724075,-0.11308638276501111,,-0.017694068796788687,-1.6854570376971056,6.696876330430882,-1.5519142008179225,-1.0192252794697845,-2.7310342664495275,-16.332722937364856,0.15386253758928,1.296619636010008,1.1921618813153854,-0.2700228431388968,0.5505690534537294,-0.21411063660667537,-0.5890075049407877,-0.08132426785233814,-0.9353680783338538,-0.13469225852073977,3.070072975724026,-0.17946034226033158,0.08938593443054013,0.758371435363635,0.6784995005839313,C,C,
1147,4,6.228483605759401,0.03396910421830945,0.2270145584204421,-0.04055279085388413,0.6646082663007007,-2.132325654237355,1.0694807641497976,1.1082565276206413,1.0564558426307595,5.546311080188165,0.4514409728440937,-0.541319146524187,-2.048418052428361,-0.06178120044408278,-2.0161416100972542,1.0110439975542924,0.7196008071227136,-0.11414239759286193,-0.6340880349807727,0.11187851140457673,-0.7664100515874188,0.17259616502080066,-0.11699006987751293,3.15318980637013,-0.7431853263859183,B,D,
1148,4,0.34045686218642274,-0.0743502105434445,0.21620683755000727,0.19103328889225157,0.7796651942481517,-3.325761446747093,0.029500088243373593,0.43107702195284137,0.6628107742508909,-15.740086428156058,0.408341156666461,-2.7537213607824538,-7.946079786296638,0.1678136274690126,-0.8031451690837194,-0.5400429656728867,0.05994687053470486,0.024576768549782507,0.3407614758857073,0.0021842645907015758,2.161425112012633,-0.11185705480527744,0.2623615823564795,2.0553248903266534,0.8547292648713612,B,B,C
1149,2,4.455227633088391,0.45957173868620116,0.12059339084015071,-0.15411586264809496,-0.053493394717723006,-3.4093239637749453,1.1641937282815966,-0.5207900940790469,5.564172169326531,-2.7177443675586894,0.7496147477522976,-7.755153346380866,1.5026518292703095,0.08421184716521107,-0.8522881864774696,-0.009281358830664527,0.2845650185333732,-0.10838184214484915,0.022570013362976468,0.24971060307285067,-3.185744355666468,-0.03266207449397241,0.37320395948105445,-3.121789151617561,-0.0018418506687046786,F,C,E
1150,3,1.4377314904785703,0.122582586082025,-0.2230578674190512,-0.14071706865552683,1.1550809016566572,5.268420362578092,1.4540422283712204,-1.757296029166726,,3.8058538798796864,0.6752613549493893,-5.038111602751042,-2.0283381472949173,0.13405565111449783,-0.5117658036516903,-3.1712713032594895,0.6116575388183686,0.03682731112602656,-0.8773916479083473,0.26644319436846914,-0.2818357210052457,0.06975908794796562,-0.5264686024058745,0.0011358830898174125,-0.13819915721020934,F,D,D
1151,4,,0.13910627147465784,-0.5216412036593625,0.02659574647402377,-1.0060036443778857,-2.2684887778200924,-1.0676239756820174,0.556180282521762,,-40.964106892367525,-0.16230071493167347,2.018659747376068,0.8964665971666621,0.7582466521095516,-1.5276546708751202,2.501235425251091,-0.36963647274398453,0.14139206592346354,1.3494919864206143,0.12987076990435184,-3.1067209102318643,0.1099206063616515,1.2529417237275369,-1.272294828050184,0.6539160135424112,D,C,
1152,3,-0.9808048291672933,0.2671820598924175,,0.05896574808871127,1.2424662320649453,-1.7281407480208852,-0.3719716265536516,0.038339523608629675,-1.9917483244715408,13.212197050807768,0.06592041647276095,1.8770198534711582,0.7425925182197783,-1.3261063737213599,-0.3290543677745436,-1.3108559809151226,0.5480909972731534,-0.08295870522947775,-1.1900039608464925,-0.11935943355024137,-1.4832346057389805,-0.013322875249794945,-0.6737420980517472,-2.4978549672277106,-0.16864259868452222,E,A,D
1153,2,15.170354938960601,-0.027309706410516117,-0.08260810598701104,-0.14869796814669234,-2.150951095367929,-9.644920498570027,0.36940890990112435,0.3844548678832031,-0.15999535703647222,-5.847567170753861,-0.6404531844506002,4.9360062685410115,12.810132063590025,1.35447476161938,0.6271484463234916,,-0.4704528865833247,-0.05358714354279431,0.5872890779391712,-0.4443023328246719,3.6181328926121505,-0.3846353374579208,0.6882010294807234,6.625602388332616,0.523469715224734,B,D,C
1154,3,-3.024024784004436,-0.27620178517866084,0.07372904977912732,0.16648198965966932,1.021371409148477,0.1461824577937375,-1.0456702498351722,-1.2992878504251664,0.31514348071917747,1.9033988666506443,0.8224444079154989,2.2693998916321743,-7.902936258825233,0.5224699817185752,-1.5031067705992138,1.8744568248928484,-0.057411821549102036,0.011031073949228835,-0.48430363600892956,0.008135229925036527,-0.24688045809351492,0.13869952515509817,-0.04984500649544286,1.9495757436538257,-0.008882279883865344,F,A,
1155,1,0.618497903026225,0.22412177770467567,0.13835131389237265,-0.1258423866956563,0.8120543383291151,-7.119380526485685,0.3153303125768989,-0.1306574912136928,0.2954269878343087,-2.851180278338369,-0.16958155481023238,-0.36288108595037294,3.744536534477895,-0.6041864818111373,0.6161496520884262,1.6636131148203726,-0.02743420637746069,,-0.3029678771105566,-0.002752338716397316,-4.274115658067306,0.23077138615734177,0.3628005476033262,-0.41462322083677744,-0.7379915173666037,F,B,C
1156,2,10.654729404137909,0.06645970881292268,0.28589452587617664,0.08821397112319715,-2.30342100549553,4.864416821317142,0.6979821847507315,-0.14109663981551607,2.4385558437317156,12.687408060621017,-0.02630524590652308,8.024835419595487,-5.8232246172556765,-0.10602814126085398,1.760275744289796,2.8307151822187926,-0.4361104558441611,-0.019008197831656106,1.2526679972860304,0.0766436385540118,-0.6384620381328331,-0.2919960343715546,0.08402087737443302,3.7138761821833346,-1.4954238332459124,B,B,C
1157,2,2.5745441676840444,0.48053978360661126,-0.15025799995002856,0.04663363097063403,-0.7396599605072768,4.609790968511673,0.19818779660496968,0.6871182068452103,-9.456397679181627,12.544878337406058,0.4461108688335964,2.5945706396164434,-2.494312961899166,-0.03453963558179636,0.4922951482044622,-1.810350764286177,0.0702753268997029,-0.0013350935609593134,-0.21069481641700089,0.6977216783371673,1.0060436472175385,-0.2114933126483998,-1.6867877805877687,1.543582309869976,0.6682619913537919,D,D,D
1158,3,-2.1209941231111595,0.5958541057603431,,0.022424189394585167,-0.4658815648769632,5.80831222230593,-2.7372143537415496,1.0912782169704192,-1.9563582542344409,-25.811244948252398,-0.1467880084551775,5.947189223038027,-25.024134556595186,-0.11531772866153311,-0.44530240750751765,,-0.30442444262825086,0.2068405827463317,-1.2559043867989361,0.11808916429734839,1.1983798142684905,-0.1621189069243553,-1.3744310081106832,0.40684378760408263,0.0070112559081999,E,,A
1159,2,,0.16030355135822327,-0.1931926214694964,-0.04769080716448724,-1.1599550783769652,-0.9939138003859702,0.8195990464311836,-0.06495196194372467,-0.4512286700798539,22.805818268587373,0.14864412000209323,2.6692733108696465,-9.257983048227565,0.2371004292880063,0.4114076249429164,,-0.18263809444507287,-0.2241553088467599,0.26279778510181495,-0.16207921459742558,-3.002837196254882,0.022970102959771744,0.581081102709299,-2.90073886013796,0.592817749691142,C,B,C
1160,4,2.8965558173073296,0.6148905668990086,0.1590848893511237,0.12241244432647988,-1.1693153029393417,-0.29375948052328427,2.0266164315740385,0.30360273289407735,0.8250252429138112,-3.6948368671408542,-0.08721009634501073,-2.409652174455696,6.878985650774784,1.4754975076694794,0.41197607050503804,1.3136688079185674,0.4384125973785722,,0.26160907297044733,0.2488690682777631,2.210377233835487,-0.29385773785952035,0.8843307611905283,3.050873213526064,1.2249364484364984,C,A,C
1161,4,1.5549763769470772,0.01756382243535571,0.1433373365657292,0.05971706988973292,1.3157663854568487,-1.1288107713594742,-0.41756450137166423,1.4966061586684973,-1.368660646521025,-22.43565013664208,0.15572823928088675,-0.110795825091605,-0.5668907982048287,0.10038673175130468,1.3214729825383942,-0.3946194533383509,0.7153935833988335,0.1771022215774058,0.39026492802439733,0.14214831703064074,-1.837998443501751,0.3766841123824662,0.8142711177478884,1.2501281752181332,0.08691365431393244,F,A,A
1162,0,2.7039059473826246,-0.028846747551931652,0.3942566845982696,-0.02588145607806126,0.360293563582682,1.4540885339346095,-2.3959975268954534,1.5740873279859553,2.505940085627748,7.297702469391998,-0.3386616103365708,2.629572254351215,-3.7612369404633914,0.4738353530778452,1.6605817332045787,3.5071588487284164,0.669751428171647,-0.03202614763448294,-0.5024754600788649,-0.10264039281210753,-4.349582430676652,-0.002434500809364762,0.3867520954829615,-4.91825574111992,0.08608447551138775,A,A,A
1163,2,-1.4908844397494594,0.024716717341432607,0.24851494941173113,-0.11048674030630891,1.3520005761297986,-11.845484393491386,0.09738006895827123,1.220486090660248,2.9870056129154734,,0.2624053219561612,1.25715439365068,2.570322258522873,0.2871673321035783,-1.4263988777786278,,1.3957610644105567,-0.08826714812755758,0.6291197845855314,0.33002310015086816,-1.2807515603993418,-0.13786786293611697,1.5396559323544423,-7.1184492381273206,0.48618518847904924,E,C,C
1164,0,-4.488562580203291,0.04632002493710569,-0.5442907695788498,-0.11869763185118944,0.21659874642164645,-1.537974289431185,1.078919971412011,3.4588314921579544,-2.2359071811842663,18.079082662732397,-0.3946834527383099,-1.055747349597758,4.088641838067911,1.3873242320843373,-0.6201206933719973,-2.0246738802056115,-0.2086361728442119,-0.009981365502484312,0.8121853015284939,-0.4100786165315801,0.8116886835264646,-0.11003906190909438,0.48143551710134386,-4.011980574401137,-0.2930282318232641,D,,A
1165,0,1.183064389575471,-0.051530207192930715,0.39946045073154507,-0.10735692304024401,0.2296651293834111,-0.8461490591125903,0.3015526450422532,-1.0894714440420177,-0.44525389035753526,-1.1349689959402012,0.25838330519865615,1.9762424062877195,13.19116888893029,1.2224629188931777,-1.4544451409523607,0.358315490014822,-0.14192284015515924,-0.16020886874313953,-0.41019686048471427,0.4413972729774689,-1.7811085148716963,0.28041079706377836,-0.07631500706155145,-1.0339031937899352,-0.7300477801891385,E,B,D
1166,1,-1.2745959853947066,-0.4473698148268947,-0.045219246718408504,-0.03240614160384089,1.4450684033101695,2.7520231837129203,0.2291949643522555,0.7273652774192819,,-20.503645733250384,-0.19894229534252394,2.7339151178257453,6.780942541184126,0.1767263576071681,-0.9311966722058088,0.19376502234365536,-0.17668054010015943,-0.002498471581151134,-0.9867603882440211,-0.42902307242641313,1.4011223921669347,-0.2171637166286557,0.5478463137669689,-0.9850722866634192,0.20488884533708945,C,A,
1167,1,-2.1112789271730468,-0.16003819836612346,0.039094916023821126,0.09410215128011974,-0.22467876812586973,2.8261576485581488,-1.7769108705821777,0.540638533148969,-1.3421907639372166,11.698765163018557,0.1650082979660285,4.562958590050183,-5.709907673044655,0.14301831839589427,2.4267844584832634,-1.0581022981170398,0.46032656605081024,-0.06223080941239963,0.2583336933516418,0.505626578218226,0.4438538777938445,0.2016964522883698,0.6821498188462846,7.249617433969543,-0.20900914730188078,B,A,E
1168,4,1.046156760557358,-0.22277896992217808,-0.3196072240781245,0.07350788710822188,-1.5742816781981404,-5.583848490314119,1.3659647449893955,-0.6753447303352214,1.4910013511300733,-13.147203369007412,-0.3297439797820066,-3.033099976887607,1.3530993237887652,-0.21633896231755664,-1.3455366154191655,1.3623882490535795,-1.3871030321816116,0.0653729442619614,0.05936227085710456,-0.6054086010913683,-4.55983990822145,-0.11188633780662542,-0.09369255708543063,-4.0547514390327075,-0.9969346456314181,F,A,C
1169,1,0.6357012193321674,-0.2673509969372329,-0.015020680441571803,-0.052696918943630676,0.6915552165036051,-3.7636045073234414,0.36857871672842757,0.6185112096752226,-2.034154639759942,-12.383060446401506,0.32451349104131316,5.612290446660745,-1.981208548512754,-0.42363600060448026,-2.6807071744390356,-0.13889771403864168,0.3026082217545869,-0.0763752723985049,-0.9349409523699237,-0.174801101486778,1.0810731603355308,0.11852016262960512,-0.18466231114154635,3.237049528111691,0.4220544586917293,D,A,D
1170,4,-0.14614113345919247,0.21200573996116034,0.23387068295847824,-0.27983136219129123,2.1099270370004266,4.01366512304082,-0.846983393347842,0.2231114028018225,1.645506669086291,19.69433337589355,0.1680147243251523,6.618532204768363,-3.3575592517716846,0.8295276493827323,0.11330939012180914,,0.02993111770333205,0.11999764622301383,0.857740587803077,0.086470820747759,3.1414761343892588,0.05912744110046781,0.4017324861169028,-1.5018129402044271,1.2176928339704254,F,A,C
1171,4,0.8821335113491725,-0.028942619405418056,0.45488266774357555,0.08054628461987877,-0.27284164323214183,1.5590669664506696,-0.41925074404450674,0.8398123926521412,-3.0738253329860146,8.860967674576266,0.42787674944733634,5.575082241126033,-5.207253879374743,-1.1356478842733058,1.7134133913638783,-1.733908420408681,-0.13498112533314874,0.0650075187743255,-0.14712144134173552,0.13100854598345316,-1.2742505956599213,0.06890980060583772,-0.4572046491627586,3.474218745636674,0.3389244740451706,B,C,C
1172,4,1.997968470984794,-0.19712007896381353,0.2989786767929475,0.09197286304681249,0.5628947089118418,-2.5057048811964306,-0.6902615760655147,0.9313909153757275,,,0.06825747796509053,0.23887407329573412,12.353979916603576,0.02380596371830005,0.8265849707360435,-0.26118888514743804,0.2623485777730867,0.0914187094419243,-0.6503089038062528,-0.10246030600994616,-0.875874329632884,0.1963350807276935,-1.2130564259342485,1.0946692303811167,0.8606264518524998,C,A,
1173,2,6.814271313350532,0.14408008708371522,0.056334278653087023,-0.061688900511914155,0.6962340981676635,6.521513084574796,1.675443116212657,-1.6625999632563617,,14.787292819603016,0.41969188752401726,-1.4427482607648439,5.604347002128023,-0.5049603940547601,2.2674469528830126,0.5823335314203955,-0.5489923268954782,0.02233267241004815,-0.3409850158545293,0.22229534807203433,-2.138750293357547,0.055650260292889255,0.039188216651615475,-5.65529845142329,-0.4268800225752416,C,C,D
1174,1,-0.5770389522043362,0.22342268349751274,0.10972220311195088,0.07878561172168247,-0.5676435653738101,1.2390414498839748,0.8142784617755175,1.607554590494648,-2.074273614828488,20.889403125460507,0.11914619045872542,-7.835960988598457,-2.1670464076556435,-0.3524992744291633,-0.17396521667028583,2.1246386533649595,-0.37558842959833355,0.11031947180540438,-0.10697205502253618,,-2.1786847715153606,0.1030685768801411,-0.5179465897559921,0.02001443418644069,0.7051881964485471,D,D,E
1175,4,-0.9967101889331604,0.19623487981336793,-0.04926446990202121,0.17611131217544554,-2.5937535181077473,-5.892514092874946,-0.9618178141010811,1.180831885175452,4.050423618976906,4.159100941333176,-0.12542895872163062,-1.8570871526734871,5.8506057356868535,0.5192398718342799,0.8451446206104445,2.7295772754976837,-0.17559946416651553,0.07424543043950188,0.662978756062635,0.11381586514011871,0.2174026799660734,-0.04244050921464674,0.12898885154345213,2.1498471450397045,0.05415012810621126,C,A,
1176,3,5.446865226631721,0.04452687264923958,-0.20480254297891273,0.012487605515567563,1.884524519820136,-2.1682987776752207,-0.7526531554585257,0.7784629338599279,-4.349344834206195,-10.752950451235089,0.2814575485016056,4.789420386620925,8.605500461449681,0.7887745939170152,0.27790251950515404,0.18183966878550695,-0.10338956808413843,0.00958577020800947,-0.38965880631783795,0.3839680908153316,-1.256667256703985,-0.1897632934702853,0.4132487716141981,2.84166238525072,0.2325528052511827,B,B,E
1177,1,,-0.19349175847802108,-0.12357684755861713,-0.09765357096724583,0.8996531989988376,-5.516365288208543,0.1728389117000524,2.2144301033335267,3.484839396011553,-3.691465942011147,0.05230156687835504,-7.303487797382599,3.4438610252630495,-0.14156863951300955,-0.12327975777633834,-0.47317071238136144,0.7230742170446203,0.1581243741972,-0.5631847470887125,-0.006134954022573854,-0.1403118160437493,0.1620792197341022,-0.08106015141391484,-0.5493515908170721,-0.9947545934472236,C,B,C
1178,1,-8.056903444771619,0.18353704508178184,0.3524767734111445,0.021843979156677136,-0.9926198578565,-5.790798560348224,0.46720354814355436,0.7413339415012333,0.14028550133661422,15.884089857555152,0.4390415042162076,-4.793645142138399,2.294444233828593,-0.0855673690259459,-1.149184029324982,-0.6996180453962508,0.5509294876859046,0.16346671267327656,-0.28432564098637747,-0.17701664898672798,-3.13993103559086,0.025121644766690182,-0.064654631932474,-3.8429088145563406,0.3510476655667138,D,A,A
1179,2,7.144792881089263,0.10374165637300113,0.6062447563741271,-0.2854046889589094,1.2162782756102877,-3.389152286673819,-1.6101020868277856,0.33627583785379334,4.7074342468971215,-6.816425157799379,-0.4306723762168639,9.626520314637744,6.446325489470364,-0.05834413860771207,1.3629438785531556,3.986250202163885,0.26965146243745075,0.1627323706129466,1.0174318492419454,0.5444057126770003,-5.191793692031171,0.02052913882181452,0.2491713417423439,-2.115251973777702,-0.25657851651025054,A,D,C
1180,3,4.591845145035148,-0.04528961248497376,-0.12497443791950162,-0.03374939218413215,0.4204108145394279,2.691346399578276,1.566429676487498,-0.31120297709008804,,12.946256912137162,0.19724980054025978,-9.229309406269751,1.3120305448796927,0.1868019256547046,0.31903426809272006,-0.5147894716583105,-0.1389568634645729,-0.22653394100699134,-0.2732164449629162,0.31885346027680683,3.8298557851471604,0.12785917944562947,-0.11008384661048795,-1.6919259500218473,0.1189641843757163,B,D,C
1181,1,-4.582547860406449,0.45576641940204926,0.029364411686487873,0.0414825510251703,0.9870774787232812,-7.3582343314447405,0.3309350221477695,1.0936647856742487,-1.5550735776948783,16.00877839569664,0.43184112288654053,4.4135343717187805,0.26838686598868633,0.17176111695357663,-0.8137898218454938,2.3992044408335427,0.516297809530503,0.12071208170199361,1.004428758281203,0.15120264628213315,-3.0749206497786927,0.003828119800960185,0.6463502941640876,-1.8407829278957335,0.03430964376013958,D,C,C
1182,3,4.99788701353964,-0.052356492123963344,0.012027164420305868,-0.22586579273252655,1.2306923729217518,4.556220435792948,0.15503016855134313,-1.669366811823477,3.4316591023706544,28.11860496024875,0.30249282610250844,4.283910297335262,7.121502393291303,0.5191815898772354,0.2019240857438833,0.00948993742496905,-0.10470521836059427,,0.13906697020041553,0.42985266929668253,2.4851338728359864,-0.26767890134849626,0.020468740440118358,1.3084663402749515,-0.7125100917722836,B,B,A
1183,4,-2.0409739689521844,-0.20551818504393501,0.22150566788871465,-0.05608184917789825,1.8148502089462897,-6.162988399045066,1.0789222467795732,1.7398562803808808,4.179964977147586,-3.599507931602859,-0.16389510567620397,3.955492189245215,6.980302351094119,0.2626295387534729,0.4314049496488339,1.3863496058516667,-0.29536353654031067,0.22342405717476807,1.0208903542485994,-0.1547471121114244,-3.7346353348360877,0.3513023959957661,0.5811635631113633,-4.417087571284082,-0.6860429581171484,E,A,D
1184,0,-1.2674105272851746,-0.1866136321833844,0.01404179666050521,-0.06134362620211692,0.09715479023454955,10.172144759702928,1.2595909608910618,0.9990246372537694,-1.8014134870976526,-12.0828525706723,0.005485880788982154,1.6374526045991846,-1.8340819243356554,0.4855051135946402,0.5309187495480507,-0.9070065754921972,0.5231204411544912,-0.04006663460983057,0.42683072658419546,-0.07141651477370128,-1.9839430308633816,0.23654778536800325,-1.899025487946567,-3.4618165969549732,-1.1375115793339658,C,C,A
1185,2,4.035085601954433,0.24494420655222124,-0.2689604523078529,-0.1836368940915766,-0.8493428196184992,3.8893830324008944,-1.8486161838318198,1.0304031264453106,0.056028354078337575,0.8123599695788818,-0.08842644665336294,-2.825767992554255,-0.2813710773950434,-1.4191091634680513,-0.9851041401910547,-0.5131025796470826,-0.35486077970006613,0.003429289606051291,0.5292825225704451,0.10463486002618798,-2.980688881814837,-0.02014679107268252,-0.18044008485809915,-1.1591159702268135,-0.6062123290284385,B,B,C
1186,1,2.0982514568252992,-0.1700431536832895,0.22626241243977982,0.22237152555558895,-1.792983476787048,9.649300810096394,-0.6471476964189674,0.7044582826480693,1.3984180054938715,-21.128812010174265,0.2232976248426195,-9.83219025055757,-5.3934639137637985,0.27991256462339936,-0.5473205730289578,-0.1606590463900605,0.40817032356183475,-0.0917927838955553,-1.0634978166954134,0.2584251279885966,0.2883415256688384,0.13560065177731728,-0.26554584416221827,,-0.698704447322956,C,D,C
1187,1,-6.759296920185789,-0.005778857967625035,0.2924568603537575,-0.1050107035465894,-0.23966118738462072,8.976172402887334,-0.2065569652698809,0.06688470855866722,0.06737985180866607,17.3141606144109,0.26326029644526877,6.753895127042422,3.1059744356532217,1.2201106915890123,0.4460554763005009,0.9041508727944197,-0.13564486818918464,0.12836139524283297,-0.48466456345018843,,-2.7550237253484666,0.10861492782278699,0.09727969585643709,2.689071499105674,0.3394855917487501,B,A,A
1188,1,-2.1051745148544643,-0.10543692167743982,-0.08347657138076059,0.0453735924406158,0.11728915255780169,1.7614372612263078,-0.5492165465779371,-0.24773267359526427,2.2005144507121726,-7.266316843345633,-0.32355856210150036,-0.6886946005623502,-0.473418800827671,0.34455138696407733,0.7265134829347403,1.512770924953103,-0.8445458649303784,-0.13892785835507007,-0.16745632849075195,,-1.7282457078129885,0.01990873074060902,0.2526382727676491,-0.08420254059602376,-0.33233714650922513,E,D,C
1189,3,2.1997627327820934,0.30221893033198255,0.03536216431351453,0.13565693915287766,-0.8975945320559643,-0.00039003338829946335,0.2839349896032697,0.1530922048985902,-0.04020364928409461,13.429763426136109,-0.18740822457753387,3.5499576645927964,2.034839251369902,0.22890878454039343,-0.3010738506613388,1.977433676539174,-0.034414141700004376,0.32522274443355254,-0.08179702109223212,-0.10187473209276837,0.21215429222852725,0.056638982972741024,0.1231562450870812,-0.29678148245055186,-0.5806149539053042,A,,
1190,0,4.096819825768558,-0.1317903391417779,,0.0407209629189674,0.9986531905831771,1.58468396527505,0.7330233497757527,-0.5378027061307799,0.31171815097681926,15.3334631850397,0.003632743232833963,-10.880612493405001,-3.110644202538744,-0.3173862777831109,0.49562819012758624,0.8111586869248324,-0.044412013957960066,-0.0673093095173728,-0.31506448677731747,0.39133865689878794,0.44509737227409035,0.1689008485226223,-0.006746239136755077,-1.3025472574262735,0.014743547825922217,B,D,D
1191,1,-7.795100764824318,-0.11637741697829532,,0.055981504538357506,-0.4182762459415377,-6.064443726885527,0.2256741597987123,-0.1361678099634913,1.4134246623875648,-15.515246370467365,-0.07678488312753678,6.210574427049101,3.4768321305902536,0.572564179349207,1.2088817279068236,,-0.13211193545654737,0.03271322885306887,-0.3395586840469515,0.268467701861347,-0.012011803871173796,-0.04376054124024122,0.14360660740011238,0.34080352212555287,-0.49143925168007235,C,C,E
1192,4,5.330906352371536,-0.24040601869794284,0.47613636403810283,-0.21817651399813745,-0.3016175506533032,-1.254941061727362,-0.002536375866554318,1.597415362219577,-1.1543762314809467,-11.826231545998676,0.2568168400386657,0.6738258135834677,-7.168740307759559,0.3336388925335115,-0.37625145322006576,2.3503154106185287,-0.10765331315942102,0.1324443322937995,0.8642947745063121,-0.08038834777125778,2.9784136360614917,-0.22386887631666214,0.6048083977613607,-5.376964824129987,1.4317342206929675,D,A,C
1193,2,2.8491840652105,-0.025811931209061723,0.5105798694837073,0.135005146987752,0.08736014794154394,-0.7540256970846175,0.9232884742987558,-0.9809666452635607,,30.71640843777925,-0.22116334966076776,2.6964558602824966,-12.726370697842984,0.7110589168286521,0.926240396849895,0.03620806209987366,-0.4264050665868904,-0.060888167741055266,1.2052751705861815,0.0007908899378904988,0.2340519075161022,0.14940485169362563,-0.27183081310065366,-1.5532440322260137,-1.390739126184995,A,D,B
1194,4,7.8535843093494355,-0.015720426095266464,0.25108398549806227,0.010663284586173653,-1.7043285928335574,-10.951307628532657,-1.609597242395549,0.7774821669016068,3.4472119054011827,-16.540241548705968,0.01677709684865028,-0.6783465688597996,2.642123765822513,-0.6029349914744965,-0.6556152763977781,3.2451996366773277,-0.1864350850239646,,0.4851359125476669,-0.15178210280408275,1.5325473278035282,0.05389110030473546,0.5014374958075711,-0.39066793081135626,-0.10447942789523974,E,D,A
1195,1,-5.984005579098402,-0.0032750303643677542,-0.027336404722189584,0.027223836135491078,-0.2204659290681731,-5.176537344627772,0.8923760163483677,0.8552831679913108,,9.447253089134858,0.23497600858265114,1.813608267426669,6.24906662378228,0.7643765325603463,0.004894376958137048,0.903582259196688,0.143620154554638,0.18046011947414456,-0.6963155904109934,0.4293582235424408,0.09245724032891807,0.12331305261244517,0.38529883081953015,-3.320424675448362,-0.44477102324029005,F,A,C
1196,3,-0.6560272443215139,-0.23594767159797722,-0.1983516487857408,-0.07170380252559798,1.5247318802618532,0.009856799513331072,-0.1994092099019977,-1.5910129527631962,2.2292178960426225,2.539395781059415,0.5160878771748921,3.885489587401086,11.73195372355555,1.0953750059868104,-0.8646876341989971,-1.217300672337796,-0.1763246177976041,0.15035962425017643,-0.9293892470628624,-0.2008318996754002,4.508195893006941,0.2757040035349943,-0.012055149059810413,1.3958983002606367,0.80454635735287,A,A,
1197,3,4.433005810275735,-0.20031846300021436,-0.09799435194853579,-0.09064081419288707,0.2607316457791806,-2.9922295712834917,-0.12641697091686419,1.932894229172744,-0.7039072974667477,4.364136850755044,0.32672497505753706,-4.670858401093002,8.38604872701757,-0.0678599283573739,-1.8795688417581247,0.8030039658614342,0.09424128604626174,0.17905401185047579,-0.5932210927142225,-0.2959055175994743,-0.9794815395552825,-0.02861162530513018,0.44277675869891436,1.27729821927183,-0.6617779033239006,E,D,C
1198,1,-3.9882855997760336,0.4969675641537911,0.0453929909530687,0.1508149945802449,-0.38308457749014546,-1.1057986032977696,0.05675112202720442,-1.315803177418059,0.5913254416149386,6.7714005391176,0.16807075789899248,-6.510664178365469,-7.626704149234221,-0.9892073541877447,0.5299098263859198,-0.49552156385625445,0.4212006942114883,-0.1428006662868047,-0.21271313488452995,,1.308227692198055,0.38861016618611405,0.5538208306101581,1.218337722697464,-0.7025429300337116,E,A,E
1199,2,11.422705072171802,0.11396532414046,-0.762703614603346,-0.03288346508240212,-1.0578977552831197,-4.044359816576064,-0.8957418490513357,0.48427260442042985,1.8379342030094046,-19.760240446398136,0.33586034539296894,-0.42978792180246794,0.7166455742912776,-0.6972222649905572,0.7962798501012416,-0.06399270501050992,-0.24865556898047225,,0.15985542287124097,0.1300411754222581,-2.486583675129431,0.12494196657867981,-0.701572447887047,1.710884788343327,-0.7175071851359377,A,,B
1200,2,-3.7937834052461064,-0.030782239093666047,0.09105650350587012,0.1439185893308558,0.6248035908140828,0.6352184088071408,-0.3883160924639736,-1.2276212065393202,3.0345728493080317,-8.269166036318182,0.2054919735879454,0.7174801490047482,7.127373569981699,0.2879187918905029,-0.5183146096652379,0.5979272068146515,-0.6036300750025175,,-0.18496453619822376,0.2512327328033902,-4.702037299711097,-0.10745159735497664,0.16480181856659504,0.25450697763145047,-0.35592712926703524,B,A,B
1201,1,-1.7536228360821076,-0.21409860941812303,-0.35713547773959164,0.0189850323260206,0.12638141279947734,-6.311957085667902,0.12238197818864245,-0.8127680131475585,1.440773830684881,-7.2431977707011885,-0.3442968929134153,-6.786614549146197,1.7803221416913249,-0.1166565201088542,-2.471872130556113,,0.5624322612479592,-0.0437417792425361,-1.11405353691295,0.14694040411170076,0.3518514304364464,0.10760810118343266,0.9595422621692139,-0.03600195691978499,0.9351099347070853,F,B,D
1202,3,,0.22326290357730122,-0.2701855518477535,0.1705376938430398,0.5354388763743025,11.463903927149131,1.8565959268362755,2.7237204349734614,1.6571884939151427,-4.254075670517453,0.33577959517035716,-8.428730355184705,0.8773064712797588,0.12799022107668842,0.6062781216389819,-1.7670219602998927,-0.18041640702215064,0.014777343167972037,0.2509729415106018,0.2307483306807281,-1.042802714249912,-0.13706980828374307,-1.207672771870276,5.496350402940924,-0.5757066155362308,F,B,C
1203,2,4.929018335331547,-0.2302507167969574,0.2750700428583899,0.09498924010557519,1.2372531471724983,2.5700825840314696,-0.051460054426234074,-0.6463923595532713,5.056798430697163,,0.31523486331339173,0.573867589129796,8.245817847983773,-0.15378667484916314,1.8621319556917624,0.3240864548332996,-0.4702766577361017,0.04547374171448082,-0.10220333812129002,,-5.156772714938642,-0.1480068357656853,0.008647200198543748,-2.5105726920354092,-0.49862074241443943,F,A,C
1204,0,1.2595456229129605,0.03378393056078705,,-0.19856871977271198,1.4024884832536686,2.8690211686886076,-0.3937257322477332,0.6731421945277938,1.4124458142088618,-10.79092232459072,-1.0091539113845336,1.70217099510443,0.9666702377909283,0.5922924520831947,-0.31941987464752075,0.6305553731191447,-0.47255596530716004,-0.19918275832051616,-0.3411600307523936,-0.05529458790026932,0.310416681050294,-0.0738568881021693,0.6416055010981991,0.4530531123360929,-0.5757467533624061,C,B,
1205,4,-0.34758175201195524,0.03910350418848587,-0.05978907471641178,-0.11295550100553112,1.10034793845289,4.967925155554297,-0.4648883100530527,0.6385227267078016,-3.542655088985476,-16.34928854672817,0.1254670327946128,-1.2619129049150524,-2.369990544468264,0.09152286059598123,-0.20143029977305968,0.6701461916516565,-0.37302476689733477,0.1674256882103607,-0.17016345202527178,0.06883731476788167,3.945438576320708,-0.3775380948039032,0.6302761414021247,1.8239330781157117,0.7533877649025142,E,D,A
1206,0,4.179604232296173,-0.3443897964749178,0.2867168739430886,0.17847858235933742,1.4078628145530978,2.0341022742668113,-0.24521432521655664,-1.9655252212246141,0.21110173036794047,,-0.215617885431346,0.6626956237602055,-2.991258264782832,-1.6565262432508707,0.35318248274899666,-0.9806576023655181,0.2942820860336606,-0.17311330012342324,0.6268846885451028,0.0012361744339082984,-0.32418108761782016,-0.09151077876478282,0.02629828676231153,-0.44269142650110654,-0.6505003462962113,F,D,
1207,0,-9.564787361811643,0.3308154298613142,0.05632089096175047,0.04254771841885487,0.0958223806502599,5.897029163143593,-0.20836488502236236,0.5545699420531899,-5.198953500337292,11.862409654435796,0.07668612680333464,-1.3967606224196805,-0.3713202279923439,0.8785567910275075,-0.10690153859188627,0.2655459260629854,-0.2460520405919088,0.14528362786977375,0.9918240141977752,-0.06811196152044754,1.5604930526860847,0.19400471205288677,0.2022330527640975,2.3689840912623747,0.367444135208396,D,B,C
1208,2,-3.098316241837211,0.22507789963098407,-0.046541928791106975,0.08205717537393611,0.40635953381745454,-3.534404558031802,2.217508736883504,-0.1558400073701126,1.0585666010661137,-1.5499036574950613,-0.47541876808700967,-1.3459088399635282,0.16394413949533748,0.29797237329758797,-0.1307565451451689,0.8198816368913174,0.20596870464702127,-0.04764729880137239,0.16969668292956275,0.06415387513492803,0.17670363246052978,0.028121574427684242,1.1272211708257118,-0.5188092277250481,-0.2953891962129464,B,D,A
1209,3,-0.33367984891982094,-0.033825245718932466,0.08843227869453803,0.08821657285850547,1.6740254286659804,4.820089419220993,-0.005606588351677378,1.5604320877603148,0.46541430891327623,-6.788864808625579,-0.7434931589235797,-9.039466649561964,-1.5158421363076677,0.9302178739300009,2.3062359296319053,-0.0815305544047644,-0.42264181191323774,0.03985581732580497,0.4840165550866665,0.3912571967456388,2.915167423980354,-0.2138829700525947,0.8309857030193196,4.823469661351625,-0.36475621687789317,E,B,E
1210,0,10.852520501987788,-0.10360584281325698,0.20108049302088393,0.1315200221563482,0.06990838226606161,-3.408010335139386,1.7419528594903115,0.25415593281764937,1.572281583765602,10.473906285916739,-0.2445971357527159,1.3537030962258854,1.3676300373735142,0.12052906605120862,-0.23146308232040858,-1.117017411812665,0.12378760633955943,0.07409410827528647,-0.09598607370114619,-0.3988225754173102,-0.0677868864626362,-0.06287606418737635,0.13892488161255753,0.11461419328424712,-1.3013931980535283,C,A,E
1211,3,3.9613972929803714,0.5672304633149821,-0.4966872067368023,0.05516483462612931,-1.273208517947882,-4.660477288687928,1.1827456197232549,-1.761635110004612,-2.910622025276353,-22.571834204576717,-0.5284591169819205,3.9555394800932357,-1.3674223749305658,0.1315120426297079,2.0989742980874917,0.5435859143612015,-0.05377280472545993,-0.15459614591641688,-0.4102609016036577,-0.1340154493059453,-0.8455116237526235,0.027922094471911393,-0.6568435981953714,,0.4946655530194694,E,B,C
1212,3,1.7173349146083858,0.1857007380188381,0.22188589833561023,-0.08113096379893835,1.4817552094651107,6.031176701739258,2.227001153477016,0.8821245299357213,-1.2745637219515307,-0.6365074811426101,-0.04003337730634884,5.081285963272858,-7.128518595246456,0.6565696434434848,0.1403946859813902,-0.9934378416835578,-0.13260632241182216,-0.14799656781887724,0.0966872932820427,0.6119352069691196,1.5947950177830135,-0.1107785428792598,0.2624564473062578,,-0.9693706540461081,E,B,D
1213,4,,0.0891773944772608,0.2271369368804149,0.09346151256898418,0.919342759190703,-0.5937530492082397,-1.734748656882546,1.1215281165895974,0.9063810883564964,25.13620618320371,0.27433968117237684,5.110889151925597,-8.56937872398312,0.087050638454107,0.7077613431416907,,0.9719124352073619,0.07137888430537694,0.31945768419043985,0.04803477928854184,1.9584285773339694,0.014997537205533571,0.623247324106466,,1.0140900809721138,D,B,B
1214,3,11.218619496652169,0.6451943875654025,,0.024791053767675434,-1.1682909525260883,-10.360043973221215,-0.2910231131319483,-0.8366809040271118,7.289630674486157,-3.2106635494249196,0.0026943558003444273,3.1111962547797183,9.828322924736602,-0.8368985551672599,-0.9539097909255649,-1.4961977505566015,0.0643404114417119,-0.01619123364241453,-0.3732310587558904,-0.049277612471079986,2.193072157563532,0.0933955548473364,-0.02179017544425872,,1.2275874662721156,F,B,A
1215,2,0.7040380803134418,-0.005134360351269467,0.1890250728570813,0.07691070110070983,1.6155196056982617,-4.797496686114446,0.015288726178540565,0.7692973860757429,-0.7333886038598443,,-0.35924802017211316,4.217088989088954,2.1996065802895357,0.07908145693595747,1.0612161341643764,,0.5696280802539323,-0.102917565957304,-0.7869830341293726,0.3357730367631794,-2.198817997345376,-0.25200616685736,-0.3477736781690961,-4.975932895208565,0.4942048144309878,D,B,E
1216,2,-3.3084796588587686,0.14137132268001887,0.20939359438251368,-0.0777939152974769,-1.5190279394027324,-4.018737996824013,-0.6946841975452474,0.06101912031453856,0.5529030656065838,21.3710330503216,-0.20269452081158407,-2.022467186632968,-7.285013254991883,-0.03654999755865257,-0.08814918236248734,-0.6357037530128887,0.07995498474651731,0.09825449233148949,0.6387633496341398,-0.03603417609295828,-0.4826751982836724,0.26957007300768016,0.5838640399135732,-3.9378091269853703,-0.562417358525537,B,A,C
1217,2,-0.9319722244244815,-0.012434942202470527,0.2616524121336692,-0.06587351125027646,0.3950067458382669,-0.19287021554051662,0.1333300549279318,0.08619364418629127,0.4973961243993171,23.37272402636292,0.8314260414015266,17.527535093051917,-7.010093468994741,0.9541036753262646,0.9938379140319448,0.4863243173149503,0.24976889205881822,0.09003437743021452,-0.26341798687009177,-0.26793909127633114,2.932021187987419,-0.10706684183705042,0.7482228142715003,-1.0328774488088037,-0.6580693844513241,E,A,D
1218,4,5.296728270644146,-0.00801480295439956,0.44961353846370616,-0.18106984079546704,-1.3110405690487505,-6.225821381971893,1.0097790683501897,0.7140748621059639,1.0078851084831961,,-0.4147042476317219,0.3268792155394626,-2.621481296374075,0.3590270659543447,-0.22182955660506748,1.9582518356240934,0.0020826195609701973,-0.027925473140112553,0.10984259290027443,0.09527073619750032,1.2297506698457348,0.010098388564889737,0.07613530403549644,-1.207768277404891,-0.020339398888271725,A,C,C
1219,3,4.588697389014162,0.0163099113270147,0.1852543121464188,0.19190966216580344,1.2513452562852165,2.5006312355996805,3.157732112442066,-0.5186180452936198,1.6899497333087412,,0.1284951003201093,2.4459452968263093,-3.5239652351435797,-0.21497127939059485,0.3737952602755389,-3.0588607722614367,0.4344717113441912,-0.20710440064848404,-0.511237877767163,-0.2409749664302002,0.07494735409905327,-0.014985775187235794,0.44071150251412916,-3.5434160384180164,0.8552413191630187,B,A,E
1220,4,-7.520129674135871,0.005654188509710506,-0.2169190238797356,-0.07250660147311219,0.8981579308651588,3.8707543397638835,-0.4460993173970106,0.896483865535908,-9.026038572915352,-2.8380383578327337,0.20596475262626185,-6.085676249029939,-2.6485272807643185,0.8565526718641945,-3.6844301412965654,,-0.788722416427574,0.08077782511152709,-0.618497141905636,-0.1787558818119189,2.830947768112222,0.22348956873303494,-0.4672352692379711,-1.3536625771218989,-0.6920948613753444,B,A,D
1221,3,2.9520112686401596,0.07452921498353138,-0.2119586663239592,0.04819483845103177,1.8990557502883965,0.4327982697609821,-0.5987143352905052,0.7382668800692915,-2.744343044958308,7.80818137455045,-0.0424124438592076,3.95862035947856,4.260247710808781,0.790546765388398,-2.8525610288921155,-0.6847518596956151,0.6130753581411182,0.2036752497669871,0.5980084656284911,0.05288364903915986,4.297716611658928,0.018173076816597487,-0.7987329286039381,1.381692405288556,0.20760310361544287,D,D,E
1222,4,3.5268912665814587,-0.0569446556930681,-0.048140838149680946,0.0042368488080031675,-0.36494930444905954,-2.04479385798134,2.0692017493313473,0.3496690749696407,-1.5673286377562983,20.799512768991647,0.1910204815064678,6.36808961340356,-2.2853695939230025,-0.2603128968501484,1.852002474061774,-1.7679682083039916,0.37066771122023967,-0.0053778508249729285,-0.07444334451020429,-0.30523145550671865,0.02787066532727419,-0.35501416928368423,0.7091707145664823,-1.1634893729685365,0.7512525812432417,F,A,C
1223,4,-3.768230722259166,0.31158538088425036,0.07544846869604084,0.17603339578616195,-0.27510788716462264,1.6904898794012417,-0.17479664740110903,0.948622449007271,-0.4077190348917043,6.23483276675387,0.6015245726681848,1.4845041638171361,4.639260404454361,0.8450910987124717,1.0215115003868511,2.452411171832082,-0.05287161937420356,,-0.42644739124759096,0.1696060911037821,3.5081826969114207,-0.09869138867161605,0.5461034031955164,4.208503963226618,0.9230781245585533,C,D,A
1224,4,2.163001758611869,0.1177267486591569,-0.2368402485159419,0.0625650241993689,0.6605365214476466,4.048415139343801,0.3749831965432059,-0.41142815463636984,-5.444303131340092,-11.07400762515868,0.336112747593242,-1.1710402759403544,-10.116105674898877,-0.5188575181479655,-1.8984697284481509,-1.1408618202429675,0.2113606399765153,-0.01298756202437215,0.5278975447802703,0.13509080434363063,0.5836708217084516,-0.01903010236819767,-0.4776585772940377,-4.990959681109941,0.5214993363725039,A,A,
1225,4,-0.5561509797044125,0.3651616717682623,0.024663694054255073,0.06319636584627984,-0.5439424182491385,-6.096284751916744,0.8313027397265356,1.1159190236201655,-1.1738470938259453,,-0.5707170062698789,-11.843894883319058,1.238457565956135,-0.5351932402740945,1.9082409304465138,-0.9286341970123668,-0.033684764410277304,0.009673390344273535,0.363137034307015,0.30152448214698346,-2.525752304799287,-0.4391672460587346,0.8306774101330279,3.7194440775785393,-0.16527126054429198,B,D,E
1226,4,3.802778689853076,0.14217129671491593,0.45752595037888927,-0.0959719709595964,-0.33544639644092517,-8.391759059965032,2.20646016384756,-0.8727212648306003,0.11832673057330588,-14.634795865657201,-0.1517149847110298,3.7541711921074676,6.9778258516609535,-0.672306817640443,1.1452873868803042,-0.5828944039945364,0.4909354778925853,0.16450491330309583,0.5497472309424262,0.11582724765498821,-4.727439071456419,0.24642394137028747,0.47812234034258133,-2.729288510707262,0.1318149999060179,F,A,C
1227,4,-0.9411727504496916,0.1565191615944971,-0.39300485508931715,0.06515606428785281,-0.40711137889742266,2.5621224013003374,-1.6292722985899708,-0.9076905092039281,-1.4207181725968994,-16.72077852255504,0.03490129600097676,-0.19252630098019374,-3.29809179853036,0.8710109336640983,-0.40673309441039623,0.9489226384674616,-0.4179535432247761,0.1097469661669215,0.3955903833413151,-0.4330822565599495,-0.6965873887250884,0.4215445983263894,0.08642383058534915,6.246013218812892,-0.11139152256484759,C,A,
1228,2,-3.509815457839416,0.38777137169958037,-0.5222810511256406,0.16461560159603977,-0.5029766242387412,3.194460150986752,0.37739211969510195,-0.30751821335986934,0.8176614478057779,17.297874826978518,-0.09818877447932013,2.9107310546187373,-3.062987120837213,0.5059174829170463,0.9671697620103233,-3.703626445560305,-0.5740106316095457,-0.09737039381154192,1.137707383309366,-0.08623071269655312,-2.460974399376758,0.15908329835870877,-0.8380335861224144,-0.6405787696785274,-0.5745209319200346,A,B,C
1229,3,-3.511502415017347,-0.2445296829693301,0.4430015497854541,0.14620847304549586,-0.452080480747333,1.4399737835679414,-0.5650781859139867,0.9258202508965417,,-20.33923063439133,0.5282353595027869,-1.8319894321730146,2.746186440880379,-0.6855138045956157,0.3675086354567989,-0.3620936792677827,-0.29258503057293306,0.013709897163783987,-0.757768549636885,-0.15208800042813464,-1.8772344545814557,-0.06960825518777018,-1.416794033789354,0.589364194624537,-0.46206183170658544,D,D,A
1230,3,-1.1233016872530592,-0.0009038815541963885,0.05149362410044128,-0.06937260069813518,1.3940337297275456,3.466199582717782,-0.647872660319285,-1.8251019166687437,4.702086661691454,,-0.46921579545467035,7.546353739297121,5.596807708515203,0.13105067240235263,-1.013282148362288,-1.128348774233505,0.06764608267239483,0.042059943404657255,1.037782482660711,0.10190822386549568,2.782802805365055,0.02875456102698036,-0.18424246723456628,-2.2735434085325212,-0.07938448772392696,C,A,A
1231,1,-3.850484819429317,-0.5352772520589105,,-0.010148349695189076,0.6349296282976697,-11.436560812363503,-0.06811419330819976,-0.20750437386089876,3.384840086320793,-13.118359680842449,0.37525009767570516,2.643724152104674,1.782773898077604,-0.33776206424800154,-1.7151177619834355,-1.3374178836581418,-0.000804401454976786,0.05588805062803195,0.007941148896774828,0.12348300556494234,-0.18334550468322544,-0.09089719132554802,-0.13696267559609124,-1.3090265188375982,-0.8905066023023707,F,A,D
1232,1,-1.4522946201160951,-0.17642278459710126,0.22193756554323232,-0.052569727709137024,0.5244438446671456,3.0106118497651178,0.7618229138579651,0.8109104913821604,7.654459937340393,16.05280226518914,-0.19377869250039123,5.857800460390813,6.183201844499218,-0.08383751306893003,2.7774192220169462,-0.8403472957768346,-0.5323979453683887,-0.17905592431933187,0.267927596769552,0.634768495291152,0.6372117194641117,-0.24001599309690597,-0.15517108707806906,-2.4831431318360195,-1.162999270381494,F,A,E
1233,3,-3.9244783277455206,0.2275033815252155,0.1730726658519407,-0.108222796856428,-0.5442489813152006,0.7504127951591418,-0.2589533118654795,1.5781959314405518,-3.471312779317811,26.36933441222183,-0.06160556754154847,0.7613669565870569,-4.306876395358075,-0.47833436614362296,-0.32359724363610737,-2.416039174449332,0.08621203200860258,0.29071650376393005,-0.32846853007001003,0.7124136448349564,-1.45208599130329,0.08083376938727244,0.17735882437678685,-2.2883688819169734,-0.5509911261104099,B,A,C
1234,2,-2.4932157022186625,-0.17248395693715698,-0.12446777329498201,0.1862869774282412,-0.6274291991010849,-6.094588441796846,1.5262943756975886,0.06501151193375014,0.04620643235295713,2.7637770953900818,-0.08464871852548547,-10.60691322340135,-2.2697543607194848,0.22187087093905183,2.1945490655036908,1.3112402137033645,-0.02507870499887029,-0.06176712107554344,-0.4137072154768519,0.09498449332013426,-3.530108645255026,0.022793453412028916,0.06938819538494292,-3.8450382961086254,0.5221490857871427,E,A,A
1235,4,-2.4198232775988306,-0.0681245194348782,-0.09777172954112794,-0.007370442867782021,1.2474088912847443,-4.23812707938199,-0.21392183388265065,1.7519422267170015,-1.441629511782973,-32.69374779359152,0.0563853855381638,-1.4232735317039122,-0.007512984636373716,0.07802717828660934,1.844351533371821,0.8456969971972976,0.23075009274935399,0.08096125108075927,-0.4318334253679094,0.1694521367983341,-2.5223484624529413,0.11902659981882667,0.984035223951505,-0.1740511872316128,-0.6197317883393461,C,C,E
1236,4,-9.725341518127145,0.26552479668267304,-0.060423409008685515,0.20198693678502963,-0.132919058894057,2.6500576189386824,0.37965284813286637,0.5706528818558817,-1.5309999509505539,-14.1495317804565,-0.11933662262621848,-2.0575045602204245,-2.044423533817183,0.7322204134030706,2.144832935897913,0.3965619062640822,0.45807131783944005,-0.03416253161057601,0.6939411552109529,,2.0414165824104655,0.381477929217153,0.6970112594928591,8.772114004411604,1.3692119564078997,C,A,C
1237,0,6.367320784805817,-0.0007864642459007238,-0.15451321547499375,0.1912571569621538,0.624708903906869,-0.2160420043721931,0.0726341202739724,0.7220060418572058,-6.747625826578697,-6.935492836021113,-0.39622351182730714,7.096911238694634,6.038546321723637,-0.9931635006769413,0.29033310973946025,-0.37351280069699544,0.6320711828613129,0.18566785698586705,0.3713898071371825,,-4.083616138964062,-0.3974603308761085,-0.6794405543789939,-0.57704817885661,0.404337935873837,C,A,E
1238,2,-4.100271164924146,0.49599534070190227,0.7812644692957771,-0.04326758992388724,-0.6021661636456282,-2.5844996326190386,1.4888256168950142,-1.5194216255195652,4.573808969940035,,-0.35422396393670164,11.608716579265955,-1.503523723047451,-0.3288921514124244,-0.8377440473853169,0.8727690985011222,0.3113353488066602,,-0.029956234340653178,0.022178752145712893,2.0042333118465394,0.07683260444725981,-0.5245549720592643,0.82570373834368,0.44006456758199525,A,B,D
1239,4,0.08457281871891568,-0.1721544669454016,0.34772440887597406,0.05348002975989222,0.7762899707836611,-3.095339586765955,1.3286908394453092,-0.281448275763418,,4.170670759372668,-0.4127077592926753,1.7562249867894522,3.8685234885030417,-0.7970601284067589,1.0320353370785518,-1.927901287232846,0.21590022076663434,-0.0673350982325508,-0.07330881847131065,-0.22764983921350831,-2.5511665706644107,-0.2766053860056461,0.14050262389247567,-0.5264909232853211,-0.21487084256230052,A,A,
1240,2,0.7739518536876421,0.3468114708434123,0.05266941934797162,-0.012844229841136813,-1.1334994373974265,-2.390084921968673,-0.030735657362768013,1.2016832346095694,0.6714623086438148,9.257775688044763,0.09391509734202447,-2.765837089444415,-3.090757064469547,-0.372113031319618,-1.0715911551832669,-1.0213984251260169,-0.22458949281310966,0.17657153982776227,-1.278525150832174,-0.15577170123931813,0.4733400647001522,-0.08168854529913058,-0.5643967541090853,,0.3116154186558708,A,B,C
1241,1,4.108307320898596,0.3984898881193259,0.2375753467530657,0.20229404600470102,0.647867820338113,0.7065459340990692,-0.15448619399565153,-1.5041564992032708,-8.543038592412287,4.46761570939606,-0.10254192938971657,0.7419615266201497,-3.219914263860671,-1.0750374396276612,-3.870614365781824,2.7918187864146637,-0.12737679598043214,0.08852230296677396,0.2070147069045152,,-1.3770190935063644,-0.02129268981046136,-0.2145156655420929,-0.7940140295202422,1.055484602779982,B,A,E
1242,0,2.3640836346168017,0.10925145254348377,-0.1401352342318148,-0.034577403265120446,0.5958610972132923,1.5458746711709717,0.5652995180960172,1.0650765226489534,2.3214712196100273,-4.463970602317738,0.14093560868957006,4.1404223974024,-6.929239404601198,0.022891855957316822,1.0633978232519592,0.6292468658852464,-0.5842070377662218,-0.08170624503836336,0.6728092043739046,0.13898288851785573,0.5183960098787345,0.04893801077889615,0.6240105036554826,-4.516679886624673,-0.20703659519757597,E,B,D
1243,4,-8.620232822263189,0.09672278928584903,0.23153765678118873,-0.05141120041753938,0.7515265717596142,5.2381248318874665,-2.100915837361905,1.650651022853845,-4.591119069136115,1.9675620988525038,0.3624633066303012,0.20409671256393724,-7.561322581961396,0.4166756141703423,0.9554481347708892,1.4008228434876941,0.37915079016250186,,0.1114014599200938,-0.014820083979691277,3.1488165451880494,-0.0645084062802119,0.32004681288901216,2.6809895055437467,1.4258780633113628,B,A,A
1244,3,2.2900855381765908,0.010364414095291421,0.18972659653121443,-0.023512461718380916,-0.07061424709654089,3.208394796676667,-0.669363848729696,-0.34802209243851023,,22.964983313364847,0.19392694208456093,3.6031433064704004,5.595165281285473,-0.45842182207721943,1.942271935360874,0.742898258854779,0.14145644883950237,0.0691226571529378,-0.12710116331222726,0.4032850325132952,3.758911611819088,-0.04153238933018249,0.0013520155236274075,,-0.6256991128278174,C,A,C
1245,0,4.232756386476338,0.14431006542715447,-0.14279608165762953,0.012913192535719584,0.8320600353102492,-1.3829895741149918,1.6606108222150584,1.1388944687877307,-3.1125921222480506,3.338096756985342,-0.14137948211578694,1.4020842174351749,7.164426561789842,0.7143041670403337,-1.5342994680179587,-1.902744971156049,-0.1625835336062084,0.04284657994921436,0.22455950860813914,0.12638137398094687,-1.6551018853593948,0.15564156122890324,-1.3912463115915918,,-2.459334896419644,E,B,A
1246,4,-1.3064457634119266,0.47622123212527967,-0.4248936929692975,0.0712446422798793,0.34411954970906256,1.9947192406338756,1.211653417764926,-1.1184529759601605,1.9103206867749434,-18.42590484380077,0.29208124407164754,3.5165790500752085,1.7638257943355138,0.6618973987180304,1.00343418805112,0.31928691859494157,-0.054003057631722744,-0.09497259073316058,0.49789761615286676,0.28003492235432015,-1.374223143892236,-0.057185490253951705,0.5717570170021117,3.0089814186544643,0.21466395262543278,D,A,B
1247,1,-6.968136312947089,-0.07031354513617814,0.039644629727845576,-0.09401732474775974,1.559489164373958,-3.4463606876812762,0.14797909417921454,0.5336641269052509,-3.830360778972682,-7.015285699672349,-0.11071873717301034,-3.4552462722547728,3.7861895077785923,0.7240721474563079,-0.7704891918570118,-1.9569116432582667,0.23394508455284735,-0.21111813692716644,-1.5181961925085479,0.1359125708681486,0.15425066279401248,-0.09710117907179662,0.5933117584479005,3.8495336338892225,-1.1733224739528005,F,B,A
1248,0,,0.07970587835854277,-0.22726138037820923,0.11931937572155503,-0.26348138242618657,2.0640691290348925,1.355740348711633,1.056234598876379,1.7197628189706724,1.70058622614033,-0.6207414921529733,2.2218566433940006,-10.193628056031658,-0.6495187779875062,-1.3209714093326634,1.2029323634510607,-0.3477642007428799,0.23077337090588831,0.218871325845852,-0.0514141597735854,0.9060591845115963,0.08624158597908739,0.5821928189833979,2.4762953823255414,0.15356975068675466,A,A,A
1249,0,8.632147179213952,-0.11814610946521681,-0.20291295194729891,0.03764736602000019,0.7169988805993557,4.699976403443905,1.453001651350544,0.1395527932911468,,7.42398840228678,0.4551752440648262,1.182971362079532,-0.6473288816306311,0.10886940808775206,-0.056941427304037624,-1.4093598901965583,-0.1533055258366262,0.16009608733887984,-0.11739686010057852,-0.4925800707910311,0.6462240097970273,0.22184590439091265,0.2900050143196416,,-0.3872343163505948,F,D,C
1250,0,4.7959304338811695,-0.002995201008960848,-0.31806959901043896,0.04735720800881906,0.7451961056191578,-8.447434912066333,1.4654771381364822,1.9509797906863076,-0.5836419791006813,16.38687375199476,-0.2970787544480101,-6.859950457987303,11.741437543020565,1.6023039150799305,-1.8136233694515624,-2.6435469781003795,0.17987400386772773,-0.09782631887053371,0.09389674657709991,-0.3340557457190059,-2.545402868982853,0.14544236157368667,-0.4115733673490793,-3.695568586163884,0.14621442688746744,D,D,
1251,1,6.754065846070338,0.471159518499606,0.1321754485627395,0.016061212297283165,-1.0317628429457162,-11.46935872038026,-0.2916326598645761,0.06209345103184814,-5.398010901427523,-3.835660100992869,-0.5434537533417154,-5.2733820191930505,11.368644131449892,-0.14223546499654469,-1.5742589421768027,1.3022694004429116,0.6011589722121771,-0.23002342184740243,0.5237486218447643,0.3058112861447829,1.4018539034464554,0.015862921148950413,-0.01490462563703741,0.8849365710553732,0.9030557375122501,B,B,
1252,3,-10.285110431627267,0.1042268722888802,0.08441990337471313,-0.20659695941611925,0.04214971646596064,1.4108083163553773,1.2858518772298657,1.4973333669529818,-0.14114998700440373,16.49428413834695,-0.41284661598552613,-1.3691991974373183,-3.274289016043921,0.2373690928131874,0.5846693780730636,-0.6024354976871259,0.5156488437529282,0.24812604605176575,-0.6736818638116248,0.4582504720146872,-2.701126528604381,0.14771052629078074,0.5942161152732812,-0.3593563915244135,-0.495914831205074,D,A,C
1253,4,6.619119337242062,0.43953268932916834,0.24805573287092345,0.05466476468940446,0.4059557579226917,-3.8728600770800163,0.13693336237694018,-0.26869402972737266,4.5977704888543975,-4.780522348383088,0.3349254509316522,2.2763623740993637,-3.995497720136778,-0.10446998495283033,1.4643519768064936,-1.1491964505924352,0.38931583246263884,,0.1531923013850689,0.06384712673818585,-1.1852600905216757,0.15434475874160838,0.05393334510065971,-3.3261728035825016,1.7134127888399862,B,D,B
1254,2,,-0.01733720620560115,0.010485300070384866,0.003601415885150492,0.05257126007315326,6.012364411560899,0.918891231317739,-0.6895739425536161,,-10.955876204283678,-0.0219420843811678,3.000080666782647,5.090234187287751,0.9823670007800913,-0.31977106052704984,-0.9142083018001985,0.10462926832015447,-0.10752602943772502,1.1107263196571515,0.18750156933047843,-0.38565706816560774,-0.05837642363831483,-0.04944994496264588,4.312132224732763,-0.5460349866666656,C,D,C
1255,2,2.6433188887333943,0.0014814886298209593,0.26995787272103944,-0.06812406794484256,0.4776458052995842,6.099427388185466,0.33478022940603736,0.38994060784595747,6.675693806079749,9.655817088940434,-0.47119275395444693,-1.9074910309777624,6.408466437132818,0.7165367956459069,2.8267395943502756,2.23065323153466,0.03213906505783471,-0.11340745003346346,0.2763838018612045,0.3399396619438236,-1.7274268074470691,-0.28936833434913045,0.03220073769291697,-4.185975603048278,-0.8568588439542814,E,A,E
1256,1,-3.800831750310301,-0.38626269578515565,0.3825258188743517,0.12227980409950509,-0.7395187619812245,8.252000375335838,-1.0991102164304274,-1.250950631348697,-0.824851002957294,,0.002345424580035247,-6.759241125978589,-3.1829693445208695,0.6761721735026239,-0.8098052696205054,-0.08068739813877664,-0.8290147379585099,0.08168109264609945,0.0778753348199458,-0.13672651493655785,-3.100604751835125,0.32647583556322074,-0.47681415004380806,0.5756576427574038,1.0022209333551444,D,B,D
1257,2,2.1274406653348334,-0.008974686190659038,0.0888739252796646,0.13149013009761212,-1.5093306491600218,0.8309432434789361,0.2898249441500357,-0.2363371525349991,-0.19531289494694404,17.892436587677842,-0.4694091656508867,7.887573616481736,-10.872779227287154,-0.3108089413339375,0.4039853644130609,1.3694283689947226,-0.38050827190880365,0.1756493585053306,0.019426318359778073,0.15680972896621684,0.6813586208745267,0.12698451830256177,0.8634443544243872,-2.4236491497117347,-0.49322968894033564,B,A,A
1258,3,-5.641353016662382,0.11661077626904455,-0.07167303998990483,-0.0284947835022852,1.184739790884278,-0.4046671258220062,-1.3941714872145599,2.434872149068001,-3.4950321026202986,-15.371607955443375,0.03741344014765499,5.269524495535029,1.8845051593988436,-0.13582012173240238,-0.23496682034777813,1.0139079698869373,-0.21809735809076244,0.3557706670750572,0.13818410280187043,-0.11520192276634397,-1.039248895319382,0.11153858446371374,-0.5950458338868366,1.2215474663312602,0.04486871981764223,F,A,E
1259,1,-0.8264660040017043,-0.19460353173484188,0.039791347079272496,0.05007795050770313,-3.049751506095997,0.7969813584230372,0.0812002788045861,1.2424984485002448,4.499487036476392,-2.7439108544577433,-0.04112764165789359,9.964515340208813,4.23219483670222,-0.7642299962345449,-0.028372737951197494,-3.6934018427080924,0.28062107946625003,0.15504779491670853,0.1332235462477369,0.12352025848365626,3.895492606872086,0.13927135817229028,-0.4796226074317775,-0.2918040678179419,0.4213268511793195,E,B,C
1260,2,-4.795125523054425,-0.02167990236779631,-0.29552975039298507,0.0037137448148503714,1.1142614338466434,3.1888005879412624,-1.2722307197136122,-0.5260820845745335,-1.923859791784687,2.0236334888115493,0.1955442847768292,2.2366026976979754,-7.4887861088795065,0.41322171232161603,2.650269190196754,,-0.2361934510298984,,0.5197608712708593,-0.040141649592744494,-0.7346665068592868,-0.20216568433031556,-1.6775561835386534,0.6706675625137266,0.3966508299990614,A,A,A
1261,4,10.518527075509681,0.19502177259750808,-0.15542197379371264,0.1299406335464505,-1.5505961902389396,4.72548334551504,-0.1817276035974115,0.954606499230909,-9.76307247367728,-31.203853919923244,0.3504595876565073,2.6959308053494384,3.65968591405978,0.9977777332885646,-1.7276965903316923,,0.011756788998538787,-0.060044435350044265,-0.3810228072807146,-0.14956578153949168,2.928463067354181,-0.19964206761243963,0.1714418596911368,1.4825936146742251,-0.6924547148389434,E,A,C
1262,3,4.7224966044616,0.20913030209036682,-0.3488420497798016,0.1444124554654743,-0.3703680173979198,-3.011152750434498,0.3381886209905458,-0.3966110822838696,4.840427907280379,-4.189553859476712,0.017019265367126307,-5.335578072990946,10.081000436048697,-0.6585532688137125,1.5955468884257071,-1.16605658360866,0.9021549345525414,0.18272968671543421,-0.10476312422736025,0.14522263702921825,2.7942932743951143,0.05597537625938813,0.007846113766080055,0.8500278412363325,-0.45651451424436246,A,,A
1263,4,-2.871239774409322,-0.15799002306102464,0.05297368668393522,0.11451047294690331,1.5650510204819532,7.549494698981512,0.17311021971882173,0.722732949626871,-4.065800108470197,-20.79667926423285,-0.1759624692483158,4.643646135301338,4.614670492359399,0.10957503573517846,0.9948276237858343,1.5565385664323135,-0.4421764183303456,0.16970075694067896,-0.05909883226723687,-0.06515079293843982,-1.99053006511914,0.08085921855212828,-0.6007629900939481,1.3493075524507936,0.38864180320173525,D,A,E
1264,2,-4.1913119269983605,0.17510093711745314,0.3001485559746486,-0.06440760574491128,0.5205526556408027,-3.337860010225309,-1.558372947800534,-0.4314848724049577,-0.8380117476536474,2.7956910654294775,0.19741878504426788,5.095363774719592,8.055980294306114,-0.15700653925733193,-0.06850102192769052,1.1017195258448749,0.9557278716236732,-0.0448705520460255,0.22959860001574964,0.1749024245570317,-0.14821890562779955,-0.05128065722178618,1.0343752981952101,-5.5030877705331935,0.7109477545311748,E,B,D
1265,3,-4.7392946609765945,-0.2882791801522856,-0.045089631849562425,0.14823043789469667,-0.7204004371009771,-12.517715585514091,2.8550966919180607,-0.1629249974294331,2.992135671935162,-9.271873421471769,0.4924654603593948,3.155368976829385,12.021692938428608,-0.5678281876448404,1.3473305723248523,-0.2642704892522089,0.29359362103882836,0.1419423731262467,-0.7492323246304252,-0.17279841922647432,1.400724115139057,-0.30780698757660374,-1.283921493869073,,1.4077563493932026,B,C,A
1266,4,2.8097100104951385,-0.3303579100368125,-0.11389103704958328,-0.0126048021330031,-0.1886051274086359,-2.592438070191632,-0.19005123908066332,0.4412055919545157,,,0.5208344685579641,3.280300624207726,-5.637236055378425,-0.24511817756559148,-1.504024726191597,,-0.09013612389576336,0.21989680169837708,0.11015640625337098,-0.1562759948756342,-1.8941865578572208,0.05998258902449101,0.6247386720515568,-1.3466586556898643,-0.07487251013434079,C,B,A
1267,4,-4.351004612175535,0.3125092445630304,0.003964246185150459,0.1453418591883859,-0.016553087517646174,4.006755810868375,1.3967196576827154,-0.5423261717360466,-1.6798353869483338,8.777438579159197,-0.2571726978349377,3.725992144123767,-1.1028895950801538,0.5765103668201917,1.177707401064023,-0.6788166384686108,-0.053206028244701796,-0.007503158424080337,-0.2649047449736486,0.4321851325531692,-1.4324758631455392,0.3129530583579912,0.047094529748661955,-5.883889723417137,0.8071852340251651,D,B,C
1268,0,4.289687580811395,0.030699702614878477,0.015152576936524458,-0.058878214854878146,0.9808070804559124,0.5750587749232111,1.3517066649811194,-0.08408444835139887,-0.732771279564654,,0.25217131854055314,-4.1983321954207415,12.780989071627618,0.3021447561096006,-0.4352237410835456,-0.10835938200228447,0.47563691193936275,-0.09027524133401936,0.08134767807574554,-0.3284057821156795,-3.04245463625081,-0.05951510180153643,-1.1390106765263268,1.6246723582793896,-0.3774157487319473,F,A,A
1269,3,-8.883977221525871,0.3043266125087585,0.02711231332447218,-0.20954377292194137,-1.2595135889874205,1.1568500821474046,1.9621151561292574,1.5403678903658917,-3.9993126102803322,16.422694975899812,-0.20058497489185328,-4.5378770376876565,-1.36923120255985,-0.6232795832003741,0.4672243845669397,-2.6609577818229306,0.37504463949400235,-0.2007378077252265,0.49694573868556297,0.238515211223334,-2.23581355650388,-0.3607116073221845,-0.004796419231042076,0.48817104684498774,-0.017235327751502317,A,A,D
1270,0,-3.2819436647002123,-0.21254460918999757,-0.3251426017637099,-0.04832046004007723,0.2872242438358077,7.250281970200689,1.5541404544544117,0.32660028948935155,3.0790484303137196,-4.056335687275994,-0.24286853499896413,-0.4624582594275822,-4.5246974965690026,-0.058077932844797904,-1.690208890422474,-2.7589361065278775,0.13480514674342808,0.07204344466585431,0.6754570796856457,-0.20474425392495904,-0.276622788924661,0.580516244809377,0.30584163419452726,-5.3372479412391245,-0.06129496258898282,A,D,A
1271,3,4.682966644958386,-0.19718841242151608,0.13400361433803443,0.05335868179394809,0.9333145864219123,-4.793497659497249,1.184045914712822,-0.6104434755268989,3.9174197673315385,4.363393795436738,0.6562106325586146,-2.3854444189399477,6.0344747029781,-0.22047568646633575,-0.32321599934124035,3.7944104675951387,0.23366445471376482,0.22072323411791733,1.0452621482598539,0.005555616182728894,1.3448792361583024,0.038127187193506266,0.2176967599063767,1.7532903147020835,1.0872946535959829,F,D,E
1272,4,3.1052609790278414,0.7379428958441258,-0.32866239047559315,-0.19298384619756387,-0.09683126297766541,2.0670939605773495,-0.5765821384092472,-0.8867798931598937,-1.8285683313338474,-20.28265305193975,-0.2144544382959055,-4.0422714544403355,6.529786214614873,0.3710059874135584,-0.5912949418929409,3.824995525840378,-0.4948291948047031,-0.13933293424314938,-0.1710979224113843,0.17084194999942345,2.076552306773361,0.17803083691061883,0.5931111674882404,-2.7811039043466774,0.3090058789971688,C,B,A
1273,0,-0.3682306154228868,-0.1695619061683808,0.015278780346616547,0.06436449036142836,1.1045117472201031,3.0009051571573844,0.6031743315814115,0.9656822507234635,2.155692988818655,-10.67060704312892,0.03769882990225402,-5.3495457002833975,-4.536949205789726,-0.25747146679335203,1.674777095122087,0.6754707538068833,-0.2924635320940999,-0.045937344451277035,-0.652803101816768,-0.0036247070569305996,0.9891305051198049,-0.09107863648117598,0.5878376853673744,-1.0466703016142385,-0.20437913848370273,C,A,A
1274,3,-2.5022224941148594,0.04224118381777992,0.1287721863765982,-0.1314961984568026,0.6003433935808549,-0.9649881043467644,0.17056607364511467,-1.3406449670166334,2.386162518785963,-22.900511753670386,0.031324693066800004,1.3599835285486819,-5.423386614026395,-0.29274237683299037,1.5284173041216884,0.00817720892230845,-0.07990141081843298,0.024338838807113607,-0.18941686210805533,0.2316455143316448,1.391117551397025,0.2097979909654876,-0.017311056573683807,0.7879469700144536,-0.23620594136371004,B,D,C
1275,4,-6.654160844248476,0.20101262660891028,-0.3593823959416033,-0.009665848361461489,0.5780515354666073,0.4574433094637073,0.416825970712106,-0.6273785750531042,-2.4068207769176575,-7.236011577396182,0.15609633861886338,-8.696713875999833,-4.5353544087768025,0.2534179780021011,-2.6810277931852253,,-0.5826799093992798,-0.012483576606151913,0.8012054752700558,-0.034019352446490986,-1.2765687073829388,0.08264179775375496,-0.875260581880017,-5.591230933785719,-0.01183205488180437,A,,E
1276,0,3.074246972582966,-0.4959820747343012,-0.022622039764030363,0.0883202211403521,1.0381958204178754,6.701106212411265,-0.9831005226905767,0.5774181809663333,,0.237220295362965,0.2500714837991868,-8.079347990014305,3.028199097934552,-0.41818481140208713,-2.850816095594068,1.5221303916558317,0.34642784333172094,0.17208427913145036,0.5817267915804254,-0.18139143848424777,-1.715482763374871,-0.24127331262843837,-0.5828809040064588,,-0.4830221464414495,E,B,
1277,2,2.2985303285950742,-0.1557131793969899,-0.13987076935724205,0.03881528100372689,0.0989934390334501,-3.352647730675817,1.5749560397126163,-0.5375792240413345,,21.385539241105015,-0.2614508838642338,-8.459581653876734,-10.033023231783842,-0.5829303688640842,1.1812074908853498,2.934926264598407,-0.2648050763199794,0.07187668590447768,-0.44966707151842406,-0.22612294370418043,-1.8102031652780963,-0.09519570571483751,0.21832195158556145,-4.803470862215658,0.879426639975671,D,D,A
1278,4,-0.09040340740468375,-0.11902407910768407,0.2106842539322142,0.009425575575284352,-1.4285811700538542,2.299046590315775,1.0976067076802578,-0.12180354787947074,,-0.5324622816250014,-0.25556470725436514,3.3276079050128398,-2.7611026917593313,-1.947585083210218,1.0615504950965022,-0.6389731088741117,-0.5029043939673222,0.017278274288454628,0.2603112721733038,-0.40250111998259486,-1.9962846278056832,-0.08818303698786659,-1.6544373312780032,2.800189950131467,0.06552970671136117,C,C,A
1279,4,-4.977834681942697,0.2989923716795473,0.04154890626291072,0.04829340612291981,1.1785229177813994,-0.2466488323811991,-1.113932529114782,1.1314540756760492,2.6634420801910106,-13.437474259161347,-0.15298017767360106,0.8797451497302399,1.5979685024968826,0.009143543943277191,-1.9912758858377146,0.4775743965850066,0.30704413830343774,-0.1550868963778995,-0.8295139451764211,0.4397294571729819,-0.4724772184597562,-0.008016974197131335,0.14372304472947078,,-0.84479716284638,E,C,A
1280,4,-3.9987528251465814,-0.09341262506983541,-0.2765755627264088,-0.07792656375450287,0.15145406526007316,-2.4362717972245425,0.2556549759560256,0.3984837503681726,-2.711923885099201,-12.529604672392669,-0.2870564641693958,-3.0387071635022007,4.1695823557510145,-0.5262052711606193,-3.5901950080002587,0.898150241094481,-1.0595880946874965,-0.10561416921004103,-0.31250339002464284,-0.3436158923614201,0.5641169014743226,0.0883028982330667,-0.7900977129691303,3.5902493476211115,-0.9220290106152264,F,C,C
1281,2,,0.1459335235507239,-0.12262454712933449,0.009020688618142984,0.6131314686846473,8.026760852113231,-1.1270632462956809,-0.43582312912253135,-2.605177951642126,13.684826271631204,0.01716603847773505,-1.1681605033455404,1.9504826314364345,1.150112141176974,0.8711037459544368,-2.161890616266862,-0.6221326713860598,0.09568744683679622,1.331079360902239,0.03709066933370663,-0.45476497647603226,-0.04018473762147271,-0.6515182487642864,,-0.5356845283269326,F,A,E
1282,0,1.7390557069424644,-0.4980061256838891,-0.13228500587302977,0.13779747461890576,-1.6132412439306383,-6.7864575799148685,-0.016758155261539006,0.527972714530477,-2.306913294948256,14.468384512600272,-0.5031690939919702,12.378400319497516,2.070051759751859,-0.2681125356581402,-0.36722914250625566,-1.98559047013722,-0.03236943965961121,-0.2994189616346407,0.1316587236790565,-0.49178003868529124,-1.9426542513974314,0.11990142032231964,-1.1659343321027884,-3.463300978798201,0.08437493417104361,A,A,D
1283,0,8.574895144024527,-0.20304586058873203,-0.1708535927823888,0.04407302589555053,0.6306655296436585,-9.077214185856675,-0.7632978920446803,-0.8838755246480531,6.016457262730784,-2.137226774773637,-0.18995768497675375,-7.833139149099375,0.6851576434329678,0.4589446698249412,1.3514398679244781,0.33749772507882864,-0.04107417247054823,0.0829698662334691,0.5406135425932151,0.12636216327381805,1.742046209688469,0.34089035315626603,-0.06498602819778003,,-0.30530733523898723,F,A,A
1284,4,5.444718875349318,-0.3235450778984268,0.1066111758691001,-0.015048096203609002,0.21445950761230065,-1.3767911912060296,-0.4448194408151349,0.7564219894843066,-0.2946472340728738,-31.453366287537253,0.18195534188767615,5.713756887974828,-0.8596383014337476,-0.5048649995703066,-1.6704816346469493,-0.05421311413051621,-0.496515628391495,-0.12809238584826874,0.1749148751690814,,-0.7424663927439015,0.1659746198013653,0.12828071515535677,-0.9455091939990778,0.6079470999053495,C,B,C
1285,1,2.102100433605137,0.36165276751237885,-0.13943523213242787,-0.10231660222078028,0.08045494597059773,-0.36479032683923485,-0.34054620538459035,-1.6612311316108914,-4.788973490676774,12.750517478709693,0.0380999929663471,1.601934371323417,-11.011130326277135,0.3846110397524396,4.115544952060884,-0.16597542778711177,-0.5568332330094194,0.1995118209821234,-0.12446135596230722,0.5917701066277055,2.8393596930156426,0.040977007443326934,0.1406762741919645,5.499972151361549,-0.6314534666853018,B,C,A
1286,1,-18.5979287011526,0.27136138946272453,-0.04136807443083232,0.0132070185719402,0.1781169577391892,2.786942162118344,1.4274331045058752,-1.2923532988709558,,,0.17678314787933389,-0.07310952967939761,-16.466523658516643,-0.048769737417849304,1.5278876897862368,,0.1072623710129136,0.15076377952840034,-0.18603454300614966,-0.07224525263998433,-3.676838673365494,0.26189790235258087,1.5800867794237379,6.966272431259694,-1.173075562836354,F,A,E
1287,4,-3.957995550247955,0.25067131490692324,0.6150667172987457,-0.14747917655494822,-0.14727860078065275,-0.19812593875420545,-2.2583360741351974,-1.5534660524577677,-4.598892268578972,-10.737580529656086,-0.2478984904224261,0.47893275828214665,2.564023322670175,-0.9032169133809855,-1.5053545899775256,-0.7619409832703294,0.33043988113749834,-0.1398822941440752,-0.4698101953270759,0.19700943814988056,0.2601308266209542,0.12744052439095357,-0.7239544014693593,,0.800818052555849,E,B,A
1288,1,-1.5063009622207788,-0.19565041023153124,-0.0976397920715687,-0.12028144400247731,-0.27460420679685343,-4.129379491100265,-0.38426186522881506,-0.7431121605935088,5.131662643982588,-8.832110936544654,0.18972710161671982,9.523978663019733,1.7595863973237362,-0.06654565761958826,-1.0183455591338137,-1.042383132519723,-0.043574179877296546,0.07702058676558125,-0.5218053031350439,-0.10267851669745656,1.0907980799618608,0.21077391503302884,0.32254463205989053,1.9701277265628152,0.1630595330340842,D,D,E
1289,3,-1.849847264570393,-0.036146753367266915,0.6139765190875992,-0.0027317356965150166,0.1735411249097259,8.100785017086475,-0.1279911271704472,0.2911493870475511,1.8763021983073334,-16.72842293601075,0.27445925006904737,-9.182632025981622,-15.948048859325143,0.479264973153268,0.8152827801083377,-1.7200044905637402,0.22977285027503494,0.07176138604333414,0.44790722682150347,0.5413115803988163,0.20333640744894593,-0.08696375062310886,1.7349160456191066,0.5886109829855495,-0.47009170222062596,F,D,C
1290,1,1.4486143010032084,-0.15128190630303784,0.25964119618457704,-0.045259989127939375,0.31933312856293,-0.21681088218723102,-0.14720343164446778,1.635874969331965,3.9358662423832986,16.01703566613442,-0.3020507360924932,-2.428073946299877,6.585976536039406,0.28067676987618967,0.725290920385491,0.06015031323755436,-0.02998033407448953,,0.3207783627411508,0.2501477682251469,-1.250720459830044,0.35117013434583033,-0.0595961538381965,-0.5321562838879761,-0.35030109699788603,F,D,A
1291,4,1.7496309831748664,0.10483214645429006,-0.03574820217060393,0.049333030177462885,-1.0238509509356455,-5.052936415773383,-0.46298347010283664,-0.04680767666202286,2.211882713587878,-6.989741526717502,0.1259506973974268,-3.2242521565065756,-2.7132831863394706,-1.2127786275510182,-1.384668775269534,-0.1063553783468451,-0.38577515143466273,-0.0013225322933685146,0.23610027263613856,-0.38637435741433035,-1.494423973996135,0.04931633167387181,0.1420472334069244,1.2136948004728443,0.00662105695903096,E,,
1292,0,1.7254646217054228,-0.22600375395267439,-0.0853717195233096,-0.041927968681686675,1.2589032636853048,-3.262488644367232,1.4121993459276767,-0.8204220572490376,2.2867535272436377,16.620448037531037,-0.2651757694408322,-13.065310217134202,-8.01044556898952,-1.060520003933811,-1.5431862106134389,0.06583957352329925,0.5903554730273546,-0.04999339817596168,-0.6384314996770968,0.1830323523927167,-2.0332123717343737,0.2115818463979485,0.6321184270949657,0.7532229621086256,-1.179568773244781,E,,D
1293,0,-1.0281028844653046,0.035188911096195714,-0.2392142076029056,0.10325239829863812,-0.13022197979435413,-1.5388805114974358,0.10406565210413825,2.129879026356124,3.207782468709608,5.637453718456923,-0.2542069694902909,8.0579331048365,1.0884463244707006,0.5955548101002083,0.8593363933374605,-1.0766541490888155,0.40137612702842634,-0.03249207180559879,-0.028651690768601842,-0.2689586086716278,-1.6641545974180345,0.17578669779592307,-0.4166590567213344,-1.5725417803304538,-0.5815116532482412,B,B,B
1294,1,3.3390576643662375,0.2719786396038719,-0.36663274155123526,-0.03904015474211796,1.899117277535663,-2.9706889657279523,1.0785175485536156,-0.657033046729017,-7.394962756642315,2.518443314254447,0.4130533911368195,-4.181621439098328,-12.154640587823318,0.3641162693018445,1.5844714478330977,2.5118509188492206,-0.5097823425550573,0.03426045103866403,-0.2963877710492622,-0.041258958197173914,-0.9407668989058193,0.11509385347885999,0.9223504236030229,2.0963033037221024,-0.1660844251851853,D,C,C
1295,1,-2.3901197423471428,0.16111832968101966,0.23345981568328544,0.053528595870279555,1.7778888827535346,1.8355406771976088,-0.043765072899403096,1.030512476772185,,12.629978774845144,-0.26623140872010853,-4.085033644755153,0.961310894009974,0.3117437367864142,-1.0729173490278636,-0.9727433317596794,-0.3765923214357839,0.30627697191687536,1.05415536719037,0.020604698217798364,0.218979849002999,0.15601544842438203,0.35143108320540495,1.446478067933307,-0.08134146145492539,C,A,C
1296,0,1.9119110580553766,0.08835221184950635,0.0701082716918849,-0.09890453498293612,-0.1864646701674972,1.4498333335343268,0.21010330344263703,-0.2551414415552898,-1.9049424461499112,,-0.23037727683508583,0.48180580640990445,-0.5012883440461149,0.4291824906953969,-0.1928268453009814,0.4892884801128016,-0.33219652877660644,-0.12425870434946029,0.1346342991863136,0.3403910502162692,3.374588239582253,0.08715320829217063,-0.9898583415174108,4.803766246395881,-0.8258365859522812,A,B,A
1297,1,-11.556191596211232,-0.014875147970491099,0.17401114521437125,0.13334754059950857,1.8686424859416377,-6.530240963640916,0.943101872499454,1.528591413945882,1.2222894195007106,15.028279001542455,0.35576691458203236,3.7759444397111728,12.253304330756654,1.0659792803416959,0.9546291539204192,-2.376999793122687,-0.6874738711393851,0.033439595543756424,-0.12600437872489675,0.11746406804826898,1.591460046590728,0.04185575731957296,0.03547345535301274,-3.3065921451712774,-0.6759546975534237,C,C,C
1298,3,-0.7608116449061989,0.09885691806960102,0.112525651053302,0.03225184438916934,-0.16889453600666518,-3.8381267589284658,1.2752812545270047,-0.692568866037832,-1.6781697499504888,8.005332458711425,-0.06850532478314425,0.957775104785158,8.75241952687627,0.443552650264338,-0.862267968018761,3.772958833593913,0.09352523821404689,,-0.33131066973237244,-0.1348405344963888,2.422003704032535,0.06726485114578279,-0.17652956640021245,-4.044512093942836,-0.430082937471274,D,B,C
1299,3,4.292158254996381,-0.16937537037013425,-0.15282728949395716,0.027654184230692054,2.30310134976968,-1.335659508846299,0.48909623111391376,0.4230904168144792,-0.4627650035709422,-6.6745796223658,-0.11789109749293869,-7.578968100226507,16.202080149794718,0.5402887090967373,1.3288894572049532,1.3220930126462134,-0.5064461939338933,0.04756850247952002,0.3499063477010069,0.04454904809564138,3.959949526024774,-0.08309843375868159,0.4026006406356707,4.797581087934242,0.2687128817750838,C,A,A
1300,3,1.3970176045317413,-0.052957309295859956,0.00694809007715296,0.22579911728673163,0.8450527973139219,1.5907806873682022,-0.49118576786648327,0.2778191153523259,0.7238666237624907,3.5284863883651143,-0.09836452565194029,9.381479423782444,0.8678534357645437,1.1395881623179838,0.7184712257970266,0.022493439443758853,-0.14057027917907952,0.12873980406599575,0.9059983410932803,0.5041997642366686,-1.4135877416411784,-0.05487592517429304,0.8799768287601996,-0.5392241082310997,-0.07155867987397005,B,B,A
1301,3,0.3614263034134789,-0.04538406678251016,-0.301325585530939,-0.010918692238280025,0.6040510296752019,-1.1543427226754444,0.07302288023405504,-0.648913930021859,,5.365010492235882,0.2616153070447461,9.687340069215713,5.904526838127992,0.742574780600081,1.1473468621793734,,-0.037612631612312555,-0.01499334435269106,0.5207071805986092,0.14552112990950994,1.201578724035458,0.11639227657305208,-0.5379680892245255,-0.16074333633752813,0.3121848108409002,E,A,E
1302,2,-4.993355629611817,0.2271567045186825,0.5559240729263943,0.13239476164213831,2.2239171731191085,-19.48332738566463,0.5771798527283005,0.022822060722226922,4.58352134353703,7.456648714930899,0.18071808764650316,-3.975090214789303,-2.1915499879957614,0.6269408485364184,-3.5940461518993283,1.4390591810610913,0.7683900851348378,,-0.49876297971001277,0.7175483467828169,-3.1952210325635595,-0.16062199690205609,0.4042828295473012,-0.8933035459882295,0.4840332765648148,D,A,C
1303,4,-4.46824833063827,0.09292359269023508,0.26415184290429283,-0.09769641311944977,-0.7338844634415042,-1.7735745060988435,2.04926049526736,2.481953080859168,,,-0.16695134743681075,-7.354267660198244,1.691060511523274,0.3830616638192511,-0.2613584639465185,-0.12362767309191645,0.31920011140532306,,0.19448457219058782,0.32519461119180654,1.2122266412191203,0.14987579400471154,0.3622051452305,0.9135894465960814,1.0461524595878195,D,A,C
1304,1,-5.141805008972435,-0.07300571954497914,-0.11103523723353378,0.014379164280629646,-0.3026217323662389,-4.899724229311811,1.363623693855965,-1.842841010701742,,-16.54931593042806,0.32331500264248436,7.493404004192846,13.307388289341493,1.4346231712596498,1.0199728259944036,-0.19936144399841896,-0.6046689266052773,-0.16843170926287157,1.1996488367136908,0.2441533116838306,-0.24386922791141022,-0.17694931062787536,0.5538777023183453,1.2351222391269103,0.3408225541166873,C,,E
1305,1,-6.311887615641645,-0.3607830383688088,0.231155898851717,-0.05835782633199175,0.4638913669966633,-0.2784231787285061,-0.22261636799455323,0.1755432595706594,0.5177608769085431,-15.480938116621237,0.2159232841414275,-6.762981808660811,-0.6817927141739312,0.15946753132910432,-1.9137861907858245,0.049934346359031614,-0.018787334099975884,0.13244744341563025,0.7321865947763022,0.1667728709412113,0.25300250188443124,-0.26580405263936013,0.3916048340929621,1.0783243982737496,-0.20332340175956906,B,B,E
1306,4,1.4582506645398026,0.12378612346204806,-0.08558817460970321,-0.24555157698050153,0.4741816446215397,2.2845051759147017,0.02055483681842351,1.9909523228513393,0.06542191401581868,8.170388123544218,-0.09771158583103422,2.745042696350715,-5.318579430078306,-0.04457311543253807,1.3114487215550181,-0.08866328681763241,-0.14484205340358097,-0.1634103009207418,-0.6675896380585775,,0.47903668335562966,0.00945969256260192,-0.14984280228168495,3.4609300756443684,0.4487976351679062,E,B,C
1307,0,-0.6415786181462871,0.6420952523965027,-0.08473295739631773,-0.0813392031690279,0.4227094677218254,3.2067372097911906,-0.02857405620806786,0.26235473539172083,1.1803662332002103,-19.098568782078214,0.27805464098871313,1.0175432750868685,-2.59620588615259,0.9184856918184321,-3.189150442273174,1.4958398484284905,-0.05728965571971045,-0.048811733954106505,1.3210210178210247,,-0.5376256512563149,0.19794498090916798,0.08290592104706657,6.807928044233298,0.5068749826376701,F,D,E
1308,3,-4.78236340484864,0.22563588933921339,-0.012528755639776703,-0.2003911242703277,-1.7327188406886067,6.044700831266845,0.08752221289558354,0.580170682558132,,21.07026490495859,-0.08672123730049593,0.9233295426763212,-17.973408103137743,-0.567749046849458,1.388964914903115,-3.5909534458988133,-0.4283038181421951,-0.0306716037069241,0.8547448740196837,0.5203730235567675,-2.649670988307736,-0.2979608399238876,-0.4391379061097636,-3.321213011119394,-1.0660199083961628,F,B,C
1309,1,-5.023058044702022,0.4025823887028397,-0.5007483209187898,0.07235169844259094,-1.3213789560723965,-3.040149411944161,0.7337893370684297,0.41502002905628094,3.416708902866297,0.16748012804947263,0.11349652581535054,5.510616389617881,-1.1589346182673095,0.24604636326136056,2.0855472643265016,-0.28891471099877725,-0.4657469006514101,-0.24525612571253155,-0.635855677617165,0.19480133231434277,3.414675119456635,-0.035460901077399395,0.4901981452154438,-0.08735553696271588,-0.8088063080304095,E,A,C
1310,0,0.7431432773273401,0.20264390220486264,0.1155711254683375,-0.07134646600427048,-0.9346033843051045,-1.7036827666867662,1.347143906708198,-0.8381102592182674,-2.942415297761955,-9.101252550712077,-0.12984413083561067,5.080689941166475,7.591049312548181,0.6739542842743332,-0.38401661359675343,1.711524652571247,0.2540176160870429,0.05165502273840754,0.3926585944604382,-0.007392818728768314,-3.2092859199587545,0.06679536768273703,-0.07945949138431639,-3.6429098197303778,0.644775644448564,E,B,B
1311,2,-3.4282135162374563,0.17404654951624804,-0.3614240663797832,0.060796228253802716,-1.5811646803898718,4.988481164077979,-0.7140470839456231,0.5275239200043252,,,-0.4707829108906599,-1.9741795701845826,4.315621815459001,-0.7590086784651655,0.66638274577581,-0.21831848736808715,0.5017470680524223,0.13863246002521845,-0.4643517921417041,-0.3091741120212067,-1.1845547450401945,-0.1901385882799486,0.26207515419438954,0.8922966329967543,1.5070294888700457,E,C,
1312,3,-2.112663737197562,-0.1383018379439297,-0.304953851997526,0.01754731458423628,-1.5146629181267812,-7.825428748178603,1.061674447578342,-0.08600453528312983,6.3669520313563135,5.20712788432558,0.06301773265547694,-1.39008689198474,-4.422963339632236,-0.12628883197046062,3.3846925199709808,,0.37741861534679216,0.15114063284822735,0.19015867241078482,0.1599357741181014,-2.3610056847182914,-0.26062653252225737,-0.3207700104603488,5.009065884139262,0.3331880932141393,B,A,E
1313,3,-1.7291362195351287,0.2453262111542373,-0.0016988513684930383,0.06176363348138447,1.296753394970586,4.35197524182366,0.13606152058822615,1.522908831680789,0.0030495323091293478,-30.780819814456496,-0.8139449484310489,-6.139229077860177,11.03737949446945,-0.25566888717771274,1.2710649290554747,0.0322326765329757,-0.06474840579570987,0.011643753604515581,0.09321292557466383,-0.15560239387797853,-2.947159720124926,0.02065350340900505,-0.8276981734882661,6.489781537100511,-0.8671110249235872,C,B,A
1314,0,-5.569576141199359,0.10102623634224173,-0.3479218337079977,-0.016742041460604346,1.0981252306858236,1.6908929057653388,-0.43692929353397014,0.9544152067664003,-0.3726028808345898,22.143987828440295,0.15837920531681934,2.2164219849156184,-2.207972482767292,0.0029153185571483492,-2.920107782100103,-1.292914762406757,0.1856475953165865,-0.0978510793880331,0.0111249078379939,0.09487727660653887,-3.313263359660722,-0.03178067077362112,0.2620628953476136,-1.989833574133959,-0.2784256888645969,B,A,C
1315,2,1.2454470565974707,0.2758224879935509,0.14021209525667863,-0.12143955241643291,0.196183736292417,-5.526933970367196,1.0557712434356241,1.2839017615817057,0.7151910255164938,-15.871971270420378,-0.039063879216468055,-7.565659570706534,-6.287321348569367,-0.6296034721228854,-2.064698270526685,,0.6121078604757135,-0.1921885787898626,-0.24435862058522761,0.2533159985314267,-0.6195606102763035,0.1957524311108741,-0.04030742579106874,-0.2324738095588441,-0.32712837824532837,E,A,E
1316,3,-6.370575910232112,0.055905414544896996,0.20562816911414047,0.1375031715703228,-0.17296410516616062,1.4959832102063586,1.1930624090643591,-0.2876645288747874,2.0029405402347216,-4.41556631910466,0.4315028475891333,4.442520487994841,-5.35604686842401,0.14313475531492365,1.5580026499857063,0.48700244139645943,-0.2512268752726232,-0.037959061378477855,-1.1094335599878262,0.03794696196416552,-2.2558127129393664,-0.06355446439482218,-0.1642079114917985,4.705365809702321,-0.7943161354673145,A,D,A
1317,4,-2.5310102361729476,0.5449075187526753,-0.031036496763366346,-0.005057091835606993,0.03421825248556436,2.9252378915325226,1.7856734812886215,-0.4507185799510883,-3.6022104296942388,12.113059620004737,0.29751543674507064,-0.3341896822884512,-0.4411113607765047,0.0027130437478339285,-0.6302373834344145,1.308200938639597,0.033989293312406084,0.1628236945365854,0.6515074829813988,,3.6765913335346223,-0.15545827614753985,-0.5866800977715373,0.9080190131675675,0.762549475808216,E,,C
1318,2,-0.9209784514269399,-0.08182292337491842,-0.2739006650503017,-0.008012230932737506,-1.8560014551632995,3.0198143575670304,1.4587453373876664,-0.6555767783264191,,7.538251894616938,0.8117203220521834,12.241278367967796,1.5524259557147726,-0.2755792273961956,-0.5895706984065666,0.3551708032435782,0.007314958407767199,-0.18142011982338288,0.207302957592459,-0.29227554029453257,0.07580055162689547,-0.38473710165124053,0.35849036533625145,,0.5454443758446555,F,A,A
1319,4,0.5609372595975333,0.3647621502786439,0.10602987520024627,-0.08639150274294413,1.7285612430281814,2.386004095765086,0.0716014866463143,-0.25868997896255036,2.1436213629443115,8.570128977180728,-0.48555260578480713,0.8651445594124245,0.8883168644508209,-0.24708501065755753,2.7393970157968592,-1.8374118331851679,0.5630452844030589,0.036969976819860445,0.5256907603622103,0.39813316045305247,1.4978060093779157,-0.24201622842764775,-0.2612366942591792,3.719056890798961,0.4525230557052209,E,D,A
1320,4,0.6355562958434473,-0.0935135096915647,0.0655586068372546,-0.11179479200204108,-0.8778453400752395,2.6364879609895593,0.9917720975487829,-0.6196828732975527,-3.557228075703568,-5.430376920705294,-0.08582066351352678,-0.12408957777609052,-4.362158238110829,-0.5058262178177603,-1.6763570915388692,0.44193084084249684,-0.31583116961698743,-0.09728342493922444,0.5988290190091002,-0.2601407013365032,-1.922760255210481,-0.1514676239588432,-1.077192184087186,-7.146276571337837,1.527219558543824,C,D,C
1321,3,3.496377903268507,0.17940516602577694,-0.41673974401363456,0.14607260264892405,0.25084763833024787,-7.2848698160540435,-0.9471344267400477,0.7859709131780456,-2.3686581539537572,9.490917535095983,-0.3366676267507412,2.5678214639421935,8.028734440216661,-0.3926625278366798,-0.8659729653407537,0.2301702727149931,0.01787173339225804,0.13310048598931878,-0.6581426302113474,-0.22031202834131458,2.4039857479732136,-0.28933447654302863,0.28464379234559195,9.844195126784038,0.8806575362664485,C,C,C
1322,1,1.619753968772255,0.07019734615454351,0.11010801860671623,0.11121082675720743,-0.2557789054975906,7.272834236702553,-0.26036167166058977,0.6417944597082599,-4.166496317601123,-8.853381781868912,-0.29966774230070686,4.878156501861191,-2.214598180826261,0.6148270008385149,0.5021581277688708,,0.344221121557509,0.06222683826044147,0.5057325220142292,0.050065967371118326,-2.645356320751019,-0.3155900041412963,0.8653151314917441,4.300005892926543,0.7874095492827021,C,D,B
1323,3,-10.587064577036701,0.2414533852834738,0.4213742224881835,0.09420859077073954,-0.8718684005951077,7.205725806037145,2.0324359953149655,1.5596801486091778,-1.286609982143251,-3.8261178160840177,-0.10651988042473223,-2.1747300614500062,-10.84666838591814,0.6586546237823508,0.8979781296517626,-1.2907215554952942,0.8955270991678763,0.0704195055521781,-0.5983629904381041,,-1.4339474669004038,0.3147211624527614,-0.16377971276196157,1.3589828207139043,-0.8455893217243791,D,A,C
1324,4,3.0050977954334415,0.3240253217538911,-0.32826171441266494,0.08996081034785869,-0.36392591114182044,2.9277388753508835,-1.0753885828318235,1.0191265882885112,-1.4935641596292062,-15.607844972927893,0.41029817088606185,-0.525556055506302,-2.0054074497435854,-0.3188625105862321,-1.1889372931881574,0.9212128216879364,0.20982664568884113,,0.037287363779663185,0.2755743792627716,2.272451228329404,0.10548291890006184,0.020733655103190172,,0.9501722939042486,F,,
1325,4,-3.156800871183886,-0.053857959553169826,0.17180068913315746,-0.03876244570064108,-0.011770966791685862,-1.1265375495956076,0.3390571534365348,-0.2311293644931695,-4.36701742425786,-10.496824512368235,0.4984882465913842,-0.5974996988575579,-0.7584623210857514,0.021701602453867843,1.684412123147226,-0.1840584086783005,-0.08732705042275932,0.1881178387207207,-0.1602311097696762,0.09652075366657915,-2.125654394696085,-0.0516398849107591,1.001418304824511,-0.8700831015324256,0.5865578390562833,E,A,C
1326,3,4.3063973595043485,0.17845378169731027,-0.07749705889337961,0.2708847877105405,-0.3213023559310985,-4.143794940110922,1.4404911101889326,-0.5502642586954481,4.9973380625365404,1.6018777113735112,0.29121132362857255,2.5148696939123116,7.4842535874854,-0.46213657258350477,-0.05778044843340644,-0.7980238722225084,0.13393470838585,0.08016642142857103,-0.49998057856679357,-0.08038152968028739,2.9586631521964093,0.04090673549384726,-0.27411418863301046,0.5353647115607948,0.6219049747416177,F,B,C
1327,0,5.441705532283296,0.257036944390484,0.09171433173828143,-0.1752234992345376,0.3425026285825768,2.9128201515819434,1.625939090110506,1.2109091474634162,,5.357260116752456,0.3395962274669891,-2.8947313746720225,-0.4543815384550251,0.6067160893481598,-0.3750753709999232,4.348278164128236,0.05359339327231701,-0.007709204318810454,0.9630223336880543,0.23892238559403478,0.6313447771585844,0.09601109246495992,-0.48737225282291435,-4.0466604927657075,0.4640705327101596,A,A,C
1328,2,,0.13360400863483132,,-0.0928117678935277,0.8072843851096557,6.210235696013908,-2.7884203352154513,0.12236049090338079,0.38248774346791314,11.35858894212627,-0.2511529439425078,6.765086843315163,-3.974247057571838,-0.5322043893470378,-0.7730614625561902,-1.0325133704562475,-0.9986956273625545,0.2689209965876125,-0.23105227873470266,0.06502709172222085,-0.846489305030175,0.09077772364400835,-1.583687606870215,1.738793896093814,-0.6359458675562268,E,A,A
1329,4,-7.717264113405005,0.1310569787273631,0.07820482316168699,0.04811024327332916,-1.8056242212946616,-5.385080626680408,0.12270023420424142,-0.45716412007431334,-5.518699190684469,-14.683850637109204,-0.02606965865644581,-1.2394997341026612,-3.1835216964559785,-0.44526071547317325,0.06667813917429707,0.8946880199257802,0.39951764550587315,-0.19667390974967755,0.06388187510219474,0.19554787421316944,-2.196383672683709,-0.0626695408507583,0.5664008652891277,-3.8085306665218663,-0.03923106779351665,C,B,B
1330,2,10.297751565008301,-0.22609875337338553,-0.3849907275030055,-0.07199965328336279,0.7401225420564502,-8.337861549707075,-0.5060943251154041,0.653396446996164,7.524786118257736,-28.909766744428904,0.05832297495700447,-8.690568975723536,4.3618006579507,-0.5410989049540119,-1.0366708095522572,2.284578956604341,0.2531677058656888,-0.11075291602962334,-0.5140568802663754,0.9275885391162099,-5.734916799240548,-0.559712200474698,-0.029285705337721,,-0.40317324764410767,D,D,C
1331,3,5.17820870336154,0.4597933100042759,0.11823470105777019,-0.1677609784703516,-0.23062230790297653,-5.261951142016458,-1.0173669042260458,-0.6930040797273763,-0.5941414230686654,11.561660331289204,-0.06485507728536753,7.32316248868609,-5.675271967092263,0.25844147376166104,1.2325833051073065,-0.36174119456944553,-1.4772342019204914,-0.08671772470700283,-0.6647016103854034,0.059103337003490214,2.528967447507448,0.12113675628018405,-0.5194730133907861,-6.625297547583788,0.14052297111709952,D,,E
1332,3,-0.567730222479024,-0.5846935274175392,-0.38393833157522894,-0.11863846689409004,0.6000204789430476,-3.819468858091458,0.864882126457768,0.6229686452398292,3.41504514553617,-8.85228087160074,0.8081332854232143,-1.7715940663004395,5.012607744124814,0.36928842016761426,-3.3139133175514206,-2.501573862948615,-0.17835925993074,0.10264414862613973,0.2145230559075447,0.030437925747721035,-1.9689549058148286,0.33686648607069153,-0.1714034855266625,-2.8638571672148014,-1.4465384155082417,C,C,E
1333,3,-2.9440316217362357,-0.23834017315151346,0.270039602065034,0.10920182533196339,0.3167659337385495,-0.7378105785837047,-0.22079685193409015,-0.10639593570641712,,-0.6192442128896664,0.3407082657234374,2.0851500934101956,3.401618179222166,0.9151461593982544,1.1240737521274227,,0.32943412533985533,0.004651748893606455,0.11139899544126651,0.038593181881819996,1.277269791872291,0.05815187112261698,0.1866063596724283,3.1936939801510387,-0.2023455984008948,A,,E
1334,3,1.188957150912267,0.35339863796298604,0.06996030810211364,0.07376940136817318,-0.4621169698097909,5.12610651802059,-0.5269899535472233,1.2852487777602295,-2.6084768378667365,8.49458889275857,0.3320351015500468,-2.0376099524720055,-4.137445147627902,0.9894284545074071,-1.022303395325665,-1.426540315159613,0.2790619349299926,-0.27709295936680267,-0.6614225646500389,-0.16943428887794987,0.15624438527027018,0.010171131291685218,-0.41791155903081645,2.3124081388981708,-0.030573668121578388,A,A,B
1335,1,-4.587143823931034,0.6671746979808288,-0.14290942291263406,0.17493009528064604,0.6570620477044029,2.563624077757076,0.5464232544091567,-1.65174006242708,-5.572486323713183,3.6172119229975723,0.5599251959816056,4.806427509714011,-3.9425600758752655,-0.9266201298096818,-0.00936114791811328,3.366658832528191,-0.5384599267989482,-0.04624508535156393,0.8750906469831913,0.07117829630893084,-1.692971754747514,0.15621346209218007,0.264753969736784,,-0.5080622209679849,B,D,E
1336,3,4.885442355174542,0.0454455972917197,-0.4464352235848693,0.007887803813626252,-1.3935346239967197,-7.4118525959849,0.986224583522749,1.027350150335908,-2.7876304320840073,-18.98403578832018,-0.09757333565552057,-6.079329677686738,2.6688019513547223,0.17757141518101038,-1.5039379374214479,0.5170189746315016,-0.014722091032217024,,0.606676307026539,-0.3251655399076625,0.6917927363770807,0.09902638685473301,0.283599016823444,4.836679445760787,0.01880325225964424,B,B,E
1337,3,2.733655563842302,0.5441365879003146,-0.3051539277640494,0.15791812360996463,-1.0793667544133214,-8.744546795812866,0.18392362692307565,0.2661886369530433,2.872605649263369,-7.950069420865908,0.4842494942814601,0.694836135164774,8.551044962967984,-0.810944937814429,-0.7037589600899123,0.058397550843735296,0.15878330220045028,0.052622822010861166,-0.7525436223459019,-0.19546701714993456,-0.3042326350768934,0.15803527504441778,-0.2829358451344474,-3.9144355810037945,0.32924329758113774,E,A,A
1338,0,3.062491574134616,-0.24351007450499465,0.3536573264133111,-0.0340699482892799,-0.8514076424636586,-0.28479085576660984,-0.23417760972546414,0.3559592783286556,0.9091701223300047,,-0.2844138597889642,-0.3619332563110528,3.9923972684660693,0.14771893314148876,0.5451384190469576,-1.8720546589528053,-0.19422065864479293,-0.19475688092919816,0.3048295328426622,-0.22120115339985086,2.013906974967031,0.15022492091591458,-0.4821564772103085,-0.1828317637615505,0.5587115036130496,E,,B
1339,0,-3.848929809086738,0.05573229756766812,-0.5997659636462013,0.12338365295892331,1.714395373020221,-2.9581592998907618,1.6145679802470485,1.265845147716416,0.40067055222433523,,-0.6244205174443412,3.3007600720097536,0.2693426577845871,1.2498968456112631,-1.3711163535948843,0.7894985096968233,0.0894017958074018,0.11583808613834641,-0.06062135684949646,0.11159021764870429,-1.4337218684101323,-0.3007124220156866,-0.39467499623279984,-2.7762515293511996,-0.361235036422614,A,A,
1340,2,-3.6581479169889235,-0.043064329480299736,0.11735228634613157,0.008305252597355194,0.7909550876757008,-3.229291453939444,-0.2586120445374597,-0.8727608395701035,-2.3643281579767725,,-0.1634630199284899,-8.33717916399955,0.35550785837802334,0.19434175540337537,0.17384354205575334,-1.2646190846680183,-0.2525347532403038,-0.03758882695904215,-0.0074771243798294135,-0.08991000669538617,2.3641587412684015,-0.17686088428250424,0.16582641100791187,,-0.4200738112914655,E,A,E
1341,4,3.4619989454953886,0.25284126489401026,0.279497812288913,0.036122847009745454,1.4220258554828047,-3.5681931696360802,-0.7854378530529719,0.8002722144965674,5.434359429915046,-12.295102190360158,0.3140817434867957,-2.543260566555238,1.035475103608733,-0.7379788375836122,-0.33491065676678955,-1.3001903391136678,0.011726525204870001,-0.00708600263359561,-0.308727588544567,0.10778811117868495,-2.005804748807965,-0.610295387947826,-0.8050606545613798,-1.8838975316008755,0.29080012021216606,F,C,D
1342,0,-1.391705917159968,0.47671473289427957,-0.24033279602523755,-0.03484984818300484,1.1767765435817346,-4.045655180847772,0.5828395354844299,0.9206410857312586,,-10.91590194908933,-0.1535550062062581,1.6576022398389676,3.5845194461696073,0.3793201424068573,1.336088798222926,-1.0776672326963104,-0.4842205219924302,0.11027223280556225,0.3693564593047873,0.4652573710299506,1.8712889919140412,0.14638912439910898,-0.6570825906495006,3.682853221062836,-1.2910449886949966,D,A,C
1343,4,6.720052087689972,-0.09560478624093383,0.007220461086600199,-0.01892672425009052,0.33084202385702105,-1.5105218444891146,0.4328302687961591,-0.6982448176285558,-2.5015536845591884,-20.865321665579156,0.45619748472234206,-1.6775423982598427,1.2692926104539235,0.6505211013604331,-1.0325090111527004,,-0.2177657455129107,-0.0962597950681396,1.2078875043588668,-0.025911603002647384,-3.232450491194115,-0.02085315501558622,0.44509974315901735,-1.6015726108768638,0.8948872066169057,E,C,A
1344,2,0.6585551487510688,-0.2435939480714532,0.4087536898531987,-0.16715912906597816,0.5697455238792963,2.5201998334176205,-0.953320831943072,-0.45779582515543327,2.784085797518969,,0.49218654273888496,1.2058585229490593,3.270601289247612,-0.07938283167298726,0.9430722177689229,0.7269925925566566,0.1973571371701648,-0.05472004672016559,1.1628694851773298,0.33789145649287516,-1.582406664732264,-0.09381466550628562,0.5284958072868149,-3.973580353686719,-0.40444589376435996,E,D,
1345,4,-7.183467122997069,0.1716000298780538,-0.0314212876775275,-0.019591617945961325,-0.9183909227205584,2.644607333212855,-0.7322494149176091,0.6934281925525047,,1.7700820607121857,0.4752582503636555,-1.9666622465133694,5.379950618898008,0.3909241706033187,-1.2488717630940278,1.1199698690756437,-0.38149838772969424,0.010443018044637636,0.38835662911354246,0.11603795276338377,-0.40444814686230024,-0.07636277156705132,-0.6989814819120488,-6.365466590666099,0.8197536138826118,B,D,A
1346,2,6.176793637815606,-0.09042185454074278,0.06853769943181638,-0.1668701122180252,-0.9885960127110549,8.409660641617391,0.0781554265230315,-0.10378584925083367,0.20034466327941436,2.3809082562968897,-0.16063379373806627,5.528658893832986,-2.192060853974222,-0.07341928634943545,3.215679157902468,0.2636124511162219,0.0602238963194657,-0.2586985492580827,-0.1369737049971916,0.11715020684719898,-0.5181849406049245,0.4069015101996552,0.006663791213942897,-4.115799661231497,-0.8991215799123178,C,C,C
1347,3,-1.9981819987981537,0.2947810967658295,0.19243756992029565,0.03599879366497729,0.6377966135025045,5.470294276113403,-1.3893371775029981,1.8732042447755188,0.36068885148735114,-6.687919765024679,-0.06686335098691121,-3.488887525135986,-8.181430325934075,0.5132653853321918,1.5210552773770416,-1.967675571492043,-0.39206686507423927,0.2034195796963075,-0.5284589870856582,,1.580641583019728,0.10286354912344567,-0.20580281064740974,2.9347979028252156,-0.5304163110153233,A,B,A
1348,4,-4.894482846882199,-0.12831910480595304,0.2854758078745766,0.23945510266938522,2.5852937722841776,-0.5528433607217116,0.007562172589604714,2.702673175271501,-0.4782663100481813,0.8565232981777571,0.03089054896687397,7.361158678113869,-5.659625584864297,0.2021557391740893,-0.06844277535721874,-1.5140979747660035,0.46936995660814773,0.11011779339469874,0.8624858073194956,-0.009781772426218591,1.8001171019486522,0.08423020072117594,0.9320382155747673,-0.10683077221369437,-0.14434323876042437,B,C,A
1349,1,4.943833564055716,-0.05593764948573658,0.11393772377640952,0.002217971469492249,0.7321495178093163,-0.26128041662296386,0.6113328141641253,-0.9817023592491485,0.5746132762761699,-10.380921194750275,-0.0893849492246668,3.261321633405066,5.381529524032601,-0.510553166748865,2.5454429052240273,1.5872418009035834,-0.7720284091268798,0.006639425013532026,0.9485385812890691,0.2035575304813841,-1.2290231347967482,-0.03588891529541741,0.1809603586861861,1.6314279247464376,-1.195597815248377,C,B,B
1350,3,-3.6703410891007695,-0.3064886648883123,0.0014860005874922253,-0.10675227843339272,2.6082202635526137,-2.1742348060265635,0.5107271573865315,-0.1441617892909835,1.5862414212053215,6.029775230163727,-0.9379434220711168,-0.07222943556161661,2.5531118408629694,-0.8989948192446034,-2.58621350379455,-0.21848452102397797,0.5089183520426345,0.11249559348227128,-0.4700549751349136,-0.348906812870405,3.6522924959881093,-0.6000783804745715,0.48919842269499,1.2407787700984825,0.6688329947215723,C,A,A
1351,0,4.4485137310351766,0.6701402398998673,0.0559464568602111,0.0010887882524272072,-0.510607949580477,2.8943056804675518,-0.4606486871681586,-0.841569805304837,0.5923920753286134,-13.158878111343874,0.1769522832131615,1.8784841738205342,7.511487062826741,1.038965139680727,-0.6096256759745703,1.9700582634635855,-0.0020882270394275045,0.07598765578758092,0.6239997206983249,0.37608997417576023,-2.184446116187722,0.11392303522657245,0.2026926592925628,-0.9815084059370485,0.6336561184742248,E,A,A
1352,3,7.6066102160174465,0.2974994868346763,-0.24176833370928033,-0.09669287137578915,-0.5874819384697245,-8.926980057438204,1.7513259271010124,-1.0945180241274997,2.429502601847594,-8.597330715194008,-0.001982614587866781,0.34430247116143836,5.437896940298631,-0.45710580941004014,-0.5730831308069191,0.2907245639413699,0.22189463562185072,-0.26785799781652864,-0.593908483162557,-0.0932553914429122,2.853060749029148,0.21309720608602598,-0.09410411051304939,3.2835116188935514,0.9941748749326249,D,D,C
1353,2,-3.2037840949080003,0.32428804510476983,-0.20872571285139763,0.05432497944472097,-0.6990939489150679,11.65422388927514,0.43399208486473323,0.4764201557889789,-0.18232806727426054,16.529636484953325,-0.26258104803203786,-1.3069090115003017,3.3849512614983612,1.3158413493121466,-0.5614732395687133,-3.1270840491192837,-0.6702528640702711,-0.0662301169673867,1.1063092533733296,-0.3431165161452694,-1.850097410236186,0.22545531541000874,0.24644571661906914,,-0.5506985820854579,B,A,A
1354,0,0.552114491379083,0.14318103277075386,0.031072533157580493,-0.0941116986304805,0.42381441971437556,-6.401980394344459,-1.5731318691585667,-0.5143241113307159,3.2542077753019196,,0.5411494677539144,-6.253355910182022,-2.745626260355469,-0.12617269848196186,-1.347401494362786,-0.22880801353192565,0.5257956268887437,,-0.21961599625828765,-0.13699937081523064,-2.2203972524037847,-0.24815675758003092,0.027789382484627305,,-1.2637222729453503,D,A,D
1355,0,0.5944109230615978,0.051243674842374215,0.08886145709826124,-0.17579693502289623,-0.25337905491227763,1.4580781562391607,0.2052769151234995,-0.6197938178391109,-0.8429365229634932,27.38247151906954,0.45452344066923606,-1.07865194037071,6.665620185392556,1.0729530037416555,-0.44545959751009134,-0.8843170323105982,-0.41849857640770194,-0.13764929637179676,0.5561691909305787,0.5321370146298117,2.00291143452277,-0.20858839094695672,-0.8925141543213062,0.34194627705193514,-0.7771665351747963,A,A,
1356,2,10.094597579722565,0.5867956273484023,-0.22056690445987215,-0.04946266685558722,-1.1294957881146086,-5.780112826570247,-1.1512039962288416,-0.5005970433050603,1.3230928634201964,14.119343050107172,0.5061624952452662,-5.3261136973542635,2.30421064577221,-0.3704698017924515,-0.46706729565269084,,0.3851659264634694,0.25381560604778336,0.5108648983115193,-0.10422250441949925,-0.21074181388610974,-0.15771786479056316,-0.9359372342364248,1.7616684233457311,0.6079678231963919,C,D,C
1357,0,5.373419476621609,0.21159480234562336,-0.3365754438322771,-0.04711026464606786,-0.3158344385386058,0.07282148235153994,-0.2142220649314621,1.9933192086199087,-1.614296751296607,0.3495003578836553,-0.2575790803874667,2.241096518252772,-2.6709887218125785,-0.3483667555664046,2.7136322968590147,-1.8431933516656356,-0.20696549901852407,-0.17031075160711795,-0.20754257683272134,-0.17243679345921498,-3.804728626270746,0.23291897125846436,0.2324582451322791,-3.317006475717562,-0.6558164484979404,A,A,A
1358,4,-1.3373145821869978,0.3442599304031154,0.08032299945318147,-0.08378677671439724,0.16516571603426514,0.01238953085283662,-1.2295558773215798,-1.2105234042749078,0.48235203478476585,,-0.09561554043528228,1.424119921836737,0.8146353526253663,1.303375881689899,0.7488905243351635,-0.927084109302175,-0.06681009289996022,0.23995252788002155,0.6740704088090947,-0.16114424982374537,0.28289116295247846,-0.08393091294597503,1.0889497343413075,5.654503791714951,0.1765192164236213,C,D,A
1359,0,,-0.13329479622542462,-0.13138933322764604,0.09165069963845833,-0.4423727657848419,5.121691677821564,0.2037593868047109,-0.9446847703204193,1.1796795113553287,-15.647348725395815,-0.14556912323669569,-6.788473304542214,3.990101005727927,0.12888048208614186,-1.2883369520231103,,-0.11333666390601571,-0.2141807854002761,0.2837509643026548,-0.1336780692740261,0.8027950860325211,0.3667079522195551,-0.41152886402802336,1.1128115869745376,-0.413309855031084,F,A,
1360,4,-3.728307501974823,-0.0655221133363752,0.26217550877169615,0.03120540881497713,-0.2863700743036776,-0.5933768824885879,1.0356499650473543,-1.1291310004572859,-2.1664704869298017,4.058774136739924,-0.06548938212906037,3.4894223445073833,-1.1811752611105524,-0.18808280651994347,-1.9391709758910443,-1.2873341104164513,-0.1211207814158673,0.08501569348651107,-0.38713964967380793,0.26548294466781164,-2.396915846624785,0.1210323138579056,0.26519980770447704,-5.55389719717744,1.0148250061758561,E,B,D
1361,4,0.3960295436481398,-0.36836408893642186,0.45540334067137744,0.1129885514558418,0.1162445256678698,-4.89246768584516,-1.4707852635951366,-0.7493689247950298,-0.8655710569695567,16.395859889436803,0.7035636945820443,5.96233386466758,0.35818796872010017,-0.7535750223252154,0.2698317900843504,-0.4308579939836324,-0.6525689057772275,,0.4402983126478358,-0.34067590541981696,-3.0906351342829286,0.20333488228454313,-0.07084455044991037,-4.727519639056112,0.519650137506989,D,A,
1362,4,2.8176674792239513,-0.40451080798093997,-0.05649973669338568,-0.07428102460291874,-0.15477619721597446,-6.084144985438401,1.3123551700766327,1.2978348565403726,0.4532506224182685,-27.597443758377125,0.1602605489020616,-1.029546311864077,-11.617233447661016,-0.24312258252684313,-1.45459359835574,-0.2055344572896369,-0.0032390913506742396,0.056467734832075935,0.11750673401812511,-0.34414297504427327,1.0160373536863587,-0.07422297363004707,0.5031752563004375,3.764330264970237,-0.6889637243944328,E,B,C
1363,4,4.399133582452836,0.023534020579490562,-0.1383438512442445,-0.08443363080232812,-0.6739642909581361,0.18554071173992184,-0.6794563744913842,-0.17865308889816847,,-24.71346092829268,-0.009048025182270998,1.547377700205733,-3.757448994092989,0.4669787133919939,1.5597012500726595,1.7343475899316712,0.06654420006298375,0.08347344344973223,-0.4797258646311455,,3.1953737894763994,-0.15917056823257428,0.8148496323040383,-0.594656874971849,0.8310347622382819,A,D,A
1364,0,-3.098144666995283,0.4085713865424146,-0.2969053593128914,0.04919609119728586,0.9779469931876004,3.9720331516152525,1.635221704322871,1.509703708075081,-0.5913608752727993,8.623697262367434,0.18922081599620355,1.1844053339070661,1.1083919014278927,0.9210519131371591,1.3007777458380776,-0.5592245378141542,-0.056882086442113296,0.009118608219439031,0.7804834861141663,0.1271994201228009,-0.3281581093443559,0.17242191275895477,-1.244535282807552,-2.363687224991854,-1.2681737238664952,E,A,C
1365,1,-16.48394369194542,0.3327426125743121,0.25229754362654766,0.05703160864029842,-1.2430042987358825,-2.92266178545728,0.6570331257458054,0.04811751854577125,0.7947144899839516,26.682672500812266,0.10845874847594801,-3.985827347482299,-9.704923978096504,0.1511586573070379,2.0018795082345493,3.119777700947357,-0.24840959839637955,0.000393118578467189,-0.9166597714154526,0.08034074355652704,-4.5338596804096944,-0.035309403770208206,0.2517996326563488,4.538281886483384,-1.4525023950640696,D,B,C
1366,3,-6.318581809105563,0.0951071977402634,0.16202325219509803,-0.22225651847749928,1.2643888540462396,-3.0463981069871395,0.2814578426228224,-0.3791738341770396,2.967635690634284,16.697936323059956,0.5186298548094144,5.859754123567506,0.39889320653173305,-0.5142912195397663,-1.2250732511958342,2.492556374888936,-0.13649981229048327,0.05009725718011923,0.6468520892567199,-0.18936167968567025,-0.7721186114109355,0.21598473464996842,0.38035876111181893,0.9949480710480052,1.5480772718954265,A,,A
1367,3,6.300029117857957,0.05173086308533998,-0.17106760768856394,0.03596444714460698,-0.059133153558586,-3.437366198665299,0.43292791509504686,0.09015855142841699,2.642922527628464,1.0045180862899628,-0.306795103520377,9.6994130140281,1.4089231940999405,0.2470801721924582,-1.309887620922026,-2.180735015776055,0.0029048050519694738,-0.00017446434052199823,-0.08284049494119275,-0.09942276424256355,1.4356131939633228,0.22613078301231998,0.31703264012333177,5.507438315317462,0.8429789468741316,E,D,C
1368,4,-2.473362043214253,-0.06161833394075896,0.09924371014351369,-0.02249935032575473,0.6481368922045159,2.714930094905878,-1.4841275459580257,0.11069534472415177,0.6280091189487322,13.583745729817199,0.19400954440938079,3.2500257610306127,2.768646770635944,-1.058657503343752,0.09303552824687542,,-0.4950730025353671,-0.0017665193907096387,-0.08894050599397439,-0.21617248091663877,1.5613739858981648,0.04886409333076234,0.1835341745763886,0.526689342535042,0.1634065847982642,B,,A
1369,3,3.1617130966952107,0.5480595675680654,-0.6628606708553902,-0.011263953725112885,2.2536130238218877,6.15547863497336,-0.271834254653469,0.588607779228704,1.3129969565662356,17.77295637030242,0.35098739371057347,1.8755458068598347,4.780126472993293,0.5759021428415926,-0.2938844163047118,0.9733281510520844,-0.708527192591213,-0.011493939091854883,0.8496413900896764,0.3848942366424816,1.4471897295447542,-0.058802624291239246,0.03130955029601352,-0.11128318075961716,0.7948523492236802,F,B,A
1370,2,,0.1849783340998149,0.5256629611559752,-0.12165804155635793,-0.029125309096923135,-7.557050286957314,0.665467937647429,-0.15096585404041452,7.691725243759049,,0.217097686883748,0.4435036563061836,-6.437198949958679,0.15518516531713292,-1.4681479107562743,-0.9500976730604187,0.055622664335377124,0.1272468559876265,0.21023634448136722,-0.3034519035925737,2.2685231789628384,-0.07635893466366178,0.1506103016118144,0.3071141282517448,-0.18631194400936804,A,D,E
1371,4,0.4789936055461987,0.010662311806427287,-0.025713452718130744,-0.08213101300360517,0.5772226456359524,1.216902952706543,-0.14881659501435693,-0.07594999589636285,,-29.024060473757768,0.3749997148771157,-8.351467511328531,7.307314784729622,-0.7011900320743751,0.008840585031671346,0.611023005839117,0.4372481274778157,0.007658784751308812,-0.2909273925040995,0.02377787199011517,-1.0055387088129093,-0.21545974558493008,-0.2730135440199892,4.168194771519156,-0.7508231689345085,C,D,B
1372,2,10.124592846761933,-0.23050694205678904,0.43087667317510864,0.1765103692553724,-0.35821296531280106,-1.2772996185558523,-0.9390954896522805,-0.955279712859023,-0.5077320618268505,-8.168244633512332,-0.4084764871787874,6.669610809247904,-0.03943423919436862,1.1629886968528744,-0.19696100925416068,1.6834210646410628,0.18024297375770937,-0.12635149747287128,-0.02613851129328039,0.3698919833167452,0.27596139018047616,0.06492742007714851,0.8221575917728068,3.2856680982642303,-0.2913998237885358,E,D,
1373,1,-5.193650964899639,-0.5912917028265154,-0.08840213499647696,-0.022176313877595277,1.1813546463300806,-5.019053125630533,-0.8778848312510203,1.160598439016702,,-21.748013660433557,0.003633557505429254,-8.29120938019884,7.257084207047052,0.7493147735316006,0.49900888765037066,-0.03914831223782935,-0.17015271573069676,-0.13599500547359328,0.06258649775818884,-0.3986713996151532,0.4185033546475492,0.36678253381899706,0.18865767829194546,1.6537160425707889,-0.21098169104096814,E,A,A
1374,2,7.653193008957452,0.6840354244846959,0.15165260864705835,-0.015400176425853233,-0.034408577566074655,-0.2578427050701151,-0.36630604802642186,0.19041780945520922,-5.378616069745929,15.71553795716366,-0.21761490560166802,-4.105146694293895,-4.698876736455793,-0.3960174312708692,-0.013798851873721738,-2.8648546254036322,-0.27231714890969266,0.10315888249523657,-0.0240921236713615,0.620010959804553,-1.508956640859553,0.050590760111433916,-0.662262972012304,-0.023662832341184777,0.196795311942572,E,C,
1375,4,,0.05338063482975697,0.003074868544388353,-0.19838719442247302,0.8480546963159001,-3.416228387729866,3.1070984025089055,0.3134645228583274,1.0338165432501134,-1.5140619460394302,0.00990646482578368,-2.2271754877758205,-2.733831188721656,0.21389525797992093,-2.9466934483690226,,0.19076012360243857,-0.03433161436358168,-0.5997927877666224,-0.05928352130043498,-0.7648720656347723,-0.07942289346235926,-0.44432461857766037,-0.7661878832929898,-0.3594314045882041,B,D,B
1376,1,5.708721686774205,-0.21488611090919651,,0.024155661141739542,-1.8564802618059664,10.124491064899699,1.3106135762683837,0.03472992220710302,5.996264357023714,-2.1093826997906984,-0.11235523453786224,-1.7693315435619008,-2.341239249157138,0.4289182198096067,0.5369290511910889,-0.36470250216271194,0.7308963087825282,0.09846403844530016,0.6305167196832296,0.2568490150797986,2.5112076317249845,0.03513715250326377,0.40351456379811673,2.0454864418402,-0.2143050654634844,B,A,
1377,2,-3.2196514978905295,0.05238330849420765,0.26368579505622713,0.026952182781974504,0.19781447197567192,-1.559958605759827,-3.091434298924536,-2.176790814279202,3.312850474127788,2.8317344517999743,0.22341171695120368,13.924906272204277,-0.8620502861790004,-1.2327574926029141,0.3359274783065595,0.3096359708741217,-0.1719882482706809,0.08007432205053594,1.2364458043446194,0.37345674636342985,-2.851536533067055,0.2520955635063971,1.539919234003822,-10.011642494999736,-0.31753201387085356,F,A,A
1378,0,-1.7477119656567606,-0.20652506711061863,-0.0898158575290736,0.021200015005846496,-0.21432406798941203,1.9110932102061828,3.013857408210434,0.8380623846508766,5.683824858552112,5.764534973650523,0.07190035228253633,-3.093540463813841,-12.955829433380734,-0.9115519532254007,0.07797210663743634,-2.578538584936688,0.7680748144360693,0.058513826748504284,-0.6391601884351911,-0.466262496627987,-2.7084393672309233,-0.2310945721446259,0.1293524225160707,-2.4898136106357303,-0.30503371403899854,C,A,A
1379,4,-0.565199769090927,0.09354844079242707,0.11288070700175011,-0.01261987435598816,1.8276423599912008,-4.960810832621919,1.7660874672522422,1.8556662462113713,4.163110015311761,-21.897610699675443,0.08732786174776795,1.9752536064819521,-9.667268685119966,0.020367902404320955,-1.2864324347440679,-0.35691473439541893,0.2934296068472668,-0.030541578633172813,-1.034803320596325,0.08513853300328962,0.18913593042280072,-0.22636360037282977,0.6007677420656993,-2.6836436455718737,0.07309486283813899,E,A,
1380,0,,-0.01015050214811057,0.31488196518268907,0.17553188631076067,-0.0969936412023798,-4.1680154046664795,2.1850554673599687,0.948703603221554,,-9.071451887041597,-0.20411744348161423,8.42903174180915,7.580656945596722,-0.5535484510128524,-2.0666627383170018,1.9818322135477429,0.36396276012191114,0.0023776673931835894,0.11460037407567356,0.06503322441566795,0.8402371735691694,0.08446080593622686,0.17223350629124098,0.9782157781780302,-1.1008150582998644,B,A,D
1381,1,-4.3038791125118445,-0.08302684078072646,0.1604815650016624,0.06550620453606942,-1.151592239294124,-5.56754580614127,-1.5031729279040942,0.779321768891989,-0.8070247097734512,16.035096025144913,0.07721534479456198,-3.021079984020012,-5.605974356209329,0.5749048550822649,0.7769992340527198,-0.9611654011006581,0.4299742930421174,0.13570528565727802,0.03609912391036584,0.0381840983103548,0.10289085679763947,0.13054865029920704,0.34256994032070015,1.8703003066701078,0.36800125467097033,A,A,A
1382,2,1.7317574106014926,0.3915994270911666,0.359932903083322,0.09133812383211863,-0.6424942112086294,2.2112740963215107,1.6690046413693411,0.1504947753309487,-3.892487211053523,11.091114005047453,0.18170895491458608,0.30805514657377625,8.3283201487662,-0.010395770606475974,1.1329786957466121,-0.7833789862249777,0.5224262980770659,,-0.06305839714165945,0.055455716557975515,-0.018006120590664212,-0.20510249279794893,0.7094766162392802,-4.4082799780008,0.12496798905219665,E,C,B
1383,2,10.053574216940842,0.10789727994968917,0.32513970615868854,0.17828658628200952,-0.09222704560493514,0.5773793607937151,-0.8854029910741331,0.3272271544145258,-2.515767475467111,-8.577862595809282,-0.21031817757093885,2.9987293359832776,6.432781759153193,-0.40397233851306263,-0.1936318269704979,0.45753573620454246,0.3283070063492505,-0.12782979479458503,0.5779564182063424,-0.02443443842247127,-0.22676434781525245,0.1582118659087413,0.26849025059742804,,1.0050656539002587,E,C,
1384,3,-3.5556311020552123,-0.06394573255730626,0.5810530772377678,0.1496819701879432,0.3737169795256448,8.571342512062753,0.6259710071584278,-0.491048154367287,1.9256257616106636,25.867010108452536,0.43359558574666424,7.276108472549471,-8.378855092695513,1.0506672017500067,2.1220080882839842,-0.2018427376646254,0.245699834220389,,-0.37323815253839804,0.3028183081434728,0.9109296862502816,0.5551139426636731,1.0989587441811421,1.4868059891471823,0.011378658118809996,E,D,E
1385,2,2.484790102437242,0.09620316519960849,-0.24179156916905792,0.17452513665866706,-0.17696839818466606,-3.7732149203257155,1.5164299944923658,-1.9606249651281136,-5.411194691450004,-1.1561388787304712,0.29083544494546326,1.8967117376811147,-20.057457679040528,-0.3497758439952691,1.760776952767694,2.5179328619875174,0.3584581059351538,0.01248438836942235,0.19967009184662574,0.2522440331514497,2.1706355636050163,-0.24242170749853806,-1.7720955089293122,-2.19270973195806,1.0301349873502137,D,B,C
1386,2,2.4552564555680316,0.5524993766894094,0.1631290051353103,-0.15976648687190764,-1.1130143336309315,-2.612014540620895,0.5817767515014712,1.2671805342513085,4.578077905900825,16.263332113817416,-0.12627502033456525,1.8085706370013575,-7.414241530347107,0.2879631500597726,0.053328242405255175,1.2332514590321855,0.38065728302076157,0.029314628513660256,-0.24027171098990904,-0.09615384364232847,0.8372295997746421,0.1854586244131333,-0.2338337324743539,-0.3356352474754833,-0.2866192546330927,B,B,D
1387,4,-4.53737936899734,-0.17144000707563242,-0.022998338469783414,-0.08201011972500023,-0.3927669186346539,-0.0735261881804153,-0.26592226013949044,0.38085772819984703,4.032623508121122,,-0.06996008571774912,-6.5045434318074085,1.1610755754066149,0.056678157113514996,2.368972624924584,0.980379430505697,-0.545585771406047,-0.01433931974962198,-0.19444443152095772,0.39001424165043547,-0.7079324821690949,0.07307600151845138,0.13516364549744464,-5.561193479942747,1.150612198112052,C,A,A
1388,4,12.035451103501817,0.45898900246129737,0.07813973301861765,-0.06094907158132872,-0.7028974233615706,-0.12498158880589558,1.6869136208279505,0.25190880454814135,1.757481877638225,,0.008859589977205472,7.516271401033356,0.39016406431740414,0.8743719052535474,-2.985957282744719,1.4077920091494807,0.14443209525046766,-0.13487006989840353,-0.3234388661535057,-0.009183295458494223,1.4932886153416487,0.2161026922970697,0.5614075368990844,3.4957876241795223,0.8837610225444095,D,A,A
1389,4,-9.109002863240136,-0.2027078815249847,0.2959915649542556,0.009327520039427294,1.859572160548593,-9.411467336393319,0.30280075865888195,0.6337156408629936,,10.787873669220408,0.10995129285113743,-4.381864954150235,-7.582787305629412,-0.44066789691171715,-1.8012646560380288,-2.402072024971133,0.12194559208031866,0.04622130762412166,0.3593029403926362,0.13193433115540557,0.14003352876742547,-0.11726581651931622,0.629772984038723,-9.524258719412922,-0.47497781763844277,E,A,E
1390,1,8.989450084224911,-0.08106139808967747,0.428950357557605,-0.036161086743351334,-1.650000136305087,-8.08516648854278,0.9201394469832418,-0.6941395742001335,-3.0620398195263148,-15.942466111728184,0.14534788347207847,-3.21352407932044,6.933653396299349,-0.7012690815312526,-3.4659216879562798,2.317087556069271,-0.47592968155335064,0.176003923165269,-0.6450968790008732,-0.2398049510333424,-0.8627436164998423,-0.18988887046239866,-0.6540246780617432,-1.65673097645624,0.9286908366337296,A,B,C
1391,2,-2.5560532536932024,-0.20423425233524747,0.06553855574765596,-0.05927254312631043,-1.5644996691913458,4.093443759295782,0.6144573102759799,-1.0541901408107017,-1.4101399792583642,2.0356108621544027,0.21853607709306488,2.0694535013281303,3.72127044776847,1.0737953441669894,0.36820675995368607,2.7953978759602203,0.17157597245727782,0.14079489324542072,0.7083633309620058,-0.2350537835735683,-3.5205220321841457,0.018782923643774818,0.40273001189768526,3.4137105011075173,-0.29424587829627047,E,A,E
1392,0,,0.49530038156326905,-0.49864683617310895,0.0867609572675771,-1.363104744899994,1.096828525253913,-0.5540848346272262,-0.2985523350704638,-6.070754307533799,-15.862989790590342,0.2979027296693656,-0.8280920062374435,-6.182633919438506,-0.012015111956608406,0.05406571219879072,-1.294408305730493,0.2625767686701044,0.06767771417004069,1.2059605113002163,0.028417415883948485,-2.842483541503107,-0.08970863260482162,0.23906253157436802,1.8584333400038964,0.014528372601359136,E,A,A
1393,0,1.2667215447482139,-0.12565645142083406,0.14391522559991599,-0.007840135199481343,-0.6337023468623921,1.089469850179796,0.029918672315565477,0.09108638944829318,,-11.092188006894258,0.03029239932600575,1.4136605089956404,-1.739840638498298,-0.3057932604423156,-0.11856896949779686,,-0.13935190915898096,-0.037441774842758256,0.024101118675750058,-0.09450506281843461,-1.3200213219466068,-0.5736105497230386,0.7421203302737218,-2.9093301563645646,-0.28200092092676726,E,,
1394,2,3.8708709623704203,0.2197303093210082,0.19210764502280636,0.05012508653428602,-1.1576794169132494,-3.708497427367559,0.9900140265963027,0.5175679569577994,0.7616907764427188,-8.560785899052066,0.6375193968295058,-0.5051409741375467,-2.418977212886981,-0.2910231173022155,1.2444216774409083,,0.23152631073707708,-0.08984623269621425,0.5668918351891722,-0.19168783845807033,0.27040195632498676,-0.19503193097633664,0.7190743574628093,6.1564401664107775,0.7252051761186602,B,A,E
1395,2,6.987203829216887,0.3687416537769651,0.1429856737407079,-0.17127195861293343,-0.9277857877966756,5.036897723126647,0.43294085792202297,0.44401679043484166,7.216349609895931,13.399339744329415,-0.15430365694089276,-13.089460143720641,-5.345150595685929,0.4232045616778438,0.5844847017712614,0.9636537595689328,0.4213769113010271,,-0.33195395935655186,-0.046182229245555644,1.8106263465320955,-0.10037680188485569,0.4935501524048328,-1.5677761201714828,-0.625882098455458,B,D,A
1396,4,-0.5085226805436078,-0.26223096999598794,,0.018886830874432745,0.8216594067269701,-4.761480593127585,1.2248351519431375,-0.3343837760608776,1.0295816362699732,-27.496958527428475,0.2231362040463605,0.5842978985902851,9.367494642368213,-0.1762921366311813,0.1556997483431207,1.9583232262230545,-0.5934979753047736,0.000936045967673354,0.07297113085155461,,-5.877709803994265,-0.07309751339874741,-0.009345614489152127,-4.818547066514129,-0.28779006802389895,B,A,D
1397,3,9.681489710578182,-0.32908222074065396,-0.14437247043179918,0.13778955298291753,1.1140620447110756,-4.530675948065629,-0.770516196679526,0.23513148763329955,2.9363138142926273,-5.023539479633984,0.3502576663025844,-3.6821646423743317,1.122964460684777,0.19243147349237374,-2.1994435136374593,-0.49297623635015786,-0.06002114993965421,-0.2486849901610767,0.39355809677522186,-0.39166752316053294,-2.915260161588077,-0.25692925004633854,0.48789764213841896,-0.9207840037696919,-0.4768565414168556,E,B,
1398,2,0.0998391067696943,-0.11135926504951245,-0.2687643643164626,0.059969326099186274,0.8675810739593055,1.2547009077037086,0.24348218380261483,0.7933446059886768,5.766104098439581,11.479623899184864,-0.15554899430264044,-7.705964261221403,1.1889297975349755,-0.02752459908232535,0.29885758530138024,-3.605970225378259,0.9521556385500918,-0.02698621641856131,0.6666019493286668,-0.08283575779705125,2.1588867860084995,-0.39924815320914936,-0.040945685860851455,-7.349301132167142,0.7011181251268629,C,D,C
1399,0,-3.314927938858745,0.223154060497316,-0.03665879836326074,0.013660231181426893,0.04822101195712384,4.720607843229427,-2.1276004454024267,0.43275144044548625,-4.441021417084539,-12.325092380653347,0.3656739409763496,8.40568016918647,0.7380081294152055,0.32480283935417603,0.7893436028898285,1.2722527855698145,0.16693685998653102,0.12180787556165817,0.07237157756245016,0.22870754209128336,-1.619943950744797,0.07551101921371417,-0.028494088667901176,-0.8297567464782845,0.4281450742062474,D,A,D
1400,2,-0.4950404668214491,-0.32371405035943,-0.18424941727462135,-0.02500543498757822,-1.227620081648058,1.7874741947016974,0.24455804705172401,-0.9727407048588612,-3.092933365827792,,-0.0535556113102966,9.192590507850783,1.8923867061720598,-0.13048158552021039,0.2414327797993628,1.518223135035315,-0.06935797671585929,0.279689913202594,0.7518266839538553,-0.032400758889947784,2.646289649877759,-0.1011059347383295,-0.2545788605469212,3.2936054574143308,-0.5712226319471507,F,D,A
1401,1,-11.78336574286206,0.10565517438946649,0.24850579703509204,0.03354271541543595,-1.042207784261125,2.717319527499463,0.112191503503134,-0.30568401621861113,0.9444871375850805,26.629854142458043,0.46576038450560353,5.600368293339401,-7.550509840836745,0.19446844562848786,2.265716689100432,0.486230489335519,0.2869159323293188,0.14508436505195835,-0.2288161153369651,0.28058055119397785,-0.41471929817357467,0.18107653276639002,0.6702662632739316,,-0.9502400598017172,E,A,C
1402,3,-2.444404374812708,0.29791222098303677,-0.02677148892165868,0.000799403347013497,-0.26256563948953515,0.02199080513084278,-0.8812994384908318,0.4956456294450955,0.6902889984053666,4.9736516901796515,-0.3790845222389867,10.158066088729292,0.5436300651794153,-0.09417135390349231,2.53057674714922,0.4340034811134541,-0.5714447725369584,-0.001763828401707234,-1.11826724838318,-0.1041544435696969,1.150096689833679,0.1810871198884252,0.16725805414862366,2.8053954048478347,-0.4309834775328076,E,A,
1403,0,5.743205283124649,-0.1237236735381927,0.2529189569358864,-0.0382285752633194,-0.1126135365646379,3.113666100948821,1.7432000297899728,-0.7920482593729227,-3.1645820794414243,,0.11695596221949751,-0.9501848321704672,3.918152804771067,0.744393575349481,-1.1589766528692094,-0.1404583011096095,-0.4782869285914043,-0.11217136185289421,1.148948806790205,0.35071893755923456,2.919020952686833,-0.15617112119847337,-0.028334330718326976,2.348906701778176,1.135368484876362,F,B,A
1404,1,,-0.05008663777089724,0.15565876354879435,-0.10690464303963607,0.5343432539776756,6.838331596594127,0.8835449682215172,-0.4392175022126355,2.8039856926291598,6.167388982263732,0.30712498321230325,1.8719628342577004,-5.752899484729038,-0.8451565192587591,-0.1413755698500644,,-0.5612688126953692,0.1691115714138338,-0.168419559684247,-0.4908276128549544,2.1327854897129583,0.004908093518463221,-0.04566182460039539,3.6792009760524165,-0.6657560358357909,A,,B
1405,1,-2.289630332340997,-0.28013324878907925,-0.4417244128414965,-0.13247941204149144,0.4479387695591172,-8.951915557250734,-0.9047998996214038,1.3003491305368968,0.55640403169311,-1.0455739232021974,0.2973864808369969,0.3353550223255301,4.4049071566900695,0.08281973580254018,0.0883242044367453,1.7770519123333643,0.8795855120527186,,-0.2510107323180349,0.27164891676881964,0.04582806264934175,0.03281040704515366,-0.0329116874874983,0.4463603796735552,-0.242549017967621,B,A,A
1406,3,3.477172731235939,0.32370797208701907,0.12070862733105797,-0.05556244734425082,2.7982400574430266,1.5032001096075285,0.8238849802412154,-0.5088463074789232,-2.947606798531922,-23.55941913000903,0.08924635384481257,2.3493462355865664,-0.9350414719789016,0.17082215480372392,-2.322549240127735,0.39143127500730324,-0.525578579166981,-0.06490646697257191,0.36499668561682136,-0.1506647837891147,1.6595108886962506,-0.03215844006020359,-0.3231642516728907,4.892360651365254,-0.4852028654180099,B,D,D
1407,1,-10.674530517224449,-0.3348669785297364,-0.051186795155152204,-0.02473853917104453,-1.5345786681935096,8.637588969263758,1.8618458045468809,0.3932624111241105,5.270123557248973,12.298468626701966,-0.013929828758874739,0.3003802324926072,-3.9266856781405233,1.6896152712936408,1.4098366034768175,,-1.2051881842828118,0.0549320837542621,-0.41009040357997795,-0.162320396129802,1.0936130150721688,-0.035642201705207086,0.22300738085964503,1.2560332074281453,-0.047718938573341696,C,D,
1408,3,-6.021061677821882,0.12117791363143945,,-0.044535717851685454,-0.12607313338758003,-2.2190006802610993,2.3898484128654416,-0.18815185523150427,1.3141929524549991,5.40107128393284,0.4908071419419945,-3.923922781880051,-1.6706073112618351,-0.8474425809906914,-0.29341544133681546,0.7054390290895928,0.49797319209503094,0.21580720669424178,-0.1805044253146355,0.23015546145112536,1.7099605175429835,0.41644776253293636,-0.7643994344726863,-0.44225667974193783,-0.9907867027517836,A,C,E
1409,4,,0.07581040266771251,0.18665138140213808,-0.029884896478160485,-1.1634040001648718,-4.7234543804163565,-0.9556656540961254,0.9103005361502994,1.4401002796053906,,-0.1466428748715509,-0.5094435442814582,3.0682824208427797,0.41665597694067236,2.0454718277914767,3.4292655373135172,-0.17421489529683884,0.3384668055904125,-0.14500778931623162,-0.14917851595818185,2.65177962962303,-0.21686724646181432,0.9626823916730156,,0.11032058868615527,B,A,C
1410,1,1.0142000268973723,-0.12564329483703562,0.01696399753614489,-0.002344791924716634,-1.5617619372239244,1.38011659769057,0.9024057134142829,-0.4527052621705799,-3.2347383612290477,0.8296676520715233,-0.11475085057210567,-6.712320019473285,-4.171459311864675,-1.0938768130991081,-0.696505159073171,1.9055592389429497,-0.7199435974380496,-0.12752089370333353,0.2911616361248896,0.12183756819111342,3.266058011789659,0.23021737687391441,-0.2317012185119537,2.831524067621416,0.08509717341990419,A,A,A
1411,2,10.179400711765641,-0.17009523973416468,-0.2722782165226639,-0.0555426449238795,0.6008715795632975,-0.8701847686276011,0.26721740622480056,-0.04213644833308567,0.9726958511007532,6.648587027858739,0.1625092384327188,-3.9019297386816643,-2.9550036504034645,0.050408543845779065,2.1129675986126104,0.2078651155935751,0.25063484896186544,,-0.29413705096137527,,2.0015610294625557,0.015136882013596791,-0.3025268759734185,-3.2252278786579716,-0.8044141415582081,B,,
1412,1,-7.313051655425194,-0.2661880527573707,0.3004101946900618,-0.035186080385219615,1.1650819494389093,-3.506363295500865,1.3961179639369654,0.8223611245588028,0.9751887966824513,9.653778670297017,0.22853325772139851,2.5096798144272694,-1.8725218419035972,-0.000769230931634104,-2.0676378640734714,-1.5136024565164499,-0.5815197877821034,0.04766549404634682,0.2886012715941992,0.24074280720663216,-0.19649006636222807,-0.06288675775248398,-0.6897846489256989,3.814731475682519,-0.028587454284870247,D,A,E
1413,1,-4.6528023504118785,-0.29564497699512327,0.2095351479511226,0.027612219851556794,-0.19096887218496467,-1.2512732003194158,-1.7694698115846101,1.1135301143917622,2.4670618318336834,-20.611832596126636,-0.005976082161676155,-1.0649237726096525,-4.582291742024773,-0.15191398944440773,-1.329948897106723,0.8400421402892573,0.1969494042052809,0.019844522434826012,0.3486895541362705,0.2975925534205505,-1.2181759965683971,0.15229950424563998,0.09819253138952305,-2.867847527423085,-1.0736616590163026,A,D,D
1414,2,-4.7512743265521165,0.6078286747327168,0.3207194773492998,-0.15640182806714711,0.018894092610625617,-5.351828188954731,0.2587124526021194,-0.48316443417276334,1.708069490623126,6.44380183568658,-0.1702134907761992,0.5391495425399488,3.7628109966539207,-0.09172210567107034,-0.16932364781766732,-1.1281183766225664,0.21321630667514,-0.07719422318606042,-0.7595973162731228,-0.3337007990042399,-3.1208857547949362,0.2174768838744459,0.23178122853476826,-2.1320673960882326,0.8071689762311334,E,D,C
1415,3,2.016754142094744,0.09045305022953645,0.16897163466467302,-0.2615124629098092,0.4232869019418847,2.667394272825903,-1.477730050436115,0.30230248553338435,-3.285471002364129,-27.20340411196515,-0.29334368450833004,-3.3595746511271547,2.371262677240961,-0.018140129185086527,-0.8640937094209429,,0.45958900560655763,,0.41884928475316924,0.21753908544320708,-2.1853178663085795,0.5982013993776043,-0.0134494799331985,-0.2815162237284516,0.2949916990775215,E,,C
1416,2,6.883798831511453,0.28266652934236575,,0.11249695779419827,-0.5697287429097554,-3.329356903815743,0.46902022880161237,0.14248708450348752,,4.221061506311169,-0.04443702183462393,-2.1846010796791377,2.975030693436322,-0.29118558955146917,0.9707248180164976,-0.5284477519675121,0.723352064162821,0.05457650608018537,0.38136423448608975,0.2635656913584752,2.1268469257276728,0.08851339405204864,0.3255763622445897,-3.6105506180104157,-0.12156157186967996,E,B,D
1417,0,2.2341131184747596,0.22987760491377895,-0.13934768155504768,-0.0012197146617340415,1.0525633781034516,9.73811250576057,-1.6606330741785231,1.2676606039075422,3.2875308235217964,-9.997178406266087,0.025038478473211657,2.8334362674565523,-1.863752082792177,0.08980385082874916,-0.41184527527961273,2.121560807245355,0.1688685249271847,0.09304041490348226,0.47924211515768544,-0.01134872030292832,-1.6326657279297552,0.17057907807818842,-0.08781240539949951,,-0.48925531059831073,B,A,C
1418,4,0.1457024442164741,-0.1444790113093096,-0.05143249143821405,0.08797522834121774,1.93573490911338,-4.983727089437639,0.9476598849199651,1.8463223883976756,1.8851840224298326,1.1469862323455242,-0.21398697653467377,1.6352215825968037,-5.78717184054493,-0.012944594301140394,1.7097387052076554,0.4959434358207758,-0.3936991067853175,0.07684784081843837,-0.0004305044580774334,0.054684512119924866,0.2883802147721362,0.05309583161358976,0.5896499074944273,1.2968535015764209,-0.7772496625389654,D,A,E
1419,3,2.346921079056318,0.2916840073488008,-0.3876216834970677,-0.06913070570868995,-0.5234577608167338,-3.0122203065218467,0.39170544104757327,-0.005747028788639216,,2.616182849102291,-0.4015091441563717,5.009565076764428,1.4470567697748482,-0.3651970044819203,0.0428335681027522,1.040591815683599,-0.1296729565313312,0.03600262141318957,-0.7163378478219574,-0.014411673229053318,-2.5793912389550226,-0.08051909925477169,0.23884766739966834,4.475471889161882,-0.0035804074709818497,C,C,C
1420,2,4.8577503579694525,-0.04469291282778805,0.16884884202243525,0.21724818752044928,0.016659095222073806,-3.10919418861221,-0.9139149513164495,-1.156884575463864,-2.864254590576953,1.3108962342854948,0.29276207105450863,7.507728358621093,6.450777956137968,-0.7283437772788816,-0.029590977200665433,,0.22522841092122,0.1115220170508172,-0.6829402083501298,0.23263017110326967,-0.5236658269827659,0.04076571710140703,0.4682557103756788,1.9218816093102928,0.2097086079472077,D,C,A
1421,2,2.409978457663475,0.3241501564324763,-0.3078191263291147,-0.08164510642018703,-0.21382204248650058,3.19514887546417,0.7453835247732798,-1.1498883333766197,,-2.2685503515768644,0.5109198999472329,3.522399045965578,-11.146146696737269,-0.0733066737249296,0.3373511544716256,-1.269920939830476,-0.17875796875199257,0.07360531208863907,0.6733915047558697,0.2871067250318641,1.5306559776194846,-0.12562920083088422,-1.7995062667918975,3.3637801103169203,0.20153933013859218,E,C,
1422,1,-0.9000574522442678,0.24244522865805454,-0.2577618147773558,0.038309058661004834,-0.6606309531093798,-9.939416319045606,-0.3630564546746812,0.8843642988317729,-0.6486925974004828,,0.5935894606845443,-1.7056127185207945,-3.2766514080167792,-0.1289159232120635,0.706428041892744,2.316464031835819,-0.24081802735155983,0.18258346845702464,0.25072773979756885,-0.3514456963159295,-2.438302775478999,0.03234630776989551,0.5775519545299663,2.093405314999029,-0.6221407930979441,D,A,B
1423,4,5.000868876005437,0.3386422033173731,0.013988402151455586,0.002598396551551739,-1.677404334149755,-1.4986617895953416,0.4265858038471572,-0.4128671546617319,2.364933704439371,7.802612400083729,0.19386506067935702,-3.5775455939303504,-4.700467441514027,0.3899450527142498,0.1911398144030262,-0.04307106270886918,0.05443401112796074,-0.2433016302958536,-0.05857142521984215,,-1.4573842990107975,-0.0961876591038685,0.6566044328101052,1.4182461630753878,-0.17712160945765035,C,D,A
1424,4,3.548956930463019,-0.1453127563094056,0.22189946900764956,0.10512226584080656,0.7085063934537901,2.466146614984882,1.1573456965480842,1.8988637152043817,,9.781010358094509,0.3123905804327417,7.132985554827274,-5.804744441990409,-0.0700931437283281,-2.271485527924886,-0.8691701922064645,-0.1772515357087645,-0.07973749452268561,-0.3767795211967571,-0.012630609124257985,0.14811976083515427,0.04380123673647367,0.2395373760164396,4.1041790261770235,0.02627767873610789,C,D,D
1425,4,1.455903525953262,0.016536037217124384,,0.18649413394593478,-0.2592927453248384,-1.8522516701236684,-1.2042240643559479,1.2926106877884374,-2.940530783039305,22.66108819162071,0.05391413203694418,4.1942560089849055,-7.83776699460182,0.1072171019709016,0.04638223238243146,-0.5037073568501802,0.05887767829722803,0.14828283757606459,-0.29921226537150175,,0.38854417091040994,0.18924398952185892,0.6999207747252889,2.946742937241562,-0.07321399208519622,D,A,
1426,2,,-0.0619883649357822,0.4817105945507262,-0.22281355889278945,-0.11533012372661516,-1.275557367169547,1.174033140654025,1.0410485649764265,-2.1214591916179146,-24.79950421751088,-0.39286042374500385,-0.8412643362022983,8.444586185983212,0.24672651725398154,0.3928507732221489,-0.04083105569279699,0.4981988978811402,0.1134952234945542,-0.49433669212223247,0.19984261929080505,-0.705082283399422,0.029325968370183465,0.9300134196999313,7.653391981444895,0.37762586874046106,F,,C
1427,0,-4.533895630094855,0.31254465532385683,-0.13070982913191723,0.030015014661527544,-0.721606251770916,5.913855015066678,0.05514985352655828,1.2777943609310165,1.5859110397279577,22.39215040847166,0.14534080523890863,3.5656401590965885,-1.594448548796213,0.7986568346501741,-0.854241983203733,-2.641375211557727,0.14937477453155107,,0.4162524285893534,-0.2791831119272451,-2.457059742035902,0.29520743462596727,-0.36042535398320136,-3.229238532196261,0.2874211563317327,E,D,E
1428,4,-4.100443957600432,-0.12320149106062572,-0.307646168190174,-0.13670398842139642,-1.0014885886631186,-2.4258565477278813,-2.1902583511092697,0.36371367223721957,-0.8747651624981124,-15.139598490493006,-0.5731134168767695,-4.975783741365558,-5.394888769849895,-0.15357196265522302,0.4441244032623549,0.7985423117846212,-0.44680841444494157,0.2820139074584649,0.5953531623321523,-0.46552224320876134,-1.3947376327069614,0.20350025427455962,0.47153838991384533,-1.7059355997586694,-0.09843239681594224,B,A,B
1429,3,3.7613276197021794,0.06457792262861131,0.29376159217911135,-0.094889869116545,-0.5191031740441452,2.485690685190838,1.834411538480454,-0.3662130219897578,4.175411507817481,-0.7467639183619974,0.10775167275728104,2.1660837442744056,-0.35926939834161653,1.2701690624411732,1.283805268254313,-0.41332522715316655,0.1720418826519424,0.04477947087488326,0.9548643360758148,0.091885353764851,1.257299420521833,0.30428997514314093,0.510920089085991,0.05357268690478397,0.0062529837007413375,A,B,A
1430,3,-0.5019946806603459,-0.2197979020987895,0.10116112393573622,0.16930517183957924,0.3484322700177894,-3.288270907059277,0.36832797658606775,0.4885615150305081,0.4661768893913378,0.28053133396038327,-0.4233286580435824,0.24544524394721542,4.639091738878012,-0.1529029565254743,-2.1533336547725646,1.6435753327863238,0.5232330654748782,-0.09955557582804737,0.7582276456511735,-0.16425042643871057,1.4721261169422082,0.031125988430428884,-0.06631206508486197,-1.863605587724297,-0.6307698588407051,E,B,A
1431,3,0.6369335020649892,0.4928802723661912,-0.26125466301765365,-0.17216209544123767,-0.7246402983171476,-6.553334492825225,-0.44045913115902735,-0.34030715847192033,-3.480941835494587,-9.73893021509606,-0.11661662469289084,-1.9613025650688847,0.6117207819883199,-0.963939205624638,-0.42730914013595334,0.31143555145536866,0.2934335139284893,-0.020420733721185396,-0.7548916086379908,-0.07519944323125864,2.214421249778916,0.1333816025515716,-0.44545538829914955,-1.3415174156417984,0.36739438774615046,D,B,B
1432,3,-7.3232207854973685,-0.14096380635444514,0.24652193071584372,0.08696478271550415,1.5363939843575343,0.12628889856185313,2.4525012112426228,0.46776364481549226,-1.2228783086206318,-22.356135342715664,-0.9014396352696046,1.8445552263149447,-5.441776837197796,-0.677153212686405,-1.677124876428816,-0.1326765588540393,0.11702234881047892,0.03654676584017203,0.11943105278087661,0.3462496310090685,1.4150624218762198,0.169521825735797,-0.8008247445964181,-2.326822750974479,-0.07935214116688577,C,D,E
1433,4,-1.9737742701018282,0.20001034047274208,-0.2720374186472969,0.01895490092849124,0.07708976285257711,-2.2482006430888624,-0.6333909528581362,1.2450775221265893,-1.5829604083992999,-33.25644379488998,-0.17518837005471188,2.0911793212638314,-2.909593292353852,0.6438964842877035,-1.0308998342656561,1.2360504876236174,0.05011923087325286,0.04207319478641584,-0.7664347707475069,0.006146956964507176,-1.4487906160808246,-0.08195605597673644,1.0194125744425686,-3.4761082668961136,0.8282717788790376,C,B,A
1434,3,2.474787901595886,0.2465692940617138,0.13306825482401458,-0.0777366604695057,1.3891876654071686,10.430372650089193,-1.8710606530056328,1.6909394696807347,2.698116007682253,-14.137699864408273,0.5781190437441538,-3.4671006240035553,3.528165828187563,0.07716346373037797,-0.8498512950939292,-1.3404104352813466,-0.14674423820249843,0.2233450076728547,1.1015258908416734,0.04150227885725681,-0.40336788311238647,0.05417831971777117,-0.6434920398586323,1.9127770932964656,-0.6584717939865912,D,D,A
1435,2,1.2247003447424156,0.27150340022993696,-0.09021914302463077,-0.08855199533672493,-0.04999801876724727,4.808538523133633,0.8500103965159957,-0.6827100372094117,-1.504675951314398,2.634280639413734,0.3075241815350631,-6.127098491773868,5.593186240380632,0.7666672924417681,-0.11697182322976431,-4.0446952077043825,-0.2906601953405351,0.025831147826577975,0.7566678101154343,-0.09083059479823863,-0.8190874124171658,0.07573322737930242,-0.268079973118069,4.9900685178061135,0.3697821682042241,F,A,C
1436,4,-4.356614822956073,-0.13766917561597275,0.34639305780566293,-0.1362891056903611,-0.3449547350362221,-1.6477810091294813,0.5017043915187203,0.1978789506625154,,9.009013449241229,-0.18071936394632465,1.7194550959056039,4.0358520300387815,-0.8293734752969203,-2.0111334230031264,1.1798585567587276,-0.049590826983359274,0.12152476486750713,0.5076866212307592,0.10155086681210698,-1.9213255308958705,0.14585536797751297,-0.3677811265370987,3.623552630763204,-1.3410107673796534,B,A,D
1437,1,-6.016450854584757,-0.10620244650871179,0.2354792512868393,0.03248586874291433,3.1706867872033815,-0.5008700611010977,-0.922937326073062,2.0372025507813842,,,0.3442597729045908,5.132837198083564,6.882786055182328,0.39891128816433574,-1.8386886475313322,-3.963561050842623,-0.9273053544243327,0.3253965669704386,0.24147685307563976,-0.17906795843759923,1.7768870389610356,-0.32083104808852647,-0.7454060596936877,1.4557853871288187,-0.5900827088475717,E,A,B
1438,2,-9.973244888497309,0.08331463026656327,0.5147527909428946,-0.15839692231327007,1.8018404646924169,-4.135785455554563,1.4114754193331884,0.6212077741027101,,18.574258699425087,-0.3103649112293284,-0.06898312546775871,0.917795308677667,0.952580702505208,-0.8927580817045963,0.3295328826971948,0.6878688243060676,0.02084930207456883,-0.19631309837597904,0.1015451087893238,2.602470506686062,0.36644442496571944,0.3378639058981751,-0.7781055851478994,0.41080089290088645,E,D,E
1439,0,-1.6586832237100204,0.13212789695910496,0.07739200430054169,0.06154705239559234,-0.6207553439724859,-2.979718039013522,0.0029157306145171902,1.5092468089350946,-5.811085812218496,10.891401767632408,-0.2994871038928145,1.9279729525506137,7.571642879924228,0.9208711959393018,-2.369252581616653,-0.28605787512287195,-0.1890215854139805,-0.019424543994428587,0.9293804335858709,-0.15266821879520445,-0.4883427634713548,0.3044607904822443,-0.1744004703493267,0.04954774923047401,-1.0825351803495147,A,C,A
1440,0,-4.604196640949139,0.06266920435930702,-0.4913341162880224,-0.0714735135030275,-0.3827035033216214,2.431295994016794,0.9098903921574786,1.8500575864025315,-0.9718319491345423,-18.17906980936747,-0.03885308208395209,-3.2974949922210515,11.676781264151954,1.1509237422474334,1.4871721921131071,2.567030903755784,-0.04882861635296152,0.04456371013574659,-0.3394340204358643,-0.2784736735289046,2.1612231859622444,-0.020887601520771328,-0.9524832365173126,0.52989327699008,-0.33712158362778855,E,B,C
1441,4,-5.217891311409839,0.19555897880153797,-0.11382545130923076,0.08090281959432227,-0.9965411574959632,-2.2689052420987763,2.081386900993749,0.669923195632553,-2.3837525203922594,-6.733904865031447,0.3784959118023374,6.409877214134078,2.637646178042872,-0.032678138478042774,-0.11805396665530714,1.932584773952809,-0.3660758944784087,0.1798240425131151,0.3737509311122516,,2.743337379628563,0.005409654514632678,0.05979746573975344,1.4496805210179051,0.11051496202138762,B,B,C
1442,3,3.7548751214288925,-0.16838020611894697,-0.022065538076528897,0.25258068755334545,0.5394791048708789,-3.354591266951772,0.9296915603455058,0.06231783776023049,,-0.1788313002483861,0.12259723999402304,3.293750837823178,-5.185537329022257,-0.6856604350876294,-3.0312594059837394,-1.4135382209348608,-0.14641376249427304,-0.19337063592934334,-0.4611929357677848,-0.2580313675486705,2.0331559642997137,0.14203088858164756,-0.05088700210943261,7.678717256327343,0.9656482000365918,D,B,D
1443,3,1.0265352277455855,0.15240947719570702,0.08820756769692487,0.12932300824125936,0.5676068802991195,-2.386071239057235,-0.16366340001566443,0.0697587362587525,4.341479306920401,7.5485256782407255,-0.16559126628970977,2.8679096874536683,2.134530944956444,-0.25524456164585435,-0.02537669143632711,-1.914642006458151,0.5146656236652791,-0.05984445011396758,0.3853025777724225,-0.24178903844857694,1.4855715058735541,0.25509504369496416,1.0036132965093094,-0.5277475567150952,0.638523036763113,E,D,C
1444,2,-5.354693769214831,0.3269555179348284,-0.13809787724974665,-0.17881957394005177,-0.35639838759604237,5.294530905872062,1.3204360326641844,0.17849107843574818,-0.9632224452755644,22.11248240600782,0.28820546919489026,-0.6797260797934668,3.3355215399305638,1.3032100130400888,0.9155026526508508,-1.3755760693602082,-0.5973064967470488,0.021526421651194404,-0.11301930035995994,-0.46094654785861516,-4.183463203376203,0.19256995513494088,-0.3110373475372715,0.5640423776887218,-0.1718131685072501,B,A,
1445,3,1.3807188250083564,0.5863109062941306,0.3855119645926215,-0.11470285152010037,0.2915709190777082,2.927485248846845,-0.05573309285501765,1.2876044005804501,-1.428771430637589,-12.569145334719277,-0.07296344662993817,7.2657080554636835,1.5888100278074764,-0.5896059529912789,3.0807402782663695,0.1520003687266929,-0.6951587226109204,-0.10869831707777479,0.24266732006830014,0.1408373961363663,2.2682808553151617,-0.23334595331330832,-0.964578681853792,6.702395304595547,-1.2226951308328273,C,C,A
1446,0,6.7469879549554275,-0.009760890767163072,0.43108802171775956,0.08285180516358497,2.3821076073187157,3.055822646820345,0.8871587828139939,1.816998353259985,2.174547981660764,-6.172756006639915,0.07174468188709743,3.9620697216289953,13.968754071931818,0.18952478674810228,0.8715717829638328,-1.004156152030599,0.6829858221228352,-0.091193463429502,0.17404075534789043,-0.16693382535589985,-2.342577717748859,0.0013368432373513618,-1.0079720077943086,,0.38195576288219846,D,A,
1447,3,-3.2523649721893295,0.4052451965041147,-0.3111363931288696,-0.1758256546630434,0.6486176656299587,0.7034250143479088,-1.3698810014232696,-0.34041716997647015,-1.3899147940994798,,-0.11334771385245437,-10.309535760022928,0.8086338904501971,-1.0487712296283118,0.1434994271230658,-1.3255414783047912,-0.10056476921559511,0.2371675990448015,-0.13038128404083296,-0.27256247095259256,-0.9890518498566027,-0.1542267401958835,0.28929935457123007,-0.1580704275192565,1.1091531915596746,D,B,E
1448,3,-12.38778087292535,-0.4229904641980566,0.35575085207260093,-0.20332444633719984,1.3194453672413866,11.814208188453131,0.9303645702398227,0.6953904771850401,5.035485512748965,-0.1502472823294841,-0.5524655747056317,2.8087005557299136,-6.293471558979656,0.5828436821410918,-1.42267966660179,-0.2965779308479925,0.13884220168021602,-0.2803561935314823,-0.392814324598859,0.2761620120722963,-1.321681785604715,0.02189574687263424,0.7152457557800966,-0.8814384274186936,-0.7796587872572935,C,B,D
1449,2,3.4661563270952804,-0.16826595973717454,0.008289571439505683,0.02231183868235551,0.8527092849770661,1.523996663767334,-0.31186694672040943,-0.6930989108863942,,-3.312743224904065,0.24221711089227385,-2.006481890268747,-0.3020774322109079,1.2358128596901459,2.6241608479899567,-0.9998928362980672,-0.11781949354912893,0.18458528492981022,0.637990682175765,-0.12789921485815167,1.9056533260149129,-0.0008872587133141376,0.3167172326268925,-1.5333262505702079,0.22307194115424814,F,B,
1450,3,2.445755475506648,0.4193220993155303,0.23277391904977957,0.07485402479713756,1.5700116249056728,6.984216121893811,0.24415503450569664,-0.20017756563453637,-1.770268813321285,-10.36246364612027,-0.006966818103448407,-0.5520525739009734,-1.4314371572827755,0.9980100690259404,-0.648719622039774,0.3560779185995199,-0.32977444144003865,-0.045575730149695036,0.14308957941510328,0.0593892007476333,-1.6646217980202778,0.1525218295813343,0.02861422762489161,4.782057265057792,-1.011594852794002,E,C,E
1451,0,2.3463326394514508,-0.3294190129617795,-0.10911713358598153,-0.053725151958275985,-0.6134628973949124,-0.7708500078036226,1.2487696166064124,-0.6556737395365029,0.19627368444294882,-4.7303068855546435,-0.6283407630257534,9.81141663991571,-1.0641688172782666,-1.0946769850798677,-1.3733821655293172,-1.7132141453103662,-0.12267062776073519,-0.02721409075241109,0.9425416843437228,-0.03477428939830323,-1.731407343725301,-0.11774990397038512,0.07320646362099913,1.5353823384695238,-1.3306590448832807,A,B,E
1452,3,-0.9057682186227175,0.4476029255208933,-0.4059631556287441,-0.09070230990852582,0.6641900303382829,1.6941759136550254,-0.03334475018815265,-0.9932076663563101,1.241780488752861,-2.318916306829896,-0.054244095964777236,-2.0262215470370126,0.24166283848753053,-0.7425406662689006,-0.007780930035501169,,0.09195026049119794,0.023285127675422276,0.5684210638606608,0.198167300431209,-4.809119233666328,-0.27051688783688244,-0.5016152127643845,-2.5055154423883423,0.383393827796429,F,D,D
1453,2,2.8544300199312787,0.20168503812580202,-0.08523151237994846,-0.029534077536159338,-0.08172697422565864,5.416298497434537,0.4530032957942025,0.4384266544773571,-3.408460584682688,5.174392779147216,-0.38199541786718066,-3.2690072608543,-0.32973486043772304,-0.05934137608508737,-0.7305302247438835,-0.1729004783281689,-0.39592144109710714,0.05520945518470483,0.6727761339800502,0.06854207180995696,1.3836469776200422,-0.04858277753295466,-0.964516302833376,0.48600175931922995,-0.06204665223857206,F,D,E
1454,2,5.215368402283509,-0.27913186321653555,-0.49545189795179617,-0.06013011038997461,-0.44759971848841473,0.0165755989032601,-0.15204555530905353,1.4212920886812737,,6.047862509301928,-0.03927589670901455,5.106381632746621,0.47391144053195716,-0.7370757361678082,1.6325200103363102,-1.085280401904713,-0.32377234797002047,0.10905674044278156,0.3305164828127919,-0.1547680059622906,-2.979162734016508,0.28892498204511835,-0.7204809799427712,-3.935973449081546,-0.29799056919038647,E,B,B
1455,0,5.951728072625938,0.2540300024538366,0.24634095242830417,0.14032607150273294,-0.2934536604185615,1.265989307704265,0.18236639054859666,-0.08027451489232172,0.3406117395634679,-3.332866625691218,0.06966869748648938,-0.22485993029070445,-0.6419775241616879,1.0985241696762233,0.1527934447020175,0.03469806972591049,-0.23297850716217397,0.05450287268635159,0.6300951156866613,0.4663764503391145,0.5727800807457128,-0.14199020016555838,-0.35896683945748536,2.744591773623792,0.01216625191891639,B,B,
1456,4,-3.1492170768677,0.5336003416789261,-0.07571675681043748,0.14870916757692745,0.5241329756283861,1.1448919826814001,-0.7540523483021458,-0.3439943084836536,2.6069987662768943,-15.913141044390862,0.09233352013636732,-4.200696804757388,4.362817828692285,0.6238062634842351,-0.6660772245595633,-1.0616054170211442,0.5008252453301129,-0.0718315659421147,0.32697474390648557,0.05001662440466265,0.1189591261359599,0.12654519101862158,0.7188003906574086,-3.020472935041516,1.3722533649931778,F,D,E
1457,3,-11.94672104272036,-0.2327513435437277,0.44550753956123923,-0.20648046642421,0.2251242129464235,8.607409824333097,0.73731058808817,1.68503437633894,3.110510211241992,-20.23559132394005,-0.11493095414595682,-1.7711556979887333,-5.74945122495125,-0.087059174496791,-0.5938753119990562,-1.729488710113315,0.2715335620201067,-0.2687834111849635,0.787228920589218,0.13829544125054571,-3.5801572072097607,-0.22756300617201558,0.14140590630184954,0.9002039007060675,-0.3901485168518362,D,B,C
1458,2,1.1199563174212959,-0.16803601157065484,-0.1334410107927314,0.0831718951651867,-0.852603455833129,7.541503411742649,1.0968143092465086,0.2038203893887881,-2.616607999394264,-0.4571666814304449,-0.07647520746845718,-5.820945313215479,5.513800458818353,0.3470558045764791,0.4336880921027777,1.1340031040780494,0.3945235865822091,-0.018370536398317514,-1.0189467861350592,-0.03457464366619336,-1.3360144471205442,-0.09912268688447956,0.6542774919587877,,0.3970093785392033,B,C,B
1459,3,-13.07476272639946,0.06393293457249523,0.12566797035473753,0.16148340446085652,-0.3256539371983777,10.339301979334923,-0.7780529482654833,3.1447562789119385,3.8406750925424435,5.652472522445716,0.4120593793128153,0.23502128939904612,-8.809148905450709,0.34776618626171213,0.2468691104667865,-1.5765654092848127,-0.3691068531002765,0.0942903674769338,0.051575747914847175,-0.06513213057569438,-1.6632774003469095,-0.12127350925220438,-0.45936304015741103,0.8213300391922826,-0.3072597681159924,D,B,
1460,3,,-0.03662341106045747,-0.03638371335337641,0.1689864267818221,-0.6762800941531674,-0.1391034541007043,1.684014836055406,0.8243328966513431,5.437483559842226,-10.664286971827641,0.11241325772771822,-10.40869835675967,-1.121927153457094,0.11235369116004407,1.746532158723382,-1.1358133707733862,0.9307668146615439,-0.026276983580258564,0.6853691471132738,0.11045588600848483,2.185487162649496,0.3477687292641462,-0.7382884216277539,-0.0166603275691122,0.18394682379372873,A,D,E
1461,2,6.209446166651738,0.12136135893586714,0.14905333673437907,-0.045416428079111566,-0.19193252765668153,0.5139218544636763,-1.3532927397723113,-0.5954902628681257,-1.6261810336997897,1.3677301105654924,-0.7402851119690993,0.27517229012204997,-9.792113088120809,-0.18310448387053532,0.3543361955154277,1.5520323000375145,-0.1515269407086075,-0.34538760259834045,-0.6366003976351067,0.18058697335746812,1.5476052744250657,0.13493947223760375,-0.5190779341637519,1.4134329085484785,0.10972499574128225,A,D,C
1462,2,2.536679528521453,0.3521698689976239,-0.3010929443760063,-0.04497526740290409,-1.2530151403223557,-3.6713166215600066,0.3767168081623135,1.730641804541733,5.037433352611081,20.780902586586425,0.5976325067906004,-0.7837538772330396,-10.972135702729442,0.3942312755252544,0.47787644330284623,-1.5479008605395517,0.3246604537305449,0.20464720195661223,-0.19594995282746305,-0.14110706351543867,1.750188470609085,-0.36028098127316954,-0.8040189887930588,-3.477340398790573,-0.6204608360527026,E,A,C
1463,3,1.6026018466450924,0.38667957042535844,-0.0206707472604814,0.03869874977120622,0.24836968339864646,-7.7422557958782985,1.7491735724370467,-0.26827567987371104,2.9435393475177225,-3.362803361854486,0.331506389548444,0.07146996254212185,7.264921458808108,-0.6498091530524922,-1.4509207132156858,0.05814546202436834,0.6001524307631659,-0.06097186942493937,0.6624413484729019,-0.2470638823062678,1.455201223267763,-0.14178645098161513,0.05632925774584302,-3.3229757329688803,1.3972736690663812,E,B,D
1464,4,-2.7465040663487414,-0.029908045044312687,0.23874290375979892,0.07325412818016819,-0.7542521117145409,-4.212897027491519,-1.1075813789942353,1.0980566179127838,1.6410149050435179,-3.0459562835753067,-0.054958765129040014,2.7170929947155997,0.29200256168699146,0.12717767718885165,-0.10843611728586068,-0.6908574493182158,-0.10881632226570119,-0.13823223766215206,-0.04182203703710905,-0.11466891077666155,-0.9837629025054563,-0.0900582831450998,0.49922703095110316,2.7823858357943583,0.24429137612876808,E,A,A
1465,3,-3.9014556701811145,0.030508163772076616,-0.044094165704622226,-0.008264808518235384,0.5117173427237609,-6.194846258018511,1.253926591055078,-0.17913226499562046,0.4793913797143285,-5.6544071794145525,0.3580821059976527,6.009214559352146,-1.4135343636892925,-0.34093045238243685,-0.5903845694154056,1.644968635903715,0.2761008607809542,0.20512293714296043,0.29333209601814414,0.013365102153308751,1.2529268585900786,0.20681499057039793,-1.4584156936978045,-0.4119287649790481,0.09725737003178946,F,C,
1466,2,4.6698198501273875,0.0033285624947221853,0.24348994016292522,0.026137837366606062,-1.436911964723386,0.4973667737742734,-0.03861425917548299,0.30689710846860724,-3.620094993661304,-4.129920570990479,-0.17282963542402216,-0.17542188882645607,0.22687817104860844,-0.2429343330693996,1.4217527468003874,3.710053983315587,0.37203795782670496,0.28026461280324283,0.12406768797272834,0.20650266967080158,-0.8867610804819552,0.4841995082826577,0.7698991420129174,-0.8544985115699526,-0.59990966651133,B,C,C
1467,4,-4.213466815408991,0.399120937807068,,0.3289019485870218,1.0883022357511682,-1.209658627595177,0.9739775340721145,1.1847716421802124,1.7111195244554296,-0.8017891221563126,-0.5794366819719071,-3.8607859981402526,-5.199756828182244,0.3201990468093166,-1.7263771179911622,-1.3057528916763919,0.8193673443821257,-0.10652609901193015,0.9870183816643542,0.2320213183489029,2.2306140736329376,0.08183578831200548,0.3065486680257088,-2.892854363542076,0.2691945284946819,F,C,E
1468,2,-4.2243809087440605,-0.1125992872003318,0.45300581933658535,-0.1483501588722277,-0.5117831214805821,4.764499939961202,-0.23158892598627015,-0.535462631457398,6.794652040660156,-16.228938821157698,0.3658322547682409,5.36652298663859,7.766082883928261,-0.3708088197404001,0.6226322711973612,2.444391531214696,0.17470382224074624,0.21965914298261396,0.33197573970921634,0.4460605218310159,-5.500220315355616,-0.010318893153416539,0.7302513957658096,-3.390819592832454,-0.1291711522032295,B,D,E
1469,1,-11.22417351008656,0.3600552642317869,-0.09477969777422691,0.04271347339438901,0.585985847073679,-5.890349786679732,1.107623287176494,0.009876673481059639,0.1577035526616168,13.649703493808765,-0.1009258843659908,1.7123575036217709,-10.33237254051848,-0.10456601325505659,3.2332234074312387,3.9291947848703987,-0.9488672949955026,0.01488120080326756,0.4843900451449973,0.10386972197903985,-5.60382484846286,-0.11048531108060176,0.27097704046773224,1.1814630347958568,-1.8300164410444213,C,C,C
1470,3,5.5155523650298734,0.1838961020454578,-0.4111201216570051,-0.0358295840008435,0.8879102462097797,-9.137512774967231,1.497131824915363,-0.05661039625109474,-1.8768029252689973,5.805870762059855,0.002544168281518287,6.989891837375105,10.483248473174067,-0.7097626394809303,-1.4377915583434284,,-0.5364150367904477,-0.15007443552253202,-0.1874318994371855,-0.6470843801158409,-1.9926794527398126,-0.09010957826070486,-0.83301360972731,-0.22971140908672946,0.4470710409443286,F,A,B
1471,2,4.495306505660066,-0.2011094824969403,-0.004011635186780977,-0.08546015068132091,1.2902527787466,-4.185141194301832,0.24888722015488624,-0.8083942358895079,-2.488271835542868,34.10649789551795,-0.2997229016556883,3.880911956723064,-1.7369526837574585,-0.18609054453270182,0.3774553511152803,0.5975608298831668,0.24586616976465758,0.01624883301502653,-0.19343613438747626,,3.6384395869655393,0.055156522156169646,1.20355022283791,-7.2065724789139525,-0.5498671849123494,E,A,E
1472,3,,0.14895583684927563,-0.4168661190790073,-0.18556688661391607,0.46969541430755635,-0.5035286907268449,-0.0015348696108128399,-0.4457293274825519,-2.3863786268184826,5.068698518078447,-0.20527494753357264,-4.030623750431222,2.951279177766661,0.22609811828085044,-2.5354035610362717,-0.5306487922858796,-0.14314277628708108,0.2972945082982929,-0.16815154847818983,-0.01170768103157223,-1.919861330164643,0.005657117027694228,-0.2748088557947613,2.423125025496884,-0.16263233699825577,E,D,C
1473,2,8.017683759272627,0.0074490900931850216,0.08932788628088584,0.12650810947693655,-1.080673916806663,-2.935205987261877,-0.0654968749625558,-0.6247217548106154,-1.7610068285687503,-18.11714409242129,0.2762744616889489,2.5599264489918463,-8.26819452967876,-1.444047777395946,-0.7846629314903614,,-0.013250275133162159,0.09475364235613018,0.246536406878704,0.6828810359516565,4.164374615975392,0.30343653035482815,-1.423184093694995,1.4201887335707155,-0.8155327937338455,D,B,D
1474,4,,0.2255558591367814,0.2534146061514512,0.1398973851071015,0.4283043267996,-1.6289562380728813,-1.2670684714300717,-0.5850657503070346,0.228165976258046,-16.896392441409308,0.11496551141587023,5.167312215643009,0.4101209594395887,-0.07622069173605639,-1.2099763762323,,-0.23403925474654383,-0.17282125508590235,-0.3929578641833519,0.06188003713386422,-1.681243937652272,-0.25439239559748744,-0.4778074975950562,-5.7974121223495905,1.0801714652159609,E,D,E
1475,4,1.237210828905146,-0.41041756272127516,0.08566231624355107,-0.054295421509408824,0.43732808046343236,-2.1595114263276645,1.0235236156935976,-0.4594724843110328,-0.2276010683277641,-2.7087693385970177,0.06227891023214425,7.282460657947878,1.411466032522863,-0.5889684971283061,-0.955476241615035,-0.9885721252886337,-0.48630603720228427,0.032573427261823475,-0.6947769452334235,,-4.226249296454404,0.16651237096041333,0.06436862209887037,-3.965071322365258,0.35774069178923956,E,C,E
1476,1,-4.665936859864874,0.6906597639895383,-0.41469013228652674,-0.04655881130466281,1.620228692132244,-12.61655911073878,0.18632906845911437,0.29905845693783767,3.4067883628065085,,0.01986187526678962,0.18407074381421695,-5.490985818405979,0.43215925364244273,2.653152193485888,,-0.2207226316734144,0.0016280096147241274,0.4713381963097048,0.35668196500184773,-0.9951109429059198,-0.3080517510079017,1.051194511902792,-5.181618047013046,-1.2803837673363783,F,D,E
1477,0,7.715845052742998,-0.1634809731078975,-0.19222617144484389,0.07501548788575294,1.3910878787842431,1.2907585569160474,-0.8200338870581673,0.5840208872560229,-6.707916409502914,8.565900825763865,0.3093615093321301,7.634041202028654,14.007363173590223,0.3159760352734796,0.41822086310852435,-2.0135694610453716,0.2460626296022932,,1.016305731363966,-0.005732545539605728,-4.323767054352148,-0.001431940681880012,-1.3790904063382166,-6.440585067973653,-0.829899546390236,E,A,C
1478,2,,0.21431325941951676,0.22627914631889354,0.02488312014982609,-1.0807229340235025,-0.8293111629655197,1.5420210367006733,-0.05613370631325379,1.3786383059090606,5.407201204027761,0.08445493897245253,-7.270023990752595,2.0074997435425295,-0.244747291213909,-0.45257332110569304,-1.7173077220726949,-0.10331359022944667,-0.044742391170768364,0.6940260310984672,-0.13387005110077774,-0.2111419707561445,-0.2555939935952816,0.30784417936908726,8.415732840141969,-0.04170695642915849,E,A,
1479,0,2.2798518566074755,-0.18317089666903694,0.29902432492817865,-0.019054183371702067,0.9217031699308261,-0.5716328374470361,-0.6281715221713848,0.5811159712831893,-0.5223018210895143,-5.901463111788437,0.2905146779094764,1.9589995459425436,-0.3533716608598442,0.22366671049396897,0.6788848803233279,-1.2245364553270028,-0.40901819297032194,0.09111084057405665,0.11351794357646261,0.34264497297346386,0.8647469486371667,-0.015530110754148113,0.5494550116305809,4.443787501234688,-0.11919181843816086,A,A,A
1480,2,,0.0131616486558504,0.31642543414665886,-0.19482672010679328,-1.130046137655689,7.966442519710475,0.41932388584282626,-1.0768213756033103,-6.209997017722206,4.2577691144913254,-0.24610769528852228,0.29146178386548166,2.1413090854061974,-0.15016578306379613,3.039812953693521,3.8467623042964574,-0.2750599927716067,0.08656859708386924,1.0279459628866978,-0.303999340180866,0.9879335739711776,-0.09259134050147377,0.524862349162596,3.788294127663869,-0.6583737412265424,E,D,D
1481,2,-3.711548045540595,-0.18083018666510198,-0.2680706389240288,0.057939591108637445,0.2851797119311507,4.690206357826891,-0.1142853341754285,-1.2691091629497395,-2.321513734103128,-4.564339756702248,-0.27627597002756826,4.459248998655748,7.243504798564159,0.31465020522554094,-1.1474766440677686,-3.020635119619696,-0.6577584779944297,-0.18241468148092435,0.3625571701217453,0.23703302628161593,0.11457892961013148,-0.015248758192115634,-1.1143221017539204,-0.722975277303787,-0.6244636095205085,A,B,C
1482,4,8.294157093961818,0.17621943733863724,0.11598004868883889,-0.010844393899408986,0.08987576540641987,0.07836128938530774,-1.4206178783850714,-1.0288595899773723,-1.9121016665797528,-24.62597237984719,0.15489312333227753,2.4743644870133723,0.580632392832696,-0.4738816141619208,-2.378872913795466,1.099793358377481,-0.5392571326683014,-0.022042242056439464,1.052342454469393,-0.3603078890306116,-2.2724394521733164,0.04268641043268499,-0.028154102610359832,0.8012640319829546,0.04863515206151675,D,B,
1483,3,4.552039134257784,-0.20736169676613828,-0.18438682191133454,0.005293259566672382,-1.1328009327083137,-3.3106814903955155,0.5666027852551667,-0.12441625258517822,-0.49242659885375095,-9.852754595884681,0.08709697714139149,8.0023755334758,5.152603113842735,0.7283060931715132,0.3522485815419413,,-0.0763686127107,0.044384291226365676,0.24839619246050348,,3.888926313571472,-0.07756297957866397,0.5770542914996935,5.3512903395913005,-0.1438955613650151,A,B,A
1484,4,-13.372274243801439,0.5609968106529293,,0.008784965785032468,0.20794664223317286,4.519724865006468,-0.02868149652170027,0.7618676544289598,-3.497762528179457,13.181298645966557,0.011321400892798181,7.608885752484777,1.2430485043678143,1.3965642871021098,3.1010900652130604,0.8498285719872647,0.210046216342852,0.0440783317163832,-0.060315311853001076,0.23418938532297703,2.9876571407935884,-0.27007777334918154,1.037877316761347,8.71564139103675,-0.12009782330702051,B,A,C
1485,2,9.601424965317685,0.27955513066197596,0.15634740607939165,-0.1610112188045772,-0.13277719532325444,-0.7904649796529478,0.009044134684476464,-2.054726397740463,,5.214992765166111,0.5832406904900223,-7.574689004159284,-9.485111785615334,0.8801345344494436,-0.04611729818331881,-2.0845570705864738,-0.05098870145929411,-0.09391652790090982,0.7273823499557309,0.026530844603764377,0.39564489260425695,0.3174953491319956,-0.19992781792779651,3.2523358298851472,-0.17066037401321912,F,A,C
1486,2,-4.480153576604519,0.5996715433358848,-0.0030580208306476143,-0.020699498641101242,-1.8175369454286818,-3.3846888840983644,0.5236397750574108,1.9464148191699735,1.49261388065238,14.813505575819415,-0.29295100144819386,-5.864625568567649,6.604525811502013,0.46541678856501173,2.070408982186228,,-0.5912503324842789,0.0674837478320565,-0.10573176642526477,-0.026530984842010205,-5.4961507420579085,-0.003971415081543871,-0.7773347840881883,2.7783514741191215,-1.0527571568786087,E,B,C
1487,2,4.302939709736271,-0.046916131449003654,-0.21387689787180408,0.06598373307095023,0.2702764366942111,2.1857557537662693,1.8760759777790559,0.9869899955548519,2.1930831299157028,4.531694139200069,-0.3058266499794749,-3.7317291513238278,0.44722243787768107,-0.4284101574515685,1.2027493068959316,-1.5361688254247823,0.01904616577931629,0.19148175394662492,-0.740549668240278,-0.07071517922578834,0.019051336687049024,-0.13436869512961802,0.3175693034433308,1.0836669135189891,1.144151211021475,C,B,E
1488,1,1.0019798774471993,0.04443047606906317,0.28236772719330827,-0.01080937677356291,-0.3574511573829965,0.6826303755266145,-0.7143888464883941,0.30841828215416434,1.0169374325514224,10.486897384255025,-0.5401414338437408,4.075789121038461,6.059110471184428,0.3729522958620696,0.2059876529548951,0.018191901349412617,0.31817584938965965,-0.1043148175102901,0.3563371628981668,0.14001098331949863,0.213741603716862,0.3400659726604235,0.19290716032664035,3.075642591548971,-0.07517315675574292,C,B,C
1489,4,-2.88379857347234,-0.11161945130030715,0.3111118499515281,0.08749896090576302,1.6891589488824126,0.2945341291093065,-0.47784416469388324,-0.6157036208777614,0.596725784523854,22.649431801581226,-0.04106983922768864,-7.162598149062329,-0.20917603062480608,-1.008581560705706,-1.3406795254540418,-2.3457473255211525,0.29637868727527383,-0.12117459249077012,0.4954357464727953,0.17669476811887128,1.6533582380866294,0.007029440360881295,-0.6703008729826152,1.0841630138681333,-0.5137199319730549,C,C,C
1490,0,8.147022282832173,-0.2724346016634459,0.1407404814612573,-0.29574847222597705,-0.49444903294003373,0.30115249240678205,0.39462313892880896,-1.5970577854253682,-1.0817230009669088,-0.2839504647474947,0.23678948612768497,7.496498344199355,6.811258354312367,-0.48444606413417224,-2.220415878561062,0.06182348551828474,0.00151465767661177,0.08659998766668839,0.6356944104512464,0.1664020680927352,-1.849995207355447,0.046059355705501646,-0.2923007931858313,2.809446714844066,-0.23882535170703692,D,B,A
1491,2,1.0342577940099336,0.4704063974947494,-0.1176159861234387,0.05818395362720593,-0.31365592668581554,-6.961058985951493,0.31105812629895124,-0.5745653885124012,,-3.855005540680616,0.952629475569018,-7.95184373745603,6.092903506796882,-0.03654610538099007,-0.8520321299377918,-0.5227846526651998,0.271762659525096,0.12107098989176696,-0.43092150423462217,0.1337941108087766,-1.1772331307359334,0.15452228224617864,-0.024233627528271014,1.4027128587015358,0.2559842024359846,A,B,
1492,2,-1.2472641270671163,-0.09927967387694364,-0.319826191504541,-0.015607507731503201,-1.1539573775359102,3.48605798725666,0.12181492133879918,-0.3563129880455513,0.5251669145645766,6.826394015478094,0.28400146322482456,-5.477651563240537,-6.9917835237712955,0.14154943078553692,0.3295087123887343,0.5042276267717349,-0.2435070148847177,-0.06813527227023271,-0.41190799758464325,-0.06918984915940403,-0.046459285799730646,0.04778491089314417,0.31955247216912713,-1.7057332741951523,-0.4810399702298296,F,A,C
1493,0,,0.6547507530547156,-0.2536702185096594,-0.12217261574984133,3.363578763044414,-6.092497428898492,1.8645821268283862,1.613188927753157,1.3891745919939573,22.715408555375152,0.0717643301612835,7.525094322888263,6.715056401652489,0.7272373857073381,-0.7923972409897321,1.4037953860606753,0.2827638111794512,-0.06444627045682008,-0.5278450530638773,0.5817309060248218,-4.391609340042956,0.31153059194058647,0.016102864122860598,,0.40876379349289815,C,D,B
1494,4,0.48096910383641533,-0.14375744373238072,0.15219829915815367,0.0358041525869976,1.208057065869413,-7.260155042193996,1.5703833380076164,-0.37419854029732086,0.4268177667831372,15.579918125843106,0.5131621172976527,-3.133971694586774,-3.161991617110182,-0.26767131539060457,-1.1913705972191089,-1.556314132302359,0.42091364826364513,0.015131753119603594,0.1821014342608851,-0.009923561528950953,0.7019810734568912,0.061427946723738684,0.6536326542106614,-5.230036985403768,0.40311986980582865,B,A,A
1495,2,5.985348817532606,-0.09390577296928014,-0.03588460204680197,0.008801186767184449,0.40137507291640956,-3.379367753272254,-1.1462173049641464,-1.2948609887645608,0.13834409496098218,-4.911514399742805,-0.17973657696302245,4.970958800785937,-9.985006283138052,0.3357952764541069,0.3806874088508655,0.6175947935366382,0.18376734540490694,-0.0742932938821456,-0.2308261455371174,-0.018007516325262055,0.5235258913574546,0.19534785975967248,0.012657146617455243,-0.7301056907259772,0.2830292521258737,D,,
1496,3,1.609614086856957,0.047127569557302976,-0.5420818390338451,0.04766425500732227,1.2738564619349095,-2.6354986522285015,1.6882735557454238,0.07789526159821332,,-19.206880263628957,-0.5289488341814153,2.3771377415581485,6.778026324236825,-0.11995374228768743,-0.3714512393831182,-0.11357767435127986,1.072558534921234,,-0.27345636424978964,-0.2900241522179494,-2.0119863189086966,0.07458228554365678,0.6270755490262144,-5.2134041593497535,-0.10757718253945221,F,A,
1497,1,-1.4247390705823617,-0.12085998085650523,-0.04077873256425395,0.1554521502111001,0.7033629511131201,-1.0975236931699137,-0.38303268598431045,1.9761405668559917,-0.0843435817695223,1.2391935463027373,0.17702052888069508,11.008019309999181,8.699768131532192,0.5546963895522536,1.998330909938158,-1.8022637647631452,-0.1985001320531856,-0.0031244453622104457,-0.3506714028155109,-0.2896440166146426,0.03612687474850399,0.214044730958935,-0.7186792896192616,2.2845936104355715,-0.7526921192537785,E,B,
1498,2,3.3106423328636034,0.1315109078527325,-0.11406942275660772,0.09005695186613344,-0.966100326839506,4.25137435303547,-0.5061250727454164,0.07739774793635021,4.021498141400488,,0.16559282908505826,10.303926635852187,3.967763478764662,0.1426948112609756,0.8028723461379323,-0.10707904266508189,0.3831981118867477,0.20909501817281942,0.7508919268661358,0.18534557928729542,0.16979615047938926,-0.20986073344053421,-0.03408234493777726,-1.2762134758141774,-0.556023826335298,D,C,E
1499,3,2.7977354746769865,0.39559268365973027,0.18619712352715925,0.10535373893356328,0.017613699515094523,6.078286268331468,0.6961601000170345,0.3717218396163038,1.2052739209826735,20.017882316174283,-0.5106652047666325,12.142488888667113,-14.650377463768612,0.3274039734251774,-0.048492845491986986,-1.9583925220476062,-0.8561835665032047,-0.11580651069195962,0.3219868822753038,0.43548830382605735,2.318567120756639,0.1253974784245398,-0.1830100471901766,-4.086280582276707,-0.6525434531321472,E,D,A
